clade	axis	N_threshold	pairs_used	namespace	top_term	top_term_hits_[k]	foreground_size_[n]	top_term_bg_hits_[K]	background_size_[N]	top_term_fold_enrichment	top_q_value	n_families	foreground_raw_geneids	n_terms_tested	n_hits_q05	n_hits_q25
Ctenophora	stability	10	10	all	GO:1990351	2	20	2	2290	114.5	0.0031897378958825966	20	20	44	6	28
Ctenophora	stability	10	10	BP	GO:0006941	2	20	13	2290	17.615384615384617	0.021349018115035916	20	20	8	2	6
Ctenophora	stability	10	10	MF	GO:0004198	2	20	4	2290	57.25	0.002152072072467691	20	20	10	4	8
Ctenophora	stability	10	10	CC	GO:1990351	2	20	2	2290	114.5	0.0018848451202942618	20	20	26	1	9
Ctenophora	closeness	10	10	all	GO:0015914	3	20	10	2290	34.35	0.0022110683141913453	20	20	61	18	42
Ctenophora	closeness	10	10	BP	GO:0015914	3	20	10	2290	34.35	0.0009871812706649073	20	20	15	6	11
Ctenophora	closeness	10	10	MF	GO:0051864	2	20	3	2290	76.33333333333334	0.001947073398540722	20	20	18	6	15
Ctenophora	closeness	10	10	CC	GO:1990351	2	20	2	2290	114.5	0.0020298332064707433	20	20	28	6	16
Ctenophora	intersection	10	7	all	GO:1990351	2	14	2	2290	163.57142857142856	0.0013193915842033988	14	14	38	11	29
Ctenophora	intersection	10	7	BP	GO:0006941	2	14	13	2290	25.16483516483516	0.009120725223640849	14	14	7	4	7
Ctenophora	intersection	10	7	MF	GO:0004198	2	14	4	2290	81.78571428571428	0.0008274831860496879	14	14	8	6	7
Ctenophora	intersection	10	7	CC	GO:1990351	2	14	2	2290	163.57142857142856	0.0007985791167546888	14	14	23	2	15
Ctenophora	stability	25	25	all	GO:0003735	5	49	42	2290	5.5636540330417885	0.021700439811286953	50	49	116	30	58
Ctenophora	stability	25	25	BP	GO:0006941	3	49	13	2290	10.784929356357926	0.022523559942059908	50	49	43	13	27
Ctenophora	stability	25	25	MF	GO:0003735	5	49	42	2290	5.5636540330417885	0.016514908220397674	50	49	29	7	17
Ctenophora	stability	25	25	CC	GO:0005802	6	49	44	2290	6.37291280148423	0.0098713993830303	50	49	44	11	18
Ctenophora	closeness	25	25	all	GO:0005730	12	49	161	2290	3.4833312206870324	0.005638099059872917	50	50	124	31	55
Ctenophora	closeness	25	25	BP	GO:0042274	5	49	22	2290	10.62152133580705	0.0030666022262240897	50	50	42	14	25
Ctenophora	closeness	25	25	MF	GO:0003735	6	49	42	2290	6.676384839650146	0.006565878346021268	50	50	32	8	23
Ctenophora	closeness	25	25	CC	GO:0005730	12	49	161	2290	3.4833312206870324	0.004546854080542675	50	50	50	9	15
Ctenophora	intersection	25	20	all	GO:0003735	5	40	42	2290	6.815476190476191	0.009712294035847243	40	40	99	23	52
Ctenophora	intersection	25	20	BP	GO:0015914	3	40	10	2290	17.175	0.012206610000995882	40	40	33	10	23
Ctenophora	intersection	25	20	MF	GO:0003735	5	40	42	2290	6.815476190476191	0.007946422392965927	40	40	27	6	18
Ctenophora	intersection	25	20	CC	GO:0005730	10	40	161	2290	3.5559006211180124	0.005836302959885738	40	40	39	8	11
Ctenophora	stability	61	61	all	GO:0006941	5	113	13	2290	7.794417971409121	0.017125247721202556	116	114	273	7	110
Ctenophora	stability	61	61	BP	GO:1901740	5	113	11	2290	9.21158487530169	0.010439801640859564	116	114	107	3	44
Ctenophora	stability	61	61	MF	GO:0003735	7	113	42	2290	3.3775811209439532	0.0967246414901026	116	114	69	0	31
Ctenophora	stability	61	61	CC	GO:0022625	5	113	13	2290	7.794417971409121	0.012169589955726359	116	114	97	8	30
Ctenophora	closeness	61	61	all	GO:0002092	3	119	4	2290	14.432773109243698	0.05042601920297341	122	120	287	0	129
Ctenophora	closeness	61	61	BP	GO:0002092	3	119	4	2290	14.432773109243698	0.06272504827686937	122	120	119	0	55
Ctenophora	closeness	61	61	MF	GO:0003723	29	119	339	2290	1.6462160085273045	0.07873964198634291	122	120	63	0	30
Ctenophora	closeness	61	61	CC	GO:0005730	19	119	161	2290	2.2709953546636044	0.027672815416265897	122	120	105	10	41
Ctenophora	intersection	61	52	all	GO:0002092	3	101	4	2290	17.004950495049503	0.07996283726423467	104	102	249	0	115
Ctenophora	intersection	61	52	BP	GO:0002092	3	101	4	2290	17.004950495049503	0.03163142096440747	104	102	98	4	53
Ctenophora	intersection	61	52	MF	GO:0003735	6	101	42	2290	3.239038189533239	0.08042168504111669	104	102	59	0	28
Ctenophora	intersection	61	52	CC	GO:0005802	7	101	44	2290	3.6071107110711074	0.08062196147367597	104	102	92	0	42
Ctenophora	stability	150	150	all	GO:0003723	66	269	339	2290	1.657400401355397	0.0034134195838562654	273	270	715	6	233
Ctenophora	stability	150	150	BP	GO:0006413	12	269	30	2290	3.4052044609665426	0.013353582449785231	273	270	353	2	124
Ctenophora	stability	150	150	MF	GO:0003723	66	269	339	2290	1.657400401355397	0.0007590681312351694	273	270	159	2	53
Ctenophora	stability	150	150	CC	GO:0022626	15	269	41	2290	3.114516275274277	0.00574299468857519	273	270	203	2	42
Ctenophora	closeness	150	150	all	GO:0042274	12	273	22	2290	4.5754245754245755	0.0010122004292211488	277	274	720	9	240
Ctenophora	closeness	150	150	BP	GO:0042274	12	273	22	2290	4.5754245754245755	0.0004920418753158362	277	274	350	7	126
Ctenophora	closeness	150	150	MF	GO:0003723	62	273	339	2290	1.534139410245605	0.010838135570797564	277	274	166	2	58
Ctenophora	closeness	150	150	CC	GO:0032040	11	273	21	2290	4.393860108145823	0.0013674105590028038	277	274	204	4	45
Ctenophora	intersection	150	126	all	GO:0022626	14	230	41	2290	3.399787910922588	0.006730747412384725	233	231	631	17	229
Ctenophora	intersection	150	126	BP	GO:0042274	10	230	22	2290	4.525691699604742	0.005722851607191434	233	231	304	9	121
Ctenophora	intersection	150	126	MF	GO:0003723	55	230	339	2290	1.6153648839297166	0.011101012877088024	233	231	146	4	53
Ctenophora	intersection	150	126	CC	GO:0022626	14	230	41	2290	3.399787910922588	0.0038613796565503495	233	231	181	10	46
Ctenophora	stability	371	371	all	GO:0005730	55	523	161	2290	1.49578993622555	0.10698994725797592	533	527	1272	0	32
Ctenophora	stability	371	371	BP	GO:0006457	20	523	43	2290	2.0365512028102626	0.13314349192020045	533	527	666	0	4
Ctenophora	stability	371	371	MF	GO:0003723	100	523	339	2290	1.291618019481435	0.14462303931429685	533	527	301	0	6
Ctenophora	stability	371	371	CC	GO:0005829	244	523	913	2290	1.1701804611109135	0.030560080243728038	533	527	305	5	28
Ctenophora	closeness	371	371	all	GO:1901740	9	553	11	2290	3.388130856485287	0.11843171324304813	562	555	1313	0	21
Ctenophora	closeness	371	371	BP	GO:1901740	9	553	11	2290	3.388130856485287	0.06268853061989219	562	555	695	0	5
Ctenophora	closeness	371	371	MF	GO:0003723	106	553	339	2290	1.2948412253890018	0.2162709621360432	562	555	295	0	1
Ctenophora	closeness	371	371	CC	GO:0005634	266	553	965	2290	1.141470453203909	0.07813128910703011	562	555	323	0	11
Ctenophora	intersection	371	192	all	GO:0005829	168	334	913	2290	1.2616169632257939	0.008453604866798385	339	335	886	12	218
Ctenophora	intersection	371	192	BP	GO:0042274	12	334	22	2290	3.7397931409907454	0.005484996899324401	339	335	438	5	125
Ctenophora	intersection	371	192	MF	GO:0048027	5	334	6	2290	5.713572854291417	0.07064728699447191	339	335	208	0	51
Ctenophora	intersection	371	192	CC	GO:0005829	168	334	913	2290	1.2616169632257939	0.0045798310790781315	339	335	240	8	58
Ctenophora	stability	914	914	all	GO:0003723	167	930	339	2290	1.2130237574142797	0.2659760629041421	949	936	2205	0	0
Ctenophora	stability	914	914	BP	GO:0000027	3	930	4	2290	1.846774193548387	0.4983262019457491	949	936	1276	0	0
Ctenophora	stability	914	914	MF	GO:0003723	167	930	339	2290	1.2130237574142797	0.07568014394277765	949	936	486	0	3
Ctenophora	stability	914	914	CC	GO:0005829	409	930	913	2290	1.1030750568255427	0.11742133327616322	949	936	443	0	9
Ctenophora	closeness	914	914	all	GO:0005524	125	956	225	2290	1.3307763830776382	0.012009835601497721	974	962	2154	2	10
Ctenophora	closeness	914	914	BP	GO:0006099	13	956	13	2290	2.3953974895397487	0.013738270623068887	974	962	1232	1	4
Ctenophora	closeness	914	914	MF	GO:0005524	125	956	225	2290	1.3307763830776382	0.0036949256869124535	974	962	473	2	4
Ctenophora	closeness	914	914	CC	GO:0005730	88	956	161	2290	1.3092855843447075	0.09257225731082858	974	962	449	0	5
Ctenophora	intersection	914	342	all	GO:0032040	14	512	21	2290	2.9817708333333335	0.021295409687287443	521	515	1330	4	278
Ctenophora	intersection	914	342	BP	GO:0042274	14	512	22	2290	2.8462357954545454	0.025056603970514707	521	515	714	1	155
Ctenophora	intersection	914	342	MF	GO:0046961	6	512	6	2290	4.47265625	0.036139015058113816	521	515	296	1	16
Ctenophora	intersection	914	342	CC	GO:0032040	14	512	21	2290	2.9817708333333335	0.005123707593933821	521	515	320	4	65
Ctenophora	stability	2256	2256	all	GO:0005524	173	1336	225	2290	1.3179308050565537	1.9954016736834214e-06	1361	1344	2881	5	8
Ctenophora	stability	2256	2256	BP	GO:0000027	4	1336	4	2290	1.7140718562874253	0.712963949413534	1361	1344	1701	0	0
Ctenophora	stability	2256	2256	MF	GO:0005524	173	1336	225	2290	1.3179308050565537	4.446538960446916e-07	1361	1344	642	5	8
Ctenophora	stability	2256	2256	CC	GO:0005634	614	1336	965	2290	1.090611523067854	0.003722767416558396	1361	1344	538	2	8
Ctenophora	closeness	2256	2256	all	GO:0005524	172	1342	225	2290	1.304454379864216	8.324199293666583e-06	1365	1349	2869	6	19
Ctenophora	closeness	2256	2256	BP	GO:0060271	57	1342	71	2290	1.369933460674629	0.12531395974196727	1365	1349	1700	0	1
Ctenophora	closeness	2256	2256	MF	GO:0005524	172	1342	225	2290	1.304454379864216	1.8279001585953111e-06	1365	1349	630	3	6
Ctenophora	closeness	2256	2256	CC	GO:0005930	62	1342	78	2290	1.3563758645725859	0.026035151661095362	1365	1349	539	4	14
Ctenophora	intersection	2256	891	all	GO:0003723	171	919	339	2290	1.2569453137789248	0.04207756315922389	937	925	2075	1	9
Ctenophora	intersection	2256	891	BP	GO:0000027	4	919	4	2290	2.4918389553862896	0.5175789094023354	937	925	1180	0	0
Ctenophora	intersection	2256	891	MF	GO:0003723	171	919	339	2290	1.2569453137789248	0.009226646379492469	937	925	455	1	1
Ctenophora	intersection	2256	891	CC	GO:0005929	55	919	92	2290	1.489686332024412	0.03564267925682363	937	925	440	1	13
Ctenophora	stability	5567	5567	all	GO:0005524	199	1522	225	2290	1.3307344137830341	5.520368803343916e-12	1547	1530	3158	7	30
Ctenophora	stability	5567	5567	BP	GO:0000398	37	1522	41	2290	1.3578090445819044	0.16861232297745016	1547	1530	1881	0	6
Ctenophora	stability	5567	5567	MF	GO:0005524	199	1522	225	2290	1.3307344137830341	1.230633197452222e-12	1547	1530	704	8	10
Ctenophora	stability	5567	5567	CC	GO:0005930	71	1522	78	2290	1.3695710771926277	0.0001553908657479849	1547	1530	573	8	18
Ctenophora	closeness	5567	5567	all	GO:0005524	199	1522	225	2290	1.3307344137830341	5.520368803343916e-12	1547	1530	3158	7	30
Ctenophora	closeness	5567	5567	BP	GO:0000398	37	1522	41	2290	1.3578090445819044	0.16861232297745016	1547	1530	1881	0	6
Ctenophora	closeness	5567	5567	MF	GO:0005524	199	1522	225	2290	1.3307344137830341	1.230633197452222e-12	1547	1530	704	8	10
Ctenophora	closeness	5567	5567	CC	GO:0005930	71	1522	78	2290	1.3695710771926277	0.0001553908657479849	1547	1530	573	8	18
Ctenophora	intersection	5567	5567	all	GO:0005524	199	1522	225	2290	1.3307344137830341	5.520368803343916e-12	1547	1530	3158	7	30
Ctenophora	intersection	5567	5567	BP	GO:0000398	37	1522	41	2290	1.3578090445819044	0.16861232297745016	1547	1530	1881	0	6
Ctenophora	intersection	5567	5567	MF	GO:0005524	199	1522	225	2290	1.3307344137830341	1.230633197452222e-12	1547	1530	704	8	10
Ctenophora	intersection	5567	5567	CC	GO:0005930	71	1522	78	2290	1.3695710771926277	0.0001553908657479849	1547	1530	573	8	18
