clade	axis	N_threshold	pairs_used	namespace	foreground_size_[n]	n_families	n_terms_tested	n_hits_q05	n_hits_q25	top_term	top_term_fold_enrichment	top_term_hits_[k]	top_term_bg_hits_[K]	top_q_value
Deuterostomia	stability	10	10	all	17	17	33	1	20	GO:0000077	33.67647058823529	2	8	0.04670379538936735
Deuterostomia	stability	10	10	BP	17	17	7	3	7	GO:0000077	33.67647058823529	2	8	0.00990686568865368
Deuterostomia	stability	10	10	MF	17	17	11	0	6	GO:0043022	11.713554987212277	2	23	0.13174800704117556
Deuterostomia	stability	10	10	CC	17	17	15	0	0	GO:0000785	2.658668730650155	3	152	0.29485872151606557
Deuterostomia	closeness	10	10	all	20	20	39	4	25	GO:0006364	16.357142857142858	4	28	0.0029578695680127615
Deuterostomia	closeness	10	10	BP	20	20	8	7	8	GO:0006364	16.357142857142858	4	28	0.0006067424754897972
Deuterostomia	closeness	10	10	MF	20	20	11	0	6	GO:0003684	13.47058823529412	2	17	0.07336018986252145
Deuterostomia	closeness	10	10	CC	20	20	20	2	6	GO:0043226	38.16666666666667	2	6	0.021295757923370823
Deuterostomia	intersection	10	5	all	10	10	21	0	14	GO:0003682	6.361111111111111	3	108	0.0614414228010811
Deuterostomia	intersection	10	5	BP	10	10	4	4	4	GO:0006325	14.774193548387096	2	31	0.014922402999108991
Deuterostomia	intersection	10	5	MF	10	10	4	1	4	GO:0003682	6.361111111111111	3	108	0.03842065066784726
Deuterostomia	intersection	10	5	CC	10	10	13	0	4	GO:0000785	4.519736842105263	3	152	0.10547661721456637
Deuterostomia	stability	20	20	all	35	35	70	23	50	GO:0006364	11.683673469387754	5	28	0.003318222673179992
Deuterostomia	stability	20	20	BP	35	35	24	13	20	GO:0006364	11.683673469387754	5	28	0.001137676345090283
Deuterostomia	stability	20	20	MF	35	35	19	3	11	GO:0008173	21.80952380952381	2	6	0.03112566264194276
Deuterostomia	stability	20	20	CC	35	35	27	8	18	GO:0032040	12.462585034013607	4	21	0.004927225402564551
Deuterostomia	closeness	20	20	all	38	39	79	12	45	GO:0003743	9.642105263157895	4	25	0.012580641585115435
Deuterostomia	closeness	20	20	BP	38	39	28	4	22	GO:0006264	40.175438596491226	2	3	0.013898317566142614
Deuterostomia	closeness	20	20	MF	38	39	17	2	7	GO:0003743	9.642105263157895	4	25	0.010806624919824469
Deuterostomia	closeness	20	20	CC	38	39	34	8	14	GO:0032991	3.9302059496567505	9	138	0.007942018993797921
Deuterostomia	intersection	20	9	all	18	18	37	3	25	GO:0006264	84.81481481481481	2	3	0.006449613845166893
Deuterostomia	intersection	20	9	BP	18	18	8	6	8	GO:0006264	84.81481481481481	2	3	0.0013945111016577065
Deuterostomia	intersection	20	9	MF	18	18	11	0	6	GO:0003743	10.177777777777777	2	25	0.17306726296702293
Deuterostomia	intersection	20	9	CC	18	18	18	2	10	GO:0032991	4.6095008051529796	5	138	0.030108640475532827
Deuterostomia	stability	41	41	all	69	69	190	41	108	GO:0001568	33.188405797101446	2	2	0.011338068338986481
Deuterostomia	stability	41	41	BP	69	69	73	25	52	GO:0001568	33.188405797101446	2	2	0.008167884757361972
Deuterostomia	stability	41	41	MF	69	69	54	11	31	GO:0030983	33.188405797101446	2	2	0.00966719511008321
Deuterostomia	stability	41	41	CC	69	69	63	7	23	GO:0032301	33.188405797101446	2	2	0.028195985737742697
Deuterostomia	closeness	41	41	all	77	78	192	30	96	GO:0001568	29.74025974025974	2	2	0.014290025773531506
Deuterostomia	closeness	41	41	BP	77	78	74	12	49	GO:0001568	29.74025974025974	2	2	0.011802030214747003
Deuterostomia	closeness	41	41	MF	77	78	54	20	31	GO:0030983	29.74025974025974	2	2	0.01004767437201434
Deuterostomia	closeness	41	41	CC	77	78	64	2	13	GO:0032991	2.801618671183889	13	138	0.03268788774713954
Deuterostomia	intersection	41	20	all	39	39	92	33	64	GO:0001568	58.717948717948715	2	2	0.0023646238781849936
Deuterostomia	intersection	41	20	BP	39	39	23	16	21	GO:0001568	58.717948717948715	2	2	0.0013005431330017465
Deuterostomia	intersection	41	20	MF	39	39	36	16	26	GO:0030983	58.717948717948715	2	2	0.002035632729915777
Deuterostomia	intersection	41	20	CC	39	39	33	1	11	GO:0032301	58.717948717948715	2	2	0.009329983345447311
Deuterostomia	stability	84	84	all	146	147	347	0	135	GO:0000077	7.842465753424657	4	8	0.056056896377373044
Deuterostomia	stability	84	84	BP	146	147	149	16	91	GO:0070475	15.684931506849315	3	3	0.0378732280900218
Deuterostomia	stability	84	84	MF	146	147	87	0	38	GO:0030983	15.684931506849313	2	2	0.050195038954625924
Deuterostomia	stability	84	84	CC	146	147	111	0	18	GO:0031616	11.763698630136986	3	4	0.1075646446489302
Deuterostomia	closeness	84	84	all	154	155	388	38	173	GO:0003743	5.948051948051948	10	25	0.0007484769844842168
Deuterostomia	closeness	84	84	BP	154	155	172	20	104	GO:0002183	7.435064935064935	6	12	0.00806771915787977
Deuterostomia	closeness	84	84	MF	154	155	104	12	53	GO:0003743	5.948051948051948	10	25	0.00020062269687205812
Deuterostomia	closeness	84	84	CC	154	155	112	4	18	GO:0005852	8.922077922077923	6	10	0.0007896125486672802
Deuterostomia	intersection	84	39	all	74	74	192	30	102	GO:0001568	30.945945945945947	2	2	0.013191168699351469
Deuterostomia	intersection	84	39	BP	74	74	73	17	50	GO:0001568	30.945945945945947	2	2	0.010747269141212693
Deuterostomia	intersection	84	39	MF	74	74	55	13	30	GO:0030983	30.945945945945947	2	2	0.00944680050083764
Deuterostomia	intersection	84	39	CC	74	74	64	3	19	GO:0070461	18.56756756756757	3	5	0.019800648583736997
Deuterostomia	stability	170	170	all	267	269	666	0	130	GO:0001530	8.576779026217228	3	3	0.13064287193621427
Deuterostomia	stability	170	170	BP	267	269	326	0	80	GO:0010498	3.4307116104868918	10	25	0.08468943263104631
Deuterostomia	stability	170	170	MF	267	269	159	0	50	GO:0001530	8.576779026217228	3	3	0.0831720385900223
Deuterostomia	stability	170	170	CC	267	269	181	0	10	GO:0005759	2.0702570063282963	21	87	0.0729141425240625
Deuterostomia	closeness	170	170	all	290	292	792	0	184	GO:0003743	3.486505190311419	11	25	0.06838221828731676
Deuterostomia	closeness	170	170	BP	290	292	399	0	134	GO:0006396	2.8814092481912548	12	33	0.07833289823189052
Deuterostomia	closeness	170	170	MF	290	292	183	1	60	GO:0003743	3.486505190311419	11	25	0.01705087853834299
Deuterostomia	closeness	170	170	CC	290	292	210	3	21	GO:0005852	4.7543252595155705	6	10	0.03626329757660738
Deuterostomia	intersection	170	82	all	147	148	406	34	218	GO:0001530	15.578231292517005	3	3	0.03447853644186817
Deuterostomia	intersection	170	82	BP	147	148	179	18	116	GO:0010498	4.985034013605442	8	25	0.018120666287634892
Deuterostomia	intersection	170	82	MF	147	148	97	10	44	GO:0001530	15.578231292517005	3	3	0.025169386620790886
Deuterostomia	intersection	170	82	CC	147	148	130	1	29	GO:0032991	2.257714680074929	20	138	0.044159701846727704
Deuterostomia	stability	344	344	all	471	475	1173	0	0	GO:0000027	3.6542553191489358	3	4	0.306380811208134
Deuterostomia	stability	344	344	BP	471	475	616	0	0	GO:0000027	3.6542553191489358	3	4	0.281567361025037
Deuterostomia	stability	344	344	MF	471	475	279	0	0	GO:0001530	4.872340425531915	3	3	0.3087521797159369
Deuterostomia	stability	344	344	CC	471	475	278	0	0	GO:0005686	3.480243161094225	5	7	0.2656938763868966
Deuterostomia	closeness	344	344	all	512	515	1237	0	0	GO:0000027	3.3610567514677103	3	4	0.35306536966228746
Deuterostomia	closeness	344	344	BP	512	515	651	0	0	GO:0010498	2.3303326810176124	13	25	0.34102363319357903
Deuterostomia	closeness	344	344	MF	512	515	288	0	0	GO:0000268	4.481409001956947	2	2	0.3364512315512404
Deuterostomia	closeness	344	344	CC	512	515	298	0	0	GO:0000221	4.481409001956947	3	3	0.32960047394288516
Deuterostomia	intersection	344	160	all	261	264	672	1	178	GO:0010498	3.8753846153846156	11	25	0.022936835013694975
Deuterostomia	intersection	344	160	BP	261	264	326	1	106	GO:0010498	3.8753846153846156	11	25	0.01112709555723893
Deuterostomia	intersection	344	160	MF	261	264	159	0	45	GO:0001530	8.807692307692308	3	3	0.12015449984321051
Deuterostomia	intersection	344	160	CC	261	264	187	0	11	GO:0005759	1.8222811671087533	18	87	0.21891137664461524
Deuterostomia	stability	698	698	all	779	785	1785	0	0	GO:0000027	2.2075835475578405	3	4	0.4777338118350267
Deuterostomia	stability	698	698	BP	779	785	993	0	0	GO:0000027	2.2075835475578405	3	4	0.4748907066316553
Deuterostomia	stability	698	698	MF	779	785	400	0	0	GO:0000146	1.9622964867180805	4	6	0.42749783994860147
Deuterostomia	stability	698	698	CC	779	785	392	0	0	GO:0071013	1.9622964867180805	16	24	0.4024497745570259
Deuterostomia	closeness	698	698	all	842	849	1860	0	0	GO:0000027	2.0422116527942924	3	4	0.5783906569543021
Deuterostomia	closeness	698	698	BP	842	849	1030	0	0	GO:0008203	2.72294887039239	8	8	0.3336835876962208
Deuterostomia	closeness	698	698	MF	842	849	421	0	0	GO:0000217	2.72294887039239	2	2	0.5247996123999435
Deuterostomia	closeness	698	698	CC	842	849	409	0	0	GO:0000139	1.2198810939357907	56	125	0.6662694280185527
Deuterostomia	intersection	698	400	all	566	572	1405	0	2	GO:0071013	2.5331858407079646	15	24	0.12164031514523586
Deuterostomia	intersection	698	400	BP	566	572	770	0	0	GO:0008203	3.5464601769911503	7	8	0.26203043104458523
Deuterostomia	intersection	698	400	MF	566	572	318	0	0	GO:0000217	4.053097345132743	2	2	0.3790558649645925
Deuterostomia	intersection	698	400	CC	566	572	317	1	1	GO:0071013	2.5331858407079646	15	24	0.027444825552341474
Deuterostomia	stability	1416	1416	all	1170	1177	2438	0	0	GO:0000027	1.9589392643284858	4	4	0.7879065999709332
Deuterostomia	stability	1416	1416	BP	1170	1177	1411	0	0	GO:0000027	1.9589392643284858	4	4	0.7887096889754701
Deuterostomia	stability	1416	1416	MF	1170	1177	537	0	0	GO:0005524	1.201482748788138	138	225	0.3788515756780884
Deuterostomia	stability	1416	1416	CC	1170	1177	490	0	0	GO:0000139	1.222378100940975	78	125	0.5580942093171338
Deuterostomia	closeness	1416	1416	all	1170	1177	2438	0	0	GO:0000027	1.9589392643284858	4	4	0.7879065999709332
Deuterostomia	closeness	1416	1416	BP	1170	1177	1411	0	0	GO:0000027	1.9589392643284858	4	4	0.7887096889754701
Deuterostomia	closeness	1416	1416	MF	1170	1177	537	0	0	GO:0005524	1.201482748788138	138	225	0.3788515756780884
Deuterostomia	closeness	1416	1416	CC	1170	1177	490	0	0	GO:0000139	1.222378100940975	78	125	0.5580942093171338
Deuterostomia	intersection	1416	1416	all	1170	1177	2438	0	0	GO:0000027	1.9589392643284858	4	4	0.7879065999709332
Deuterostomia	intersection	1416	1416	BP	1170	1177	1411	0	0	GO:0000027	1.9589392643284858	4	4	0.7887096889754701
Deuterostomia	intersection	1416	1416	MF	1170	1177	537	0	0	GO:0005524	1.201482748788138	138	225	0.3788515756780884
Deuterostomia	intersection	1416	1416	CC	1170	1177	490	0	0	GO:0000139	1.222378100940975	78	125	0.5580942093171338
