clade	axis	N_threshold	pairs_used	namespace	foreground_size_[n]	background_size_[N]	n_families	foreground_raw_geneids	n_terms_tested	n_hits_q05	n_hits_q25	top_term	top_term_fold_enrichment	top_term_hits_[k]	top_term_bg_hits_[K]	top_q_value
Mollusca	stability	10	10	all	19	2290	20	20	38	5	26	GO:0044458	34.43609022556391	2	7	0.02539459442050995
Mollusca	stability	10	10	BP	19	2290	20	20	12	7	12	GO:0044458	34.43609022556391	2	7	0.016038691212953652
Mollusca	stability	10	10	MF	19	2290	20	20	6	0	3	GO:0003697	9.642105263157895	2	25	0.10480521510637257
Mollusca	stability	10	10	CC	19	2290	20	20	20	1	11	GO:0071339	40.175438596491226	2	6	0.019188615530725612
Mollusca	closeness	10	10	all	19	2290	20	20	50	9	43	GO:0045893	6.180836707152497	6	117	0.012286492474199327
Mollusca	closeness	10	10	BP	19	2290	20	20	13	12	13	GO:0045893	6.180836707152497	6	117	0.003194488043291825
Mollusca	closeness	10	10	MF	19	2290	20	20	13	0	12	GO:0001228	6.180836707152497	2	39	0.1308884712592571
Mollusca	closeness	10	10	CC	19	2290	20	20	24	1	17	GO:0071339	40.175438596491226	2	6	0.023026338636870734
Mollusca	intersection	10	7	all	13	2290	14	14	27	7	21	GO:0044458	50.329670329670336	2	7	0.008302835077449323
Mollusca	intersection	10	7	BP	13	2290	14	14	8	4	8	GO:0044458	50.329670329670336	2	7	0.004920198564414413
Mollusca	intersection	10	7	MF	13	2290	14	14	4	1	1	GO:0003697	14.092307692307694	2	25	0.03317308273856895
Mollusca	intersection	10	7	CC	13	2290	14	14	15	1	9	GO:0071339	58.71794871794872	2	6	0.006610733497418561
Mollusca	stability	27	27	all	50	2290	53	51	104	1	24	GO:0042119	45.8	2	2	0.04860916362864544
Mollusca	stability	27	27	BP	50	2290	53	51	33	10	27	GO:0042119	45.8	2	2	0.015424061536012496
Mollusca	stability	27	27	MF	50	2290	53	51	29	0	0	GO:0004842	2.907936507936508	4	63	0.4502380312162348
Mollusca	stability	27	27	CC	50	2290	53	51	42	0	0	GO:0071339	15.266666666666667	2	6	0.27836289366651107
Mollusca	closeness	27	27	all	53	2290	54	54	112	0	32	GO:0002115	21.60377358490566	2	4	0.11430150787170636
Mollusca	closeness	27	27	BP	53	2290	54	54	38	0	26	GO:0002115	21.60377358490566	2	4	0.05817130311327913
Mollusca	closeness	27	27	MF	53	2290	54	54	31	0	0	GO:0000976	2.945969125214408	3	44	0.6006848348125042
Mollusca	closeness	27	27	CC	53	2290	54	54	43	0	8	GO:0031258	21.60377358490566	2	4	0.10648526145151553
Mollusca	intersection	27	18	all	35	2290	36	36	74	0	18	GO:0002115	32.714285714285715	2	4	0.08404535494331632
Mollusca	intersection	27	18	BP	35	2290	36	36	23	9	20	GO:0002115	32.714285714285715	2	4	0.03072955594723384
Mollusca	intersection	27	18	MF	35	2290	36	36	20	0	0	GO:0000978	2.7261904761904763	3	72	0.3945741055490946
Mollusca	intersection	27	18	CC	35	2290	36	36	31	0	1	GO:0071339	21.80952380952381	2	6	0.10156795177897111
Mollusca	stability	75	75	all	111	2290	116	113	237	0	7	GO:0042119	20.63063063063063	2	2	0.13801387307046273
Mollusca	stability	75	75	BP	111	2290	116	113	94	0	44	GO:0042119	20.63063063063063	2	2	0.05473967961444513
Mollusca	stability	75	75	MF	111	2290	116	113	61	0	0	GO:0004550	6.876876876876877	2	6	0.286956015662741
Mollusca	stability	75	75	CC	111	2290	116	113	82	0	0	GO:0000151	1.996512641673932	3	31	0.5476736769638595
Mollusca	closeness	75	75	all	140	2290	144	142	317	0	31	GO:0001534	8.178571428571429	2	4	0.20987100434157213
Mollusca	closeness	75	75	BP	140	2290	144	142	128	0	48	GO:0003341	4.9071428571428575	6	20	0.11401310882295568
Mollusca	closeness	75	75	MF	140	2290	144	142	70	0	0	GO:0003725	5.4523809523809526	3	9	0.2503165371959191
Mollusca	closeness	75	75	CC	140	2290	144	142	119	0	0	GO:0001534	8.178571428571429	2	4	0.34890226904734545
Mollusca	intersection	75	27	all	52	2290	54	53	92	1	30	GO:0042119	44.03846153846154	2	2	0.046545754233689646
Mollusca	intersection	75	27	BP	52	2290	54	53	33	3	27	GO:0042119	44.03846153846154	2	2	0.01669575967077998
Mollusca	intersection	75	27	MF	52	2290	54	53	24	0	0	GO:0004842	2.796092796092796	4	63	0.4088658054161713
Mollusca	intersection	75	27	CC	52	2290	54	53	35	0	0	GO:0071339	14.67948717948718	2	6	0.25050459863115726
Mollusca	stability	205	205	all	247	2290	258	252	558	0	0	GO:0005049	5.562753036437248	3	5	0.34043278943737365
Mollusca	stability	205	205	BP	247	2290	258	252	278	0	13	GO:0006656	5.562753036437248	3	5	0.24788613093578823
Mollusca	stability	205	205	MF	247	2290	258	252	120	0	1	GO:0051879	5.150697255960414	5	9	0.14728920439563842
Mollusca	stability	205	205	CC	247	2290	258	252	160	0	0	GO:0000785	1.5248774770935436	25	152	0.4898721687615593
Mollusca	closeness	205	205	all	315	2290	325	321	689	0	0	GO:0003697	2.3263492063492066	8	25	0.3939709583310617
Mollusca	closeness	205	205	BP	315	2290	325	321	345	0	0	GO:0006298	3.634920634920635	4	8	0.2959070695737655
Mollusca	closeness	205	205	MF	315	2290	325	321	142	0	1	GO:0005506	3.634920634920635	7	14	0.1787918605843575
Mollusca	closeness	205	205	CC	315	2290	325	321	202	0	0	GO:0044294	7.269841269841271	3	3	0.5214331209845626
Mollusca	intersection	205	47	all	81	2290	87	85	147	0	19	GO:0042119	28.271604938271604	2	2	0.0660102514962249
Mollusca	intersection	205	47	BP	81	2290	87	85	58	10	40	GO:0042119	28.271604938271604	2	2	0.026044861134564928
Mollusca	intersection	205	47	MF	81	2290	87	85	39	0	0	GO:0000976	1.9276094276094273	3	44	0.6281845190967783
Mollusca	intersection	205	47	CC	81	2290	87	85	50	0	0	GO:0031258	14.135802469135802	2	4	0.35400904043063963
Mollusca	stability	561	561	all	514	2290	530	521	1198	0	0	GO:0000149	2.079118028534371	7	15	0.3897081657389109
Mollusca	stability	561	561	BP	514	2290	530	521	663	0	0	GO:0000423	2.227626459143969	6	12	0.3237990071727406
Mollusca	stability	561	561	MF	514	2290	530	521	254	0	0	GO:0000149	2.079118028534371	7	15	0.44059029623203
Mollusca	stability	561	561	CC	514	2290	530	521	281	0	0	GO:0036126	1.8563553826199741	20	48	0.38522164614836996
Mollusca	closeness	561	561	all	599	2290	614	605	1411	0	0	GO:0000146	2.548692264885921	4	6	0.49506020563745223
Mollusca	closeness	561	561	BP	599	2290	614	605	793	0	0	GO:0000423	1.9115191986644406	6	12	0.44838743344060206
Mollusca	closeness	561	561	MF	599	2290	614	605	299	0	0	GO:0000146	2.548692264885921	4	6	0.42567356663728506
Mollusca	closeness	561	561	CC	599	2290	614	605	319	0	0	GO:0000123	1.6384450274266635	3	7	0.6747184633148723
Mollusca	intersection	561	139	all	198	2290	207	203	465	0	42	GO:0005267	11.565656565656566	2	2	0.1745670288645823
Mollusca	intersection	561	139	BP	198	2290	207	203	216	0	59	GO:0006569	11.565656565656566	2	2	0.10811893400645098
Mollusca	intersection	561	139	MF	198	2290	207	203	106	0	0	GO:0005267	11.565656565656566	2	2	0.2629267371384781
Mollusca	intersection	561	139	CC	198	2290	207	203	143	0	0	GO:0009925	6.93939393939394	3	5	0.39946687884465526
Mollusca	stability	1536	1536	all	1014	2290	1044	1024	2219	0	0	GO:0008104	1.8656204442157618	19	23	0.396010147485926
Mollusca	stability	1536	1536	BP	1014	2290	1044	1024	1312	0	1	GO:0008104	1.8656204442157618	19	23	0.23414389973029964
Mollusca	stability	1536	1536	MF	1014	2290	1044	1024	464	0	0	GO:0000268	2.258382642998028	2	2	0.7329480132947811
Mollusca	stability	1536	1536	CC	1014	2290	1044	1024	443	0	0	GO:0000123	1.2905043674274443	4	7	0.8828681672001244
Mollusca	closeness	1536	1536	all	1028	2290	1054	1037	2198	0	0	GO:0035579	2.0685102834908284	13	14	0.5198683284256111
Mollusca	closeness	1536	1536	BP	1028	2290	1054	1037	1290	0	0	GO:0000045	1.272929405225125	8	14	0.7058171927150478
Mollusca	closeness	1536	1536	MF	1028	2290	1054	1037	478	0	0	GO:0000146	1.4850843060959793	4	6	0.7432785912870468
Mollusca	closeness	1536	1536	CC	1028	2290	1054	1037	430	0	1	GO:0035579	2.0685102834908284	13	14	0.10170308517880473
Mollusca	intersection	1536	477	all	482	2290	497	487	1080	0	0	GO:0000400	3.563278008298755	3	4	0.4153715572692718
Mollusca	intersection	1536	477	BP	482	2290	497	487	586	0	0	GO:0000423	2.7714384508990317	7	12	0.3410317890396713
Mollusca	intersection	1536	477	MF	482	2290	497	487	237	0	0	GO:0000400	3.563278008298755	3	4	0.3882356582089849
Mollusca	intersection	1536	477	CC	482	2290	497	487	257	0	0	GO:0035577	3.023387400980762	7	11	0.6740496380092313
Mollusca	stability	4203	4203	all	1627	2290	1669	1642	3160	0	0	GO:0000027	1.0556238475722188	3	4	0.9625921313981295
Mollusca	stability	4203	4203	BP	1627	2290	1669	1642	1923	0	0	GO:0000027	1.0556238475722188	3	4	0.9575178958427693
Mollusca	stability	4203	4203	MF	1627	2290	1669	1642	665	0	0	GO:0000149	1.1259987707437	12	15	0.958915679890154
Mollusca	stability	4203	4203	CC	1627	2290	1669	1642	572	0	0	GO:0000118	0.9383323089530833	6	9	0.9668357926221597
Mollusca	closeness	4203	4203	all	1655	2290	1696	1670	3224	0	0	GO:0000027	1.0377643504531722	3	4	0.9558839131952265
Mollusca	closeness	4203	4203	BP	1655	2290	1696	1670	1962	0	0	GO:0000050	1.3836858006042296	2	2	0.9488504063197214
Mollusca	closeness	4203	4203	MF	1655	2290	1696	1670	680	0	0	GO:0000149	1.1069486404833837	12	15	0.9484370824245769
Mollusca	closeness	4203	4203	CC	1655	2290	1696	1670	582	0	0	GO:0000118	0.9224572004028198	6	9	0.9704296894911022
Mollusca	intersection	4203	4028	all	1610	2290	1650	1625	3152	0	0	GO:0000027	1.0667701863354038	3	4	0.9600621777044941
Mollusca	intersection	4203	4028	BP	1610	2290	1650	1625	1917	0	0	GO:0000027	1.0667701863354038	3	4	0.9554098129911205
Mollusca	intersection	4203	4028	MF	1610	2290	1650	1625	665	0	0	GO:0000049	1.0040189989039094	12	17	0.9595620370565371
Mollusca	intersection	4203	4028	CC	1610	2290	1650	1625	570	0	0	GO:0000123	1.0159716060337178	5	7	0.961971389471011
Mollusca	stability	11502	11502	all	2108	2290	2168	2126	3825	0	0	GO:0000027	1.086337760910816	4	4	0.9999999997277111
Mollusca	stability	11502	11502	BP	2108	2290	2168	2126	2341	0	0	GO:0000027	1.086337760910816	4	4	0.9999999993842692
Mollusca	stability	11502	11502	MF	2108	2290	2168	2126	809	0	0	GO:0000049	1.022435539680768	16	17	0.9992594706264618
Mollusca	stability	11502	11502	CC	2108	2290	2168	2126	675	0	0	GO:0000118	1.086337760910816	9	9	0.9999999997277113
Mollusca	closeness	11502	11502	all	2108	2290	2168	2126	3825	0	0	GO:0000027	1.086337760910816	4	4	0.9999999997277111
Mollusca	closeness	11502	11502	BP	2108	2290	2168	2126	2341	0	0	GO:0000027	1.086337760910816	4	4	0.9999999993842692
Mollusca	closeness	11502	11502	MF	2108	2290	2168	2126	809	0	0	GO:0000049	1.022435539680768	16	17	0.9992594706264618
Mollusca	closeness	11502	11502	CC	2108	2290	2168	2126	675	0	0	GO:0000118	1.086337760910816	9	9	0.9999999997277113
Mollusca	intersection	11502	11502	all	2108	2290	2168	2126	3825	0	0	GO:0000027	1.086337760910816	4	4	0.9999999997277111
Mollusca	intersection	11502	11502	BP	2108	2290	2168	2126	2341	0	0	GO:0000027	1.086337760910816	4	4	0.9999999993842692
Mollusca	intersection	11502	11502	MF	2108	2290	2168	2126	809	0	0	GO:0000049	1.022435539680768	16	17	0.9992594706264618
Mollusca	intersection	11502	11502	CC	2108	2290	2168	2126	675	0	0	GO:0000118	1.086337760910816	9	9	0.9999999997277113
