clade	axis	N_threshold	pairs_used	namespace	foreground_size	n_families	n_terms_tested	n_hits_q05	n_hits_q25	top_term	top_term_fold	top_term_k	top_term_K	top_q
Vertebrata	stability	5	5	all	10	10	16	4	6	GO:0042555	65.42857142857143	2	7	0.002851034966814739
Vertebrata	stability	5	5	BP	10	10	3	3	3	GO:0006261	65.42857142857143	2	7	0.0009121359830249916
Vertebrata	stability	5	5	MF	10	10	5	0	0	GO:0003682	4.2407407407407405	2	108	0.38130940835329274
Vertebrata	stability	5	5	CC	10	10	8	1	1	GO:0042555	65.42857142857143	2	7	0.002851034966814739
Vertebrata	closeness	5	5	all	10	10	18	4	7	GO:0042555	65.42857142857143	2	7	0.0032074143376665813
Vertebrata	closeness	5	5	BP	10	10	3	3	3	GO:0006261	65.42857142857143	2	7	0.0009121359830249916
Vertebrata	closeness	5	5	MF	10	10	5	0	0	GO:0005515	1.1689637570188873	10	1959	0.25704235212329013
Vertebrata	closeness	5	5	CC	10	10	10	1	2	GO:0042555	65.42857142857143	2	7	0.0035637937085184236
Vertebrata	intersection	5	3	all	6	6	13	4	8	GO:0042555	109.04761904761904	2	7	0.0007766750961806553
Vertebrata	intersection	5	3	BP	6	6	3	3	3	GO:0006261	109.04761904761904	2	7	0.0003065395693789085
Vertebrata	intersection	5	3	MF	6	6	4	0	3	GO:0003682	7.0679012345679	2	108	0.11675703285690388
Vertebrata	intersection	5	3	CC	6	6	6	1	2	GO:0042555	109.04761904761904	2	7	0.0007169308580129126
Vertebrata	stability	10	10	all	20	20	26	4	8	GO:0042555	32.714285714285715	2	7	0.019277636748362602
Vertebrata	stability	10	10	BP	20	20	4	4	4	GO:0006261	32.714285714285715	2	7	0.005031118711275785
Vertebrata	stability	10	10	MF	20	20	7	1	1	GO:0000287	7.633333333333333	3	45	0.04480236492316106
Vertebrata	stability	10	10	CC	20	20	15	1	1	GO:0042555	32.714285714285715	2	7	0.02224342701734146
Vertebrata	closeness	10	10	all	20	20	37	6	19	GO:0006264	76.33333333333334	2	3	0.008004635082889636
Vertebrata	closeness	10	10	BP	20	20	8	7	8	GO:0006264	76.33333333333334	2	3	0.0017307319098139751
Vertebrata	closeness	10	10	MF	20	20	8	0	4	GO:0005515	1.1689637570188873	20	1959	0.12591897780145872
Vertebrata	closeness	10	10	CC	20	20	21	1	6	GO:0042555	32.714285714285715	2	7	0.031140797824278046
Vertebrata	intersection	10	4	all	8	8	16	4	7	GO:0042555	81.78571428571429	2	7	0.0017791624556088236
Vertebrata	intersection	10	4	BP	8	8	3	3	3	GO:0006261	81.78571428571429	2	7	0.0005698746471454977
Vertebrata	intersection	10	4	MF	8	8	5	0	0	GO:0003682	5.300925925925926	2	108	0.2561370442637386
Vertebrata	intersection	10	4	CC	8	8	8	1	2	GO:0042555	81.78571428571429	2	7	0.0017791624556088236
Vertebrata	stability	20	20	all	37	37	56	1	16	GO:0006264	41.26126126126126	2	3	0.04225523284856117
Vertebrata	stability	20	20	BP	37	37	12	5	8	GO:0006264	41.26126126126126	2	3	0.009054692753263108
Vertebrata	stability	20	20	MF	37	37	15	0	2	GO:0000287	5.501501501501502	4	45	0.080333455022295
Vertebrata	stability	20	20	CC	37	37	29	0	1	GO:0042555	17.683397683397683	2	7	0.14703638225350707
Vertebrata	closeness	20	20	all	40	40	83	0	39	GO:1902600	6.60576923076923	3	26	0.05142405442471326
Vertebrata	closeness	20	20	BP	40	40	29	12	20	GO:0006264	38.16666666666667	2	3	0.025605138821779096
Vertebrata	closeness	20	20	MF	40	40	17	0	6	GO:0005515	1.1397396630934151	39	1959	0.20509639777930797
Vertebrata	closeness	20	20	CC	40	40	37	0	14	GO:0042555	16.357142857142858	2	7	0.053668055134836114
Vertebrata	intersection	20	10	all	20	20	39	5	21	GO:0006264	76.33333333333334	2	3	0.008437318060343129
Vertebrata	intersection	20	10	BP	20	20	7	6	7	GO:0006264	76.33333333333334	2	3	0.0015143904210872282
Vertebrata	intersection	20	10	MF	20	20	11	0	8	GO:0042803	3.302884615384615	3	104	0.23174296382870488
Vertebrata	intersection	20	10	CC	20	20	21	1	8	GO:0042555	32.714285714285715	2	7	0.031140797824278046
Vertebrata	stability	50	50	all	87	87	222	8	107	GO:0070475	26.32183908045977	3	3	0.011772055715624553
Vertebrata	stability	50	50	BP	87	87	97	9	68	GO:0070475	26.32183908045977	3	3	0.0051436459658359525
Vertebrata	stability	50	50	MF	87	87	45	0	10	GO:0030620	26.321839080459768	2	2	0.06423162991413219
Vertebrata	stability	50	50	CC	87	87	80	0	29	GO:0005686	11.280788177339902	3	7	0.05167160367086986
Vertebrata	closeness	50	50	all	97	98	182	0	52	GO:0006282	4.770833333333333	4	20	0.1797435862248536
Vertebrata	closeness	50	50	BP	97	98	74	0	39	GO:0006282	4.770833333333333	4	20	0.09135319629559867
Vertebrata	closeness	50	50	MF	97	98	42	0	2	GO:0017128	15.902777777777777	2	3	0.20739644564406184
Vertebrata	closeness	50	50	CC	97	98	66	0	11	GO:0016020	1.3427842163355408	34	604	0.24777042487822276
Vertebrata	intersection	50	26	all	52	52	98	0	23	GO:0005515	1.124003612518161	50	1959	0.13166945410212944
Vertebrata	intersection	50	26	BP	52	52	31	2	17	GO:0045948	22.01923076923077	2	4	0.04569173157965333
Vertebrata	intersection	50	26	MF	52	52	20	0	13	GO:0042803	2.117233727810651	5	104	0.20361100354372155
Vertebrata	intersection	50	26	CC	52	52	47	0	3	GO:0042555	12.582417582417584	2	7	0.17243830334623522
Vertebrata	stability	100	100	all	167	167	423	0	119	GO:0005686	7.8829604130808955	4	7	0.06637225980480164
Vertebrata	stability	100	100	BP	167	167	189	2	92	GO:1903241	9.196787148594378	4	6	0.03539406088888387
Vertebrata	stability	100	100	MF	167	167	94	0	20	GO:0051539	6.2705366922234385	5	11	0.05721887089781314
Vertebrata	stability	100	100	CC	167	167	140	0	10	GO:0005686	7.8829604130808955	4	7	0.05182485978930419
Vertebrata	closeness	100	100	all	187	188	477	0	162	GO:0031047	7.387096774193549	3	5	0.09488724488129645
Vertebrata	closeness	100	100	BP	187	188	229	0	105	GO:0031047	7.387096774193549	3	5	0.07911981789340806
Vertebrata	closeness	100	100	MF	187	188	119	2	40	GO:0070006	12.311827956989248	3	3	0.03141102917761568
Vertebrata	closeness	100	100	CC	187	188	129	0	16	GO:0032991	1.9627551815490105	22	138	0.15963216781735542
Vertebrata	intersection	100	58	all	112	112	274	0	129	GO:0034595	20.63063063063063	2	2	0.0842687569631785
Vertebrata	intersection	100	58	BP	112	112	123	0	86	GO:0031161	20.63063063063063	2	2	0.07162745311251864
Vertebrata	intersection	100	58	MF	112	112	61	0	17	GO:0034595	20.63063063063063	2	2	0.08254647579896754
Vertebrata	intersection	100	58	CC	112	112	90	2	30	GO:0071013	5.157657657657658	6	24	0.046465390224335455
Vertebrata	stability	200	200	all	310	311	728	1	82	GO:0006488	7.411003236245954	5	5	0.03166070132002942
Vertebrata	stability	200	200	BP	310	311	365	1	73	GO:0006488	7.411003236245954	5	5	0.01587384063435541
Vertebrata	stability	200	200	MF	310	311	173	0	35	GO:0000287	2.470334412081985	15	45	0.08332688088478377
Vertebrata	stability	200	200	CC	310	311	190	0	21	GO:0032991	1.7721964260588152	33	138	0.05606895415790873
Vertebrata	closeness	200	200	all	329	330	831	0	102	GO:0005737	1.1780383175614408	177	1049	0.1445284115333977
Vertebrata	closeness	200	200	BP	329	330	423	0	53	GO:0006851	6.9817073170731705	4	4	0.17525058044123495
Vertebrata	closeness	200	200	MF	329	330	199	0	24	GO:0003743	3.0719512195121954	11	25	0.05970218374139999
Vertebrata	closeness	200	200	CC	329	330	209	0	25	GO:0005737	1.1780383175614408	177	1049	0.05452425633660672
Vertebrata	intersection	200	105	all	185	186	476	2	127	GO:0006851	12.445652173913043	4	4	0.019249629214888174
Vertebrata	intersection	200	105	BP	185	186	227	3	99	GO:0006851	12.445652173913043	4	4	0.009179970234831126
Vertebrata	intersection	200	105	MF	185	186	111	0	41	GO:0034595	12.445652173913043	2	2	0.1188391032867112
Vertebrata	intersection	200	105	CC	185	186	138	0	19	GO:1990246	12.445652173913043	3	3	0.07051509445653846
Vertebrata	stability	500	500	all	621	624	1468	0	0	GO:0005739	1.3232881819311544	93	260	0.35289057864947093
Vertebrata	stability	500	500	BP	621	624	778	0	0	GO:0060292	3.6995153473344105	2	2	0.40555467345385643
Vertebrata	stability	500	500	MF	621	624	352	0	0	GO:0019904	1.6346695720779951	19	43	0.3618113311091286
Vertebrata	stability	500	500	CC	621	624	338	0	2	GO:0032991	1.5012526047154129	56	138	0.08629004047612113
Vertebrata	closeness	500	500	all	680	683	1525	0	0	GO:0060292	3.377581120943953	2	2	0.4909508623361405
Vertebrata	closeness	500	500	BP	680	683	826	0	0	GO:0060292	3.377581120943953	2	2	0.49203930921282635
Vertebrata	closeness	500	500	MF	680	683	350	0	0	GO:0140090	3.377581120943953	3	3	0.45743598820064174
Vertebrata	closeness	500	500	CC	680	683	349	0	0	GO:0016020	1.1519564750239308	206	604	0.5186520876451777
Vertebrata	intersection	500	254	all	392	394	961	0	1	GO:0006488	5.871794871794872	5	5	0.13476834822240125
Vertebrata	intersection	500	254	BP	392	394	491	0	5	GO:0006488	5.871794871794872	5	5	0.06885666907096671
Vertebrata	intersection	500	254	MF	392	394	227	0	31	GO:0019904	1.7751937984496122	13	43	0.22654829218315922
Vertebrata	intersection	500	254	CC	392	394	243	0	0	GO:0005737	1.0915157292659676	195	1049	0.3060785040064663
Vertebrata	stability	1000	1000	all	992	1000	2176	1	1	GO:0032991	1.4079929732103647	84	138	0.028418556472781416
Vertebrata	stability	1000	1000	BP	992	1000	1227	0	0	GO:0060292	2.313131313131313	2	2	0.665540303442401
Vertebrata	stability	1000	1000	MF	992	1000	498	0	0	GO:0019904	1.1834625322997416	22	43	0.5804148989484391
Vertebrata	stability	1000	1000	CC	992	1000	451	1	3	GO:0032991	1.4079929732103647	84	138	0.0058900592689450455
Vertebrata	closeness	1000	1000	all	1033	1042	2199	0	0	GO:0000139	1.314917555771096	74	125	0.6117290765866161
Vertebrata	closeness	1000	1000	BP	1033	1042	1242	0	0	GO:0060292	2.221144519883608	2	2	0.7433517298892078
Vertebrata	closeness	1000	1000	MF	1033	1042	502	0	0	GO:0019904	1.188054045519139	23	43	0.663211478013871
Vertebrata	closeness	1000	1000	CC	1033	1042	455	0	3	GO:0000139	1.314917555771096	74	125	0.1265742291254708
Vertebrata	intersection	1000	889	all	944	952	2064	0	1	GO:0032991	1.391658204867842	79	138	0.12540690863106407
Vertebrata	intersection	1000	889	BP	944	952	1153	0	0	GO:0060292	2.430997876857749	2	2	0.6631132137084514
Vertebrata	intersection	1000	889	MF	944	952	473	0	0	GO:0019904	1.18723152125611	21	43	0.5489211089007406
Vertebrata	intersection	1000	889	CC	944	952	438	1	3	GO:0032991	1.391658204867842	79	138	0.02661251258740604
Vertebrata	stability	1373	1373	all	1190	1199	2509	0	0	GO:0016020	1.108350954323047	347	604	0.6897957475515819
Vertebrata	stability	1373	1373	BP	1190	1199	1450	0	0	GO:0060292	1.9292333614153325	2	2	0.7915111414303208
Vertebrata	stability	1373	1373	MF	1190	1199	565	0	0	GO:0019904	1.2113790874003252	27	43	0.7157588389551093
Vertebrata	stability	1373	1373	CC	1190	1199	494	0	5	GO:0016020	1.108350954323047	347	604	0.16976838346476758
Vertebrata	closeness	1373	1373	all	1190	1199	2509	0	0	GO:0016020	1.108350954323047	347	604	0.6897957475515819
Vertebrata	closeness	1373	1373	BP	1190	1199	1450	0	0	GO:0060292	1.9292333614153325	2	2	0.7915111414303208
Vertebrata	closeness	1373	1373	MF	1190	1199	565	0	0	GO:0019904	1.2113790874003252	27	43	0.7157588389551093
Vertebrata	closeness	1373	1373	CC	1190	1199	494	0	5	GO:0016020	1.108350954323047	347	604	0.16976838346476758
Vertebrata	intersection	1373	1373	all	1190	1199	2509	0	0	GO:0016020	1.108350954323047	347	604	0.6897957475515819
Vertebrata	intersection	1373	1373	BP	1190	1199	1450	0	0	GO:0060292	1.9292333614153325	2	2	0.7915111414303208
Vertebrata	intersection	1373	1373	MF	1190	1199	565	0	0	GO:0019904	1.2113790874003252	27	43	0.7157588389551093
Vertebrata	intersection	1373	1373	CC	1190	1199	494	0	5	GO:0016020	1.108350954323047	347	604	0.16976838346476758
