timestamp	elapsed	MaxRSS	AveRSS	MaxVMSize	AveCPU
2026-04-19T05:58:26+02:00	5:00	17298316K	17298292K	0	00:04:48
2026-04-19T05:59:26+02:00	6:00	20887092K	20868784K	0	00:05:46
2026-04-19T06:00:26+02:00	7:00	24261472K	24261432K	0	00:06:44
2026-04-19T06:01:26+02:00	8:00	27662612K	27662372K	0	00:07:42
2026-04-19T06:02:26+02:00	9:00	31114680K	31105084K	0	00:08:40
2026-04-19T06:03:26+02:00	10:00	64608452K	64608280K	0	00:09:39
2026-04-19T06:04:26+02:00	11:00	75305128K	75304876K	0	00:10:39
2026-04-19T06:05:26+02:00	12:00	85988436K	85988204K	0	00:11:39
2026-04-19T06:06:26+02:00	13:00	96680256K	96680004K	0	00:12:38
2026-04-19T06:07:27+02:00	14:01	107332444K	107332260K	0	00:13:38
2026-04-19T06:08:27+02:00	15:01	117977564K	117977312K	0	00:14:37
2026-04-19T06:09:27+02:00	16:01	135665560K	135665312K	0	00:15:37
2026-04-19T06:10:27+02:00	17:01	141908312K	127164744K	0	00:16:36
2026-04-19T06:11:27+02:00	18:01	141908312K	127940392K	0	00:17:36
2026-04-19T06:12:27+02:00	19:01	141908312K	128728848K	0	00:18:36
2026-04-19T06:13:27+02:00	20:01	141908312K	129508040K	0	00:19:35
2026-04-19T06:14:27+02:00	21:01	141908312K	130282704K	0	00:20:35
2026-04-19T06:15:27+02:00	22:01	141908312K	131086936K	0	00:21:34
2026-04-19T06:16:27+02:00	23:01	141908312K	131878196K	0	00:22:34
2026-04-19T06:17:27+02:00	24:01	141908312K	132656816K	0	00:23:33
2026-04-19T06:18:27+02:00	25:01	141908312K	133434344K	0	00:24:33
2026-04-19T06:19:27+02:00	26:01	142041776K	104778832K	0	00:25:33
2026-04-19T06:20:27+02:00	27:01	142041776K	46170848K	0	00:26:32
2026-04-19T06:21:27+02:00	28:01	142041776K	46170848K	0	00:27:32
2026-04-19T06:22:27+02:00	29:01	142041776K	46170852K	0	00:28:31
2026-04-19T06:23:27+02:00	30:01	142041776K	46170852K	0	00:29:31
2026-04-19T06:24:27+02:00	31:01	142041776K	46170852K	0	00:30:31
2026-04-19T06:25:27+02:00	32:01	142041776K	46170852K	0	00:31:31
2026-04-19T06:26:27+02:00	33:01	142041776K	46170852K	0	00:32:30
2026-04-19T06:27:27+02:00	34:01	142041776K	46170852K	0	00:33:30
2026-04-19T06:28:27+02:00	35:01	142041776K	46170852K	0	00:34:30
2026-04-19T06:29:27+02:00	36:01	142041776K	46170852K	0	00:35:29
2026-04-19T06:30:27+02:00	37:01	142041776K	46170852K	0	00:36:29
2026-04-19T06:31:27+02:00	38:01	142041776K	46170852K	0	00:37:29
=== job ended; final sacct ===
JobID             State    Elapsed     MaxRSS     ReqMem        NodeList 
------------ ---------- ---------- ---------- ---------- --------------- 
2633259       COMPLETED   00:38:12                  400G        node-g06 
2633259.bat+  COMPLETED   00:38:12 142041776K                   node-g06 
