row_idx	col_idx	sample	pair	coo_value	gbgz_value	status	outcome
0	0	Syconciliatum-27933-GCF964019385.1	('Simakov2022BCnS_genefamily_11671', 'Simakov2022BCnS_genefamily_8892')	0.0		match_both_missing	True
0	146630	Syconciliatum-27933-GCF964019385.1	('Simakov2022BCnS_genefamily_11624', 'Simakov2022BCnS_genefamily_9359')	0.0		match_both_missing	True
0	293260	Syconciliatum-27933-GCF964019385.1	('Simakov2022BCnS_genefamily_4215', 'Simakov2022BCnS_genefamily_4438')	0.0	7486942.0	mismatch_presence	False
0	439891	Syconciliatum-27933-GCF964019385.1	('Simakov2022BCnS_genefamily_11193', 'Simakov2022BCnS_genefamily_5018')	0.0		match_both_missing	True
0	586521	Syconciliatum-27933-GCF964019385.1	('Simakov2022BCnS_genefamily_2808', 'Simakov2022BCnS_genefamily_7878')	0.0		match_both_missing	True
0	733152	Syconciliatum-27933-GCF964019385.1	('Simakov2022BCnS_genefamily_12918', 'Simakov2022BCnS_genefamily_1705')	0.0	40478063.0	mismatch_presence	False
0	879782	Syconciliatum-27933-GCF964019385.1	('Simakov2022BCnS_genefamily_5534', 'Simakov2022BCnS_genefamily_9113')	0.0	11559749.0	mismatch_presence	False
0	1026413	Syconciliatum-27933-GCF964019385.1	('Simakov2022BCnS_genefamily_4719', 'Simakov2022BCnS_genefamily_9808')	0.0		match_both_missing	True
0	1173043	Syconciliatum-27933-GCF964019385.1	('Simakov2022BCnS_genefamily_353', 'Simakov2022BCnS_genefamily_9085')	0.0	8320805.0	mismatch_presence	False
0	1319674	Syconciliatum-27933-GCF964019385.1	('Simakov2022BCnS_genefamily_4730', 'Simakov2022BCnS_genefamily_4737')	0.0		match_both_missing	True
0	1466304	Syconciliatum-27933-GCF964019385.1	('Simakov2022BCnS_genefamily_5030', 'Simakov2022BCnS_genefamily_5893')	0.0		match_both_missing	True
0	1612935	Syconciliatum-27933-GCF964019385.1	('Simakov2022BCnS_genefamily_11932', 'Simakov2022BCnS_genefamily_12227')	0.0		match_both_missing	True
0	1759565	Syconciliatum-27933-GCF964019385.1	('Simakov2022BCnS_genefamily_3676', 'Simakov2022BCnS_genefamily_5182')	0.0	15306335.0	mismatch_presence	False
0	1906196	Syconciliatum-27933-GCF964019385.1	('Simakov2022BCnS_genefamily_10064', 'Simakov2022BCnS_genefamily_869')	0.0		match_both_missing	True
0	2052826	Syconciliatum-27933-GCF964019385.1	('Simakov2022BCnS_genefamily_3958', 'Simakov2022BCnS_genefamily_9542')	0.0		match_both_missing	True
0	2199457	Syconciliatum-27933-GCF964019385.1	('Simakov2022BCnS_genefamily_11950', 'Simakov2022BCnS_genefamily_996')	0.0		match_both_missing	True
0	2346087	Syconciliatum-27933-GCF964019385.1	('Simakov2022BCnS_genefamily_10626', 'Simakov2022BCnS_genefamily_6415')	0.0		match_both_missing	True
0	2492718	Syconciliatum-27933-GCF964019385.1	('Simakov2022BCnS_genefamily_11865', 'Simakov2022BCnS_genefamily_9629')	0.0		match_both_missing	True
0	2639348	Syconciliatum-27933-GCF964019385.1	('Simakov2022BCnS_genefamily_12274', 'Simakov2022BCnS_genefamily_9488')	0.0		match_both_missing	True
0	2785979	Syconciliatum-27933-GCF964019385.1	('Simakov2022BCnS_genefamily_3533', 'Simakov2022BCnS_genefamily_5668')	0.0		match_both_missing	True
306	0	Pogonognathelluslongicornis-707266-GCA965653795.1	('Simakov2022BCnS_genefamily_11671', 'Simakov2022BCnS_genefamily_8892')	0.0		match_both_missing	True
306	146630	Pogonognathelluslongicornis-707266-GCA965653795.1	('Simakov2022BCnS_genefamily_11624', 'Simakov2022BCnS_genefamily_9359')	0.0		match_both_missing	True
306	293260	Pogonognathelluslongicornis-707266-GCA965653795.1	('Simakov2022BCnS_genefamily_4215', 'Simakov2022BCnS_genefamily_4438')	0.0		match_both_missing	True
306	439891	Pogonognathelluslongicornis-707266-GCA965653795.1	('Simakov2022BCnS_genefamily_11193', 'Simakov2022BCnS_genefamily_5018')	0.0		match_both_missing	True
306	586521	Pogonognathelluslongicornis-707266-GCA965653795.1	('Simakov2022BCnS_genefamily_2808', 'Simakov2022BCnS_genefamily_7878')	0.0		match_both_missing	True
306	733152	Pogonognathelluslongicornis-707266-GCA965653795.1	('Simakov2022BCnS_genefamily_12918', 'Simakov2022BCnS_genefamily_1705')	0.0		match_both_missing	True
306	879782	Pogonognathelluslongicornis-707266-GCA965653795.1	('Simakov2022BCnS_genefamily_5534', 'Simakov2022BCnS_genefamily_9113')	0.0		match_both_missing	True
306	1026413	Pogonognathelluslongicornis-707266-GCA965653795.1	('Simakov2022BCnS_genefamily_4719', 'Simakov2022BCnS_genefamily_9808')	0.0		match_both_missing	True
306	1173043	Pogonognathelluslongicornis-707266-GCA965653795.1	('Simakov2022BCnS_genefamily_353', 'Simakov2022BCnS_genefamily_9085')	0.0		match_both_missing	True
306	1319674	Pogonognathelluslongicornis-707266-GCA965653795.1	('Simakov2022BCnS_genefamily_4730', 'Simakov2022BCnS_genefamily_4737')	0.0		match_both_missing	True
306	1466304	Pogonognathelluslongicornis-707266-GCA965653795.1	('Simakov2022BCnS_genefamily_5030', 'Simakov2022BCnS_genefamily_5893')	0.0		match_both_missing	True
306	1612935	Pogonognathelluslongicornis-707266-GCA965653795.1	('Simakov2022BCnS_genefamily_11932', 'Simakov2022BCnS_genefamily_12227')	0.0		match_both_missing	True
306	1759565	Pogonognathelluslongicornis-707266-GCA965653795.1	('Simakov2022BCnS_genefamily_3676', 'Simakov2022BCnS_genefamily_5182')	0.0		match_both_missing	True
306	1906196	Pogonognathelluslongicornis-707266-GCA965653795.1	('Simakov2022BCnS_genefamily_10064', 'Simakov2022BCnS_genefamily_869')	0.0		match_both_missing	True
306	2052826	Pogonognathelluslongicornis-707266-GCA965653795.1	('Simakov2022BCnS_genefamily_3958', 'Simakov2022BCnS_genefamily_9542')	0.0		match_both_missing	True
306	2199457	Pogonognathelluslongicornis-707266-GCA965653795.1	('Simakov2022BCnS_genefamily_11950', 'Simakov2022BCnS_genefamily_996')	0.0		match_both_missing	True
306	2346087	Pogonognathelluslongicornis-707266-GCA965653795.1	('Simakov2022BCnS_genefamily_10626', 'Simakov2022BCnS_genefamily_6415')	0.0		match_both_missing	True
306	2492718	Pogonognathelluslongicornis-707266-GCA965653795.1	('Simakov2022BCnS_genefamily_11865', 'Simakov2022BCnS_genefamily_9629')	0.0		match_both_missing	True
306	2639348	Pogonognathelluslongicornis-707266-GCA965653795.1	('Simakov2022BCnS_genefamily_12274', 'Simakov2022BCnS_genefamily_9488')	0.0		match_both_missing	True
306	2785979	Pogonognathelluslongicornis-707266-GCA965653795.1	('Simakov2022BCnS_genefamily_3533', 'Simakov2022BCnS_genefamily_5668')	0.0		match_both_missing	True
612	0	Staphylinuserythropterus-1553746-GCA964211955.1	('Simakov2022BCnS_genefamily_11671', 'Simakov2022BCnS_genefamily_8892')	0.0		match_both_missing	True
612	146630	Staphylinuserythropterus-1553746-GCA964211955.1	('Simakov2022BCnS_genefamily_11624', 'Simakov2022BCnS_genefamily_9359')	0.0		match_both_missing	True
612	293260	Staphylinuserythropterus-1553746-GCA964211955.1	('Simakov2022BCnS_genefamily_4215', 'Simakov2022BCnS_genefamily_4438')	0.0		match_both_missing	True
612	439891	Staphylinuserythropterus-1553746-GCA964211955.1	('Simakov2022BCnS_genefamily_11193', 'Simakov2022BCnS_genefamily_5018')	0.0		match_both_missing	True
612	586521	Staphylinuserythropterus-1553746-GCA964211955.1	('Simakov2022BCnS_genefamily_2808', 'Simakov2022BCnS_genefamily_7878')	0.0		match_both_missing	True
612	733152	Staphylinuserythropterus-1553746-GCA964211955.1	('Simakov2022BCnS_genefamily_12918', 'Simakov2022BCnS_genefamily_1705')	0.0	34995604.0	mismatch_presence	False
612	879782	Staphylinuserythropterus-1553746-GCA964211955.1	('Simakov2022BCnS_genefamily_5534', 'Simakov2022BCnS_genefamily_9113')	0.0		match_both_missing	True
612	1026413	Staphylinuserythropterus-1553746-GCA964211955.1	('Simakov2022BCnS_genefamily_4719', 'Simakov2022BCnS_genefamily_9808')	0.0		match_both_missing	True
612	1173043	Staphylinuserythropterus-1553746-GCA964211955.1	('Simakov2022BCnS_genefamily_353', 'Simakov2022BCnS_genefamily_9085')	0.0		match_both_missing	True
612	1319674	Staphylinuserythropterus-1553746-GCA964211955.1	('Simakov2022BCnS_genefamily_4730', 'Simakov2022BCnS_genefamily_4737')	0.0		match_both_missing	True
612	1466304	Staphylinuserythropterus-1553746-GCA964211955.1	('Simakov2022BCnS_genefamily_5030', 'Simakov2022BCnS_genefamily_5893')	0.0		match_both_missing	True
612	1612935	Staphylinuserythropterus-1553746-GCA964211955.1	('Simakov2022BCnS_genefamily_11932', 'Simakov2022BCnS_genefamily_12227')	0.0		match_both_missing	True
612	1759565	Staphylinuserythropterus-1553746-GCA964211955.1	('Simakov2022BCnS_genefamily_3676', 'Simakov2022BCnS_genefamily_5182')	0.0		match_both_missing	True
612	1906196	Staphylinuserythropterus-1553746-GCA964211955.1	('Simakov2022BCnS_genefamily_10064', 'Simakov2022BCnS_genefamily_869')	0.0		match_both_missing	True
612	2052826	Staphylinuserythropterus-1553746-GCA964211955.1	('Simakov2022BCnS_genefamily_3958', 'Simakov2022BCnS_genefamily_9542')	0.0		match_both_missing	True
612	2199457	Staphylinuserythropterus-1553746-GCA964211955.1	('Simakov2022BCnS_genefamily_11950', 'Simakov2022BCnS_genefamily_996')	0.0		match_both_missing	True
612	2346087	Staphylinuserythropterus-1553746-GCA964211955.1	('Simakov2022BCnS_genefamily_10626', 'Simakov2022BCnS_genefamily_6415')	0.0		match_both_missing	True
612	2492718	Staphylinuserythropterus-1553746-GCA964211955.1	('Simakov2022BCnS_genefamily_11865', 'Simakov2022BCnS_genefamily_9629')	0.0		match_both_missing	True
612	2639348	Staphylinuserythropterus-1553746-GCA964211955.1	('Simakov2022BCnS_genefamily_12274', 'Simakov2022BCnS_genefamily_9488')	0.0		match_both_missing	True
612	2785979	Staphylinuserythropterus-1553746-GCA964211955.1	('Simakov2022BCnS_genefamily_3533', 'Simakov2022BCnS_genefamily_5668')	0.0		match_both_missing	True
918	0	Anophelesgambiae-180454-GCA000005575.1	('Simakov2022BCnS_genefamily_11671', 'Simakov2022BCnS_genefamily_8892')	0.0		match_both_missing	True
918	146630	Anophelesgambiae-180454-GCA000005575.1	('Simakov2022BCnS_genefamily_11624', 'Simakov2022BCnS_genefamily_9359')	0.0		match_both_missing	True
918	293260	Anophelesgambiae-180454-GCA000005575.1	('Simakov2022BCnS_genefamily_4215', 'Simakov2022BCnS_genefamily_4438')	0.0		match_both_missing	True
918	439891	Anophelesgambiae-180454-GCA000005575.1	('Simakov2022BCnS_genefamily_11193', 'Simakov2022BCnS_genefamily_5018')	0.0		match_both_missing	True
918	586521	Anophelesgambiae-180454-GCA000005575.1	('Simakov2022BCnS_genefamily_2808', 'Simakov2022BCnS_genefamily_7878')	0.0		match_both_missing	True
918	733152	Anophelesgambiae-180454-GCA000005575.1	('Simakov2022BCnS_genefamily_12918', 'Simakov2022BCnS_genefamily_1705')	0.0	225287.0	mismatch_presence	False
918	879782	Anophelesgambiae-180454-GCA000005575.1	('Simakov2022BCnS_genefamily_5534', 'Simakov2022BCnS_genefamily_9113')	0.0		match_both_missing	True
918	1026413	Anophelesgambiae-180454-GCA000005575.1	('Simakov2022BCnS_genefamily_4719', 'Simakov2022BCnS_genefamily_9808')	0.0		match_both_missing	True
918	1173043	Anophelesgambiae-180454-GCA000005575.1	('Simakov2022BCnS_genefamily_353', 'Simakov2022BCnS_genefamily_9085')	0.0		match_both_missing	True
918	1319674	Anophelesgambiae-180454-GCA000005575.1	('Simakov2022BCnS_genefamily_4730', 'Simakov2022BCnS_genefamily_4737')	0.0		match_both_missing	True
918	1466304	Anophelesgambiae-180454-GCA000005575.1	('Simakov2022BCnS_genefamily_5030', 'Simakov2022BCnS_genefamily_5893')	0.0		match_both_missing	True
918	1612935	Anophelesgambiae-180454-GCA000005575.1	('Simakov2022BCnS_genefamily_11932', 'Simakov2022BCnS_genefamily_12227')	0.0		match_both_missing	True
918	1759565	Anophelesgambiae-180454-GCA000005575.1	('Simakov2022BCnS_genefamily_3676', 'Simakov2022BCnS_genefamily_5182')	0.0		match_both_missing	True
918	1906196	Anophelesgambiae-180454-GCA000005575.1	('Simakov2022BCnS_genefamily_10064', 'Simakov2022BCnS_genefamily_869')	0.0		match_both_missing	True
918	2052826	Anophelesgambiae-180454-GCA000005575.1	('Simakov2022BCnS_genefamily_3958', 'Simakov2022BCnS_genefamily_9542')	0.0		match_both_missing	True
918	2199457	Anophelesgambiae-180454-GCA000005575.1	('Simakov2022BCnS_genefamily_11950', 'Simakov2022BCnS_genefamily_996')	0.0		match_both_missing	True
918	2346087	Anophelesgambiae-180454-GCA000005575.1	('Simakov2022BCnS_genefamily_10626', 'Simakov2022BCnS_genefamily_6415')	0.0		match_both_missing	True
918	2492718	Anophelesgambiae-180454-GCA000005575.1	('Simakov2022BCnS_genefamily_11865', 'Simakov2022BCnS_genefamily_9629')	0.0		match_both_missing	True
918	2639348	Anophelesgambiae-180454-GCA000005575.1	('Simakov2022BCnS_genefamily_12274', 'Simakov2022BCnS_genefamily_9488')	0.0		match_both_missing	True
918	2785979	Anophelesgambiae-180454-GCA000005575.1	('Simakov2022BCnS_genefamily_3533', 'Simakov2022BCnS_genefamily_5668')	0.0		match_both_missing	True
1225	0	Drosophilasuzukii-28584-GCA050084665.1	('Simakov2022BCnS_genefamily_11671', 'Simakov2022BCnS_genefamily_8892')	9406265.0		mismatch_presence	False
1225	146630	Drosophilasuzukii-28584-GCA050084665.1	('Simakov2022BCnS_genefamily_11624', 'Simakov2022BCnS_genefamily_9359')	0.0	5942228.0	mismatch_presence	False
1225	293260	Drosophilasuzukii-28584-GCA050084665.1	('Simakov2022BCnS_genefamily_4215', 'Simakov2022BCnS_genefamily_4438')	0.0		match_both_missing	True
1225	439891	Drosophilasuzukii-28584-GCA050084665.1	('Simakov2022BCnS_genefamily_11193', 'Simakov2022BCnS_genefamily_5018')	0.0		match_both_missing	True
1225	586521	Drosophilasuzukii-28584-GCA050084665.1	('Simakov2022BCnS_genefamily_2808', 'Simakov2022BCnS_genefamily_7878')	0.0		match_both_missing	True
1225	733152	Drosophilasuzukii-28584-GCA050084665.1	('Simakov2022BCnS_genefamily_12918', 'Simakov2022BCnS_genefamily_1705')	0.0		match_both_missing	True
1225	879782	Drosophilasuzukii-28584-GCA050084665.1	('Simakov2022BCnS_genefamily_5534', 'Simakov2022BCnS_genefamily_9113')	0.0		match_both_missing	True
1225	1026413	Drosophilasuzukii-28584-GCA050084665.1	('Simakov2022BCnS_genefamily_4719', 'Simakov2022BCnS_genefamily_9808')	0.0		match_both_missing	True
1225	1173043	Drosophilasuzukii-28584-GCA050084665.1	('Simakov2022BCnS_genefamily_353', 'Simakov2022BCnS_genefamily_9085')	0.0	9410869.0	mismatch_presence	False
1225	1319674	Drosophilasuzukii-28584-GCA050084665.1	('Simakov2022BCnS_genefamily_4730', 'Simakov2022BCnS_genefamily_4737')	0.0		match_both_missing	True
1225	1466304	Drosophilasuzukii-28584-GCA050084665.1	('Simakov2022BCnS_genefamily_5030', 'Simakov2022BCnS_genefamily_5893')	0.0		match_both_missing	True
1225	1612935	Drosophilasuzukii-28584-GCA050084665.1	('Simakov2022BCnS_genefamily_11932', 'Simakov2022BCnS_genefamily_12227')	0.0		match_both_missing	True
1225	1759565	Drosophilasuzukii-28584-GCA050084665.1	('Simakov2022BCnS_genefamily_3676', 'Simakov2022BCnS_genefamily_5182')	0.0		match_both_missing	True
1225	1906196	Drosophilasuzukii-28584-GCA050084665.1	('Simakov2022BCnS_genefamily_10064', 'Simakov2022BCnS_genefamily_869')	3179577.0		mismatch_presence	False
1225	2052826	Drosophilasuzukii-28584-GCA050084665.1	('Simakov2022BCnS_genefamily_3958', 'Simakov2022BCnS_genefamily_9542')	0.0		match_both_missing	True
1225	2199457	Drosophilasuzukii-28584-GCA050084665.1	('Simakov2022BCnS_genefamily_11950', 'Simakov2022BCnS_genefamily_996')	0.0		match_both_missing	True
1225	2346087	Drosophilasuzukii-28584-GCA050084665.1	('Simakov2022BCnS_genefamily_10626', 'Simakov2022BCnS_genefamily_6415')	0.0		match_both_missing	True
1225	2492718	Drosophilasuzukii-28584-GCA050084665.1	('Simakov2022BCnS_genefamily_11865', 'Simakov2022BCnS_genefamily_9629')	0.0		match_both_missing	True
1225	2639348	Drosophilasuzukii-28584-GCA050084665.1	('Simakov2022BCnS_genefamily_12274', 'Simakov2022BCnS_genefamily_9488')	0.0		match_both_missing	True
1225	2785979	Drosophilasuzukii-28584-GCA050084665.1	('Simakov2022BCnS_genefamily_3533', 'Simakov2022BCnS_genefamily_5668')	12383151.0		mismatch_presence	False
1531	0	Heteropelmaamictum-494771-GCA959613375.1	('Simakov2022BCnS_genefamily_11671', 'Simakov2022BCnS_genefamily_8892')	0.0		match_both_missing	True
1531	146630	Heteropelmaamictum-494771-GCA959613375.1	('Simakov2022BCnS_genefamily_11624', 'Simakov2022BCnS_genefamily_9359')	0.0	30398180.0	mismatch_presence	False
1531	293260	Heteropelmaamictum-494771-GCA959613375.1	('Simakov2022BCnS_genefamily_4215', 'Simakov2022BCnS_genefamily_4438')	0.0		match_both_missing	True
1531	439891	Heteropelmaamictum-494771-GCA959613375.1	('Simakov2022BCnS_genefamily_11193', 'Simakov2022BCnS_genefamily_5018')	0.0	27587118.0	mismatch_presence	False
1531	586521	Heteropelmaamictum-494771-GCA959613375.1	('Simakov2022BCnS_genefamily_2808', 'Simakov2022BCnS_genefamily_7878')	0.0	2501067.0	mismatch_presence	False
1531	733152	Heteropelmaamictum-494771-GCA959613375.1	('Simakov2022BCnS_genefamily_12918', 'Simakov2022BCnS_genefamily_1705')	0.0		match_both_missing	True
1531	879782	Heteropelmaamictum-494771-GCA959613375.1	('Simakov2022BCnS_genefamily_5534', 'Simakov2022BCnS_genefamily_9113')	0.0		match_both_missing	True
1531	1026413	Heteropelmaamictum-494771-GCA959613375.1	('Simakov2022BCnS_genefamily_4719', 'Simakov2022BCnS_genefamily_9808')	0.0		match_both_missing	True
1531	1173043	Heteropelmaamictum-494771-GCA959613375.1	('Simakov2022BCnS_genefamily_353', 'Simakov2022BCnS_genefamily_9085')	0.0		match_both_missing	True
1531	1319674	Heteropelmaamictum-494771-GCA959613375.1	('Simakov2022BCnS_genefamily_4730', 'Simakov2022BCnS_genefamily_4737')	0.0		match_both_missing	True
1531	1466304	Heteropelmaamictum-494771-GCA959613375.1	('Simakov2022BCnS_genefamily_5030', 'Simakov2022BCnS_genefamily_5893')	0.0		match_both_missing	True
1531	1612935	Heteropelmaamictum-494771-GCA959613375.1	('Simakov2022BCnS_genefamily_11932', 'Simakov2022BCnS_genefamily_12227')	0.0		match_both_missing	True
1531	1759565	Heteropelmaamictum-494771-GCA959613375.1	('Simakov2022BCnS_genefamily_3676', 'Simakov2022BCnS_genefamily_5182')	0.0		match_both_missing	True
1531	1906196	Heteropelmaamictum-494771-GCA959613375.1	('Simakov2022BCnS_genefamily_10064', 'Simakov2022BCnS_genefamily_869')	0.0		match_both_missing	True
1531	2052826	Heteropelmaamictum-494771-GCA959613375.1	('Simakov2022BCnS_genefamily_3958', 'Simakov2022BCnS_genefamily_9542')	0.0		match_both_missing	True
1531	2199457	Heteropelmaamictum-494771-GCA959613375.1	('Simakov2022BCnS_genefamily_11950', 'Simakov2022BCnS_genefamily_996')	0.0		match_both_missing	True
1531	2346087	Heteropelmaamictum-494771-GCA959613375.1	('Simakov2022BCnS_genefamily_10626', 'Simakov2022BCnS_genefamily_6415')	0.0		match_both_missing	True
1531	2492718	Heteropelmaamictum-494771-GCA959613375.1	('Simakov2022BCnS_genefamily_11865', 'Simakov2022BCnS_genefamily_9629')	0.0		match_both_missing	True
1531	2639348	Heteropelmaamictum-494771-GCA959613375.1	('Simakov2022BCnS_genefamily_12274', 'Simakov2022BCnS_genefamily_9488')	0.0		match_both_missing	True
1531	2785979	Heteropelmaamictum-494771-GCA959613375.1	('Simakov2022BCnS_genefamily_3533', 'Simakov2022BCnS_genefamily_5668')	0.0		match_both_missing	True
1837	0	Zygaenaexulans-287373-GCA964261585.1	('Simakov2022BCnS_genefamily_11671', 'Simakov2022BCnS_genefamily_8892')	0.0		match_both_missing	True
1837	146630	Zygaenaexulans-287373-GCA964261585.1	('Simakov2022BCnS_genefamily_11624', 'Simakov2022BCnS_genefamily_9359')	0.0		match_both_missing	True
1837	293260	Zygaenaexulans-287373-GCA964261585.1	('Simakov2022BCnS_genefamily_4215', 'Simakov2022BCnS_genefamily_4438')	0.0		match_both_missing	True
1837	439891	Zygaenaexulans-287373-GCA964261585.1	('Simakov2022BCnS_genefamily_11193', 'Simakov2022BCnS_genefamily_5018')	0.0		match_both_missing	True
1837	586521	Zygaenaexulans-287373-GCA964261585.1	('Simakov2022BCnS_genefamily_2808', 'Simakov2022BCnS_genefamily_7878')	0.0		match_both_missing	True
1837	733152	Zygaenaexulans-287373-GCA964261585.1	('Simakov2022BCnS_genefamily_12918', 'Simakov2022BCnS_genefamily_1705')	0.0		match_both_missing	True
1837	879782	Zygaenaexulans-287373-GCA964261585.1	('Simakov2022BCnS_genefamily_5534', 'Simakov2022BCnS_genefamily_9113')	0.0		match_both_missing	True
1837	1026413	Zygaenaexulans-287373-GCA964261585.1	('Simakov2022BCnS_genefamily_4719', 'Simakov2022BCnS_genefamily_9808')	0.0		match_both_missing	True
1837	1173043	Zygaenaexulans-287373-GCA964261585.1	('Simakov2022BCnS_genefamily_353', 'Simakov2022BCnS_genefamily_9085')	0.0		match_both_missing	True
1837	1319674	Zygaenaexulans-287373-GCA964261585.1	('Simakov2022BCnS_genefamily_4730', 'Simakov2022BCnS_genefamily_4737')	0.0		match_both_missing	True
1837	1466304	Zygaenaexulans-287373-GCA964261585.1	('Simakov2022BCnS_genefamily_5030', 'Simakov2022BCnS_genefamily_5893')	0.0		match_both_missing	True
1837	1612935	Zygaenaexulans-287373-GCA964261585.1	('Simakov2022BCnS_genefamily_11932', 'Simakov2022BCnS_genefamily_12227')	19122272.0		mismatch_presence	False
1837	1759565	Zygaenaexulans-287373-GCA964261585.1	('Simakov2022BCnS_genefamily_3676', 'Simakov2022BCnS_genefamily_5182')	0.0		match_both_missing	True
1837	1906196	Zygaenaexulans-287373-GCA964261585.1	('Simakov2022BCnS_genefamily_10064', 'Simakov2022BCnS_genefamily_869')	0.0		match_both_missing	True
1837	2052826	Zygaenaexulans-287373-GCA964261585.1	('Simakov2022BCnS_genefamily_3958', 'Simakov2022BCnS_genefamily_9542')	0.0		match_both_missing	True
1837	2199457	Zygaenaexulans-287373-GCA964261585.1	('Simakov2022BCnS_genefamily_11950', 'Simakov2022BCnS_genefamily_996')	0.0		match_both_missing	True
1837	2346087	Zygaenaexulans-287373-GCA964261585.1	('Simakov2022BCnS_genefamily_10626', 'Simakov2022BCnS_genefamily_6415')	0.0		match_both_missing	True
1837	2492718	Zygaenaexulans-287373-GCA964261585.1	('Simakov2022BCnS_genefamily_11865', 'Simakov2022BCnS_genefamily_9629')	0.0		match_both_missing	True
1837	2639348	Zygaenaexulans-287373-GCA964261585.1	('Simakov2022BCnS_genefamily_12274', 'Simakov2022BCnS_genefamily_9488')	0.0		match_both_missing	True
1837	2785979	Zygaenaexulans-287373-GCA964261585.1	('Simakov2022BCnS_genefamily_3533', 'Simakov2022BCnS_genefamily_5668')	0.0		match_both_missing	True
2144	0	Griposiaaprilina-1101106-GCA916610205.1	('Simakov2022BCnS_genefamily_11671', 'Simakov2022BCnS_genefamily_8892')	0.0		match_both_missing	True
2144	146630	Griposiaaprilina-1101106-GCA916610205.1	('Simakov2022BCnS_genefamily_11624', 'Simakov2022BCnS_genefamily_9359')	0.0		match_both_missing	True
2144	293260	Griposiaaprilina-1101106-GCA916610205.1	('Simakov2022BCnS_genefamily_4215', 'Simakov2022BCnS_genefamily_4438')	0.0		match_both_missing	True
2144	439891	Griposiaaprilina-1101106-GCA916610205.1	('Simakov2022BCnS_genefamily_11193', 'Simakov2022BCnS_genefamily_5018')	0.0		match_both_missing	True
2144	586521	Griposiaaprilina-1101106-GCA916610205.1	('Simakov2022BCnS_genefamily_2808', 'Simakov2022BCnS_genefamily_7878')	0.0		match_both_missing	True
2144	733152	Griposiaaprilina-1101106-GCA916610205.1	('Simakov2022BCnS_genefamily_12918', 'Simakov2022BCnS_genefamily_1705')	0.0		match_both_missing	True
2144	879782	Griposiaaprilina-1101106-GCA916610205.1	('Simakov2022BCnS_genefamily_5534', 'Simakov2022BCnS_genefamily_9113')	0.0		match_both_missing	True
2144	1026413	Griposiaaprilina-1101106-GCA916610205.1	('Simakov2022BCnS_genefamily_4719', 'Simakov2022BCnS_genefamily_9808')	0.0		match_both_missing	True
2144	1173043	Griposiaaprilina-1101106-GCA916610205.1	('Simakov2022BCnS_genefamily_353', 'Simakov2022BCnS_genefamily_9085')	0.0		match_both_missing	True
2144	1319674	Griposiaaprilina-1101106-GCA916610205.1	('Simakov2022BCnS_genefamily_4730', 'Simakov2022BCnS_genefamily_4737')	0.0		match_both_missing	True
2144	1466304	Griposiaaprilina-1101106-GCA916610205.1	('Simakov2022BCnS_genefamily_5030', 'Simakov2022BCnS_genefamily_5893')	0.0		match_both_missing	True
2144	1612935	Griposiaaprilina-1101106-GCA916610205.1	('Simakov2022BCnS_genefamily_11932', 'Simakov2022BCnS_genefamily_12227')	0.0		match_both_missing	True
2144	1759565	Griposiaaprilina-1101106-GCA916610205.1	('Simakov2022BCnS_genefamily_3676', 'Simakov2022BCnS_genefamily_5182')	0.0		match_both_missing	True
2144	1906196	Griposiaaprilina-1101106-GCA916610205.1	('Simakov2022BCnS_genefamily_10064', 'Simakov2022BCnS_genefamily_869')	0.0		match_both_missing	True
2144	2052826	Griposiaaprilina-1101106-GCA916610205.1	('Simakov2022BCnS_genefamily_3958', 'Simakov2022BCnS_genefamily_9542')	0.0		match_both_missing	True
2144	2199457	Griposiaaprilina-1101106-GCA916610205.1	('Simakov2022BCnS_genefamily_11950', 'Simakov2022BCnS_genefamily_996')	0.0		match_both_missing	True
2144	2346087	Griposiaaprilina-1101106-GCA916610205.1	('Simakov2022BCnS_genefamily_10626', 'Simakov2022BCnS_genefamily_6415')	0.0		match_both_missing	True
2144	2492718	Griposiaaprilina-1101106-GCA916610205.1	('Simakov2022BCnS_genefamily_11865', 'Simakov2022BCnS_genefamily_9629')	0.0		match_both_missing	True
2144	2639348	Griposiaaprilina-1101106-GCA916610205.1	('Simakov2022BCnS_genefamily_12274', 'Simakov2022BCnS_genefamily_9488')	0.0		match_both_missing	True
2144	2785979	Griposiaaprilina-1101106-GCA916610205.1	('Simakov2022BCnS_genefamily_3533', 'Simakov2022BCnS_genefamily_5668')	0.0		match_both_missing	True
2450	0	Dircennaloreta-1349872-GCA963555665.1	('Simakov2022BCnS_genefamily_11671', 'Simakov2022BCnS_genefamily_8892')	0.0	9609827.0	mismatch_presence	False
2450	146630	Dircennaloreta-1349872-GCA963555665.1	('Simakov2022BCnS_genefamily_11624', 'Simakov2022BCnS_genefamily_9359')	530470.0		mismatch_presence	False
2450	293260	Dircennaloreta-1349872-GCA963555665.1	('Simakov2022BCnS_genefamily_4215', 'Simakov2022BCnS_genefamily_4438')	0.0		match_both_missing	True
2450	439891	Dircennaloreta-1349872-GCA963555665.1	('Simakov2022BCnS_genefamily_11193', 'Simakov2022BCnS_genefamily_5018')	0.0		match_both_missing	True
2450	586521	Dircennaloreta-1349872-GCA963555665.1	('Simakov2022BCnS_genefamily_2808', 'Simakov2022BCnS_genefamily_7878')	0.0		match_both_missing	True
2450	733152	Dircennaloreta-1349872-GCA963555665.1	('Simakov2022BCnS_genefamily_12918', 'Simakov2022BCnS_genefamily_1705')	0.0		match_both_missing	True
2450	879782	Dircennaloreta-1349872-GCA963555665.1	('Simakov2022BCnS_genefamily_5534', 'Simakov2022BCnS_genefamily_9113')	0.0		match_both_missing	True
2450	1026413	Dircennaloreta-1349872-GCA963555665.1	('Simakov2022BCnS_genefamily_4719', 'Simakov2022BCnS_genefamily_9808')	0.0		match_both_missing	True
2450	1173043	Dircennaloreta-1349872-GCA963555665.1	('Simakov2022BCnS_genefamily_353', 'Simakov2022BCnS_genefamily_9085')	0.0		match_both_missing	True
2450	1319674	Dircennaloreta-1349872-GCA963555665.1	('Simakov2022BCnS_genefamily_4730', 'Simakov2022BCnS_genefamily_4737')	0.0		match_both_missing	True
2450	1466304	Dircennaloreta-1349872-GCA963555665.1	('Simakov2022BCnS_genefamily_5030', 'Simakov2022BCnS_genefamily_5893')	0.0		match_both_missing	True
2450	1612935	Dircennaloreta-1349872-GCA963555665.1	('Simakov2022BCnS_genefamily_11932', 'Simakov2022BCnS_genefamily_12227')	0.0		match_both_missing	True
2450	1759565	Dircennaloreta-1349872-GCA963555665.1	('Simakov2022BCnS_genefamily_3676', 'Simakov2022BCnS_genefamily_5182')	0.0		match_both_missing	True
2450	1906196	Dircennaloreta-1349872-GCA963555665.1	('Simakov2022BCnS_genefamily_10064', 'Simakov2022BCnS_genefamily_869')	0.0		match_both_missing	True
2450	2052826	Dircennaloreta-1349872-GCA963555665.1	('Simakov2022BCnS_genefamily_3958', 'Simakov2022BCnS_genefamily_9542')	0.0		match_both_missing	True
2450	2199457	Dircennaloreta-1349872-GCA963555665.1	('Simakov2022BCnS_genefamily_11950', 'Simakov2022BCnS_genefamily_996')	0.0		match_both_missing	True
2450	2346087	Dircennaloreta-1349872-GCA963555665.1	('Simakov2022BCnS_genefamily_10626', 'Simakov2022BCnS_genefamily_6415')	0.0		match_both_missing	True
2450	2492718	Dircennaloreta-1349872-GCA963555665.1	('Simakov2022BCnS_genefamily_11865', 'Simakov2022BCnS_genefamily_9629')	0.0		match_both_missing	True
2450	2639348	Dircennaloreta-1349872-GCA963555665.1	('Simakov2022BCnS_genefamily_12274', 'Simakov2022BCnS_genefamily_9488')	0.0		match_both_missing	True
2450	2785979	Dircennaloreta-1349872-GCA963555665.1	('Simakov2022BCnS_genefamily_3533', 'Simakov2022BCnS_genefamily_5668')	0.0		match_both_missing	True
2756	0	Muschampiaproto-1107688-GCA964304755.1	('Simakov2022BCnS_genefamily_11671', 'Simakov2022BCnS_genefamily_8892')	0.0		match_both_missing	True
2756	146630	Muschampiaproto-1107688-GCA964304755.1	('Simakov2022BCnS_genefamily_11624', 'Simakov2022BCnS_genefamily_9359')	0.0		match_both_missing	True
2756	293260	Muschampiaproto-1107688-GCA964304755.1	('Simakov2022BCnS_genefamily_4215', 'Simakov2022BCnS_genefamily_4438')	0.0		match_both_missing	True
2756	439891	Muschampiaproto-1107688-GCA964304755.1	('Simakov2022BCnS_genefamily_11193', 'Simakov2022BCnS_genefamily_5018')	0.0		match_both_missing	True
2756	586521	Muschampiaproto-1107688-GCA964304755.1	('Simakov2022BCnS_genefamily_2808', 'Simakov2022BCnS_genefamily_7878')	0.0		match_both_missing	True
2756	733152	Muschampiaproto-1107688-GCA964304755.1	('Simakov2022BCnS_genefamily_12918', 'Simakov2022BCnS_genefamily_1705')	0.0		match_both_missing	True
2756	879782	Muschampiaproto-1107688-GCA964304755.1	('Simakov2022BCnS_genefamily_5534', 'Simakov2022BCnS_genefamily_9113')	0.0		match_both_missing	True
2756	1026413	Muschampiaproto-1107688-GCA964304755.1	('Simakov2022BCnS_genefamily_4719', 'Simakov2022BCnS_genefamily_9808')	0.0		match_both_missing	True
2756	1173043	Muschampiaproto-1107688-GCA964304755.1	('Simakov2022BCnS_genefamily_353', 'Simakov2022BCnS_genefamily_9085')	0.0		match_both_missing	True
2756	1319674	Muschampiaproto-1107688-GCA964304755.1	('Simakov2022BCnS_genefamily_4730', 'Simakov2022BCnS_genefamily_4737')	0.0		match_both_missing	True
2756	1466304	Muschampiaproto-1107688-GCA964304755.1	('Simakov2022BCnS_genefamily_5030', 'Simakov2022BCnS_genefamily_5893')	0.0		match_both_missing	True
2756	1612935	Muschampiaproto-1107688-GCA964304755.1	('Simakov2022BCnS_genefamily_11932', 'Simakov2022BCnS_genefamily_12227')	0.0		match_both_missing	True
2756	1759565	Muschampiaproto-1107688-GCA964304755.1	('Simakov2022BCnS_genefamily_3676', 'Simakov2022BCnS_genefamily_5182')	0.0		match_both_missing	True
2756	1906196	Muschampiaproto-1107688-GCA964304755.1	('Simakov2022BCnS_genefamily_10064', 'Simakov2022BCnS_genefamily_869')	0.0		match_both_missing	True
2756	2052826	Muschampiaproto-1107688-GCA964304755.1	('Simakov2022BCnS_genefamily_3958', 'Simakov2022BCnS_genefamily_9542')	0.0		match_both_missing	True
2756	2199457	Muschampiaproto-1107688-GCA964304755.1	('Simakov2022BCnS_genefamily_11950', 'Simakov2022BCnS_genefamily_996')	0.0		match_both_missing	True
2756	2346087	Muschampiaproto-1107688-GCA964304755.1	('Simakov2022BCnS_genefamily_10626', 'Simakov2022BCnS_genefamily_6415')	0.0		match_both_missing	True
2756	2492718	Muschampiaproto-1107688-GCA964304755.1	('Simakov2022BCnS_genefamily_11865', 'Simakov2022BCnS_genefamily_9629')	0.0		match_both_missing	True
2756	2639348	Muschampiaproto-1107688-GCA964304755.1	('Simakov2022BCnS_genefamily_12274', 'Simakov2022BCnS_genefamily_9488')	0.0		match_both_missing	True
2756	2785979	Muschampiaproto-1107688-GCA964304755.1	('Simakov2022BCnS_genefamily_3533', 'Simakov2022BCnS_genefamily_5668')	0.0		match_both_missing	True
3063	0	Cordylochernesscorpioides-51811-GCA030710605.1	('Simakov2022BCnS_genefamily_11671', 'Simakov2022BCnS_genefamily_8892')	19637320.0		mismatch_presence	False
3063	146630	Cordylochernesscorpioides-51811-GCA030710605.1	('Simakov2022BCnS_genefamily_11624', 'Simakov2022BCnS_genefamily_9359')	0.0		match_both_missing	True
3063	293260	Cordylochernesscorpioides-51811-GCA030710605.1	('Simakov2022BCnS_genefamily_4215', 'Simakov2022BCnS_genefamily_4438')	0.0		match_both_missing	True
3063	439891	Cordylochernesscorpioides-51811-GCA030710605.1	('Simakov2022BCnS_genefamily_11193', 'Simakov2022BCnS_genefamily_5018')	0.0		match_both_missing	True
3063	586521	Cordylochernesscorpioides-51811-GCA030710605.1	('Simakov2022BCnS_genefamily_2808', 'Simakov2022BCnS_genefamily_7878')	0.0		match_both_missing	True
3063	733152	Cordylochernesscorpioides-51811-GCA030710605.1	('Simakov2022BCnS_genefamily_12918', 'Simakov2022BCnS_genefamily_1705')	0.0		match_both_missing	True
3063	879782	Cordylochernesscorpioides-51811-GCA030710605.1	('Simakov2022BCnS_genefamily_5534', 'Simakov2022BCnS_genefamily_9113')	0.0		match_both_missing	True
3063	1026413	Cordylochernesscorpioides-51811-GCA030710605.1	('Simakov2022BCnS_genefamily_4719', 'Simakov2022BCnS_genefamily_9808')	0.0		match_both_missing	True
3063	1173043	Cordylochernesscorpioides-51811-GCA030710605.1	('Simakov2022BCnS_genefamily_353', 'Simakov2022BCnS_genefamily_9085')	0.0		match_both_missing	True
3063	1319674	Cordylochernesscorpioides-51811-GCA030710605.1	('Simakov2022BCnS_genefamily_4730', 'Simakov2022BCnS_genefamily_4737')	0.0		match_both_missing	True
3063	1466304	Cordylochernesscorpioides-51811-GCA030710605.1	('Simakov2022BCnS_genefamily_5030', 'Simakov2022BCnS_genefamily_5893')	138171043.0		mismatch_presence	False
3063	1612935	Cordylochernesscorpioides-51811-GCA030710605.1	('Simakov2022BCnS_genefamily_11932', 'Simakov2022BCnS_genefamily_12227')	0.0		match_both_missing	True
3063	1759565	Cordylochernesscorpioides-51811-GCA030710605.1	('Simakov2022BCnS_genefamily_3676', 'Simakov2022BCnS_genefamily_5182')	0.0		match_both_missing	True
3063	1906196	Cordylochernesscorpioides-51811-GCA030710605.1	('Simakov2022BCnS_genefamily_10064', 'Simakov2022BCnS_genefamily_869')	107412999.0		mismatch_presence	False
3063	2052826	Cordylochernesscorpioides-51811-GCA030710605.1	('Simakov2022BCnS_genefamily_3958', 'Simakov2022BCnS_genefamily_9542')	0.0		match_both_missing	True
3063	2199457	Cordylochernesscorpioides-51811-GCA030710605.1	('Simakov2022BCnS_genefamily_11950', 'Simakov2022BCnS_genefamily_996')	0.0		match_both_missing	True
3063	2346087	Cordylochernesscorpioides-51811-GCA030710605.1	('Simakov2022BCnS_genefamily_10626', 'Simakov2022BCnS_genefamily_6415')	0.0		match_both_missing	True
3063	2492718	Cordylochernesscorpioides-51811-GCA030710605.1	('Simakov2022BCnS_genefamily_11865', 'Simakov2022BCnS_genefamily_9629')	0.0		match_both_missing	True
3063	2639348	Cordylochernesscorpioides-51811-GCA030710605.1	('Simakov2022BCnS_genefamily_12274', 'Simakov2022BCnS_genefamily_9488')	0.0		match_both_missing	True
3063	2785979	Cordylochernesscorpioides-51811-GCA030710605.1	('Simakov2022BCnS_genefamily_3533', 'Simakov2022BCnS_genefamily_5668')	35583312.0		mismatch_presence	False
3369	0	Mytilusgalloprovincialis-29158-GCA048414535.1	('Simakov2022BCnS_genefamily_11671', 'Simakov2022BCnS_genefamily_8892')	36138766.0	46877493.0	mismatch_value	False
3369	146630	Mytilusgalloprovincialis-29158-GCA048414535.1	('Simakov2022BCnS_genefamily_11624', 'Simakov2022BCnS_genefamily_9359')	0.0		match_both_missing	True
3369	293260	Mytilusgalloprovincialis-29158-GCA048414535.1	('Simakov2022BCnS_genefamily_4215', 'Simakov2022BCnS_genefamily_4438')	0.0		match_both_missing	True
3369	439891	Mytilusgalloprovincialis-29158-GCA048414535.1	('Simakov2022BCnS_genefamily_11193', 'Simakov2022BCnS_genefamily_5018')	0.0		match_both_missing	True
3369	586521	Mytilusgalloprovincialis-29158-GCA048414535.1	('Simakov2022BCnS_genefamily_2808', 'Simakov2022BCnS_genefamily_7878')	0.0		match_both_missing	True
3369	733152	Mytilusgalloprovincialis-29158-GCA048414535.1	('Simakov2022BCnS_genefamily_12918', 'Simakov2022BCnS_genefamily_1705')	0.0		match_both_missing	True
3369	879782	Mytilusgalloprovincialis-29158-GCA048414535.1	('Simakov2022BCnS_genefamily_5534', 'Simakov2022BCnS_genefamily_9113')	0.0		match_both_missing	True
3369	1026413	Mytilusgalloprovincialis-29158-GCA048414535.1	('Simakov2022BCnS_genefamily_4719', 'Simakov2022BCnS_genefamily_9808')	0.0		match_both_missing	True
3369	1173043	Mytilusgalloprovincialis-29158-GCA048414535.1	('Simakov2022BCnS_genefamily_353', 'Simakov2022BCnS_genefamily_9085')	0.0		match_both_missing	True
3369	1319674	Mytilusgalloprovincialis-29158-GCA048414535.1	('Simakov2022BCnS_genefamily_4730', 'Simakov2022BCnS_genefamily_4737')	0.0		match_both_missing	True
3369	1466304	Mytilusgalloprovincialis-29158-GCA048414535.1	('Simakov2022BCnS_genefamily_5030', 'Simakov2022BCnS_genefamily_5893')	0.0		match_both_missing	True
3369	1612935	Mytilusgalloprovincialis-29158-GCA048414535.1	('Simakov2022BCnS_genefamily_11932', 'Simakov2022BCnS_genefamily_12227')	0.0		match_both_missing	True
3369	1759565	Mytilusgalloprovincialis-29158-GCA048414535.1	('Simakov2022BCnS_genefamily_3676', 'Simakov2022BCnS_genefamily_5182')	0.0		match_both_missing	True
3369	1906196	Mytilusgalloprovincialis-29158-GCA048414535.1	('Simakov2022BCnS_genefamily_10064', 'Simakov2022BCnS_genefamily_869')	9765612.0		mismatch_presence	False
3369	2052826	Mytilusgalloprovincialis-29158-GCA048414535.1	('Simakov2022BCnS_genefamily_3958', 'Simakov2022BCnS_genefamily_9542')	0.0		match_both_missing	True
3369	2199457	Mytilusgalloprovincialis-29158-GCA048414535.1	('Simakov2022BCnS_genefamily_11950', 'Simakov2022BCnS_genefamily_996')	0.0		match_both_missing	True
3369	2346087	Mytilusgalloprovincialis-29158-GCA048414535.1	('Simakov2022BCnS_genefamily_10626', 'Simakov2022BCnS_genefamily_6415')	0.0		match_both_missing	True
3369	2492718	Mytilusgalloprovincialis-29158-GCA048414535.1	('Simakov2022BCnS_genefamily_11865', 'Simakov2022BCnS_genefamily_9629')	0.0		match_both_missing	True
3369	2639348	Mytilusgalloprovincialis-29158-GCA048414535.1	('Simakov2022BCnS_genefamily_12274', 'Simakov2022BCnS_genefamily_9488')	0.0		match_both_missing	True
3369	2785979	Mytilusgalloprovincialis-29158-GCA048414535.1	('Simakov2022BCnS_genefamily_3533', 'Simakov2022BCnS_genefamily_5668')	3893589.0		mismatch_presence	False
3675	0	Rhinogobiussimilis-1263952-GCA019453435.1	('Simakov2022BCnS_genefamily_11671', 'Simakov2022BCnS_genefamily_8892')	0.0		match_both_missing	True
3675	146630	Rhinogobiussimilis-1263952-GCA019453435.1	('Simakov2022BCnS_genefamily_11624', 'Simakov2022BCnS_genefamily_9359')	0.0		match_both_missing	True
3675	293260	Rhinogobiussimilis-1263952-GCA019453435.1	('Simakov2022BCnS_genefamily_4215', 'Simakov2022BCnS_genefamily_4438')	0.0		match_both_missing	True
3675	439891	Rhinogobiussimilis-1263952-GCA019453435.1	('Simakov2022BCnS_genefamily_11193', 'Simakov2022BCnS_genefamily_5018')	0.0		match_both_missing	True
3675	586521	Rhinogobiussimilis-1263952-GCA019453435.1	('Simakov2022BCnS_genefamily_2808', 'Simakov2022BCnS_genefamily_7878')	0.0		match_both_missing	True
3675	733152	Rhinogobiussimilis-1263952-GCA019453435.1	('Simakov2022BCnS_genefamily_12918', 'Simakov2022BCnS_genefamily_1705')	0.0		match_both_missing	True
3675	879782	Rhinogobiussimilis-1263952-GCA019453435.1	('Simakov2022BCnS_genefamily_5534', 'Simakov2022BCnS_genefamily_9113')	0.0		match_both_missing	True
3675	1026413	Rhinogobiussimilis-1263952-GCA019453435.1	('Simakov2022BCnS_genefamily_4719', 'Simakov2022BCnS_genefamily_9808')	0.0		match_both_missing	True
3675	1173043	Rhinogobiussimilis-1263952-GCA019453435.1	('Simakov2022BCnS_genefamily_353', 'Simakov2022BCnS_genefamily_9085')	0.0		match_both_missing	True
3675	1319674	Rhinogobiussimilis-1263952-GCA019453435.1	('Simakov2022BCnS_genefamily_4730', 'Simakov2022BCnS_genefamily_4737')	0.0		match_both_missing	True
3675	1466304	Rhinogobiussimilis-1263952-GCA019453435.1	('Simakov2022BCnS_genefamily_5030', 'Simakov2022BCnS_genefamily_5893')	0.0		match_both_missing	True
3675	1612935	Rhinogobiussimilis-1263952-GCA019453435.1	('Simakov2022BCnS_genefamily_11932', 'Simakov2022BCnS_genefamily_12227')	0.0		match_both_missing	True
3675	1759565	Rhinogobiussimilis-1263952-GCA019453435.1	('Simakov2022BCnS_genefamily_3676', 'Simakov2022BCnS_genefamily_5182')	0.0		match_both_missing	True
3675	1906196	Rhinogobiussimilis-1263952-GCA019453435.1	('Simakov2022BCnS_genefamily_10064', 'Simakov2022BCnS_genefamily_869')	0.0		match_both_missing	True
3675	2052826	Rhinogobiussimilis-1263952-GCA019453435.1	('Simakov2022BCnS_genefamily_3958', 'Simakov2022BCnS_genefamily_9542')	0.0		match_both_missing	True
3675	2199457	Rhinogobiussimilis-1263952-GCA019453435.1	('Simakov2022BCnS_genefamily_11950', 'Simakov2022BCnS_genefamily_996')	0.0		match_both_missing	True
3675	2346087	Rhinogobiussimilis-1263952-GCA019453435.1	('Simakov2022BCnS_genefamily_10626', 'Simakov2022BCnS_genefamily_6415')	0.0		match_both_missing	True
3675	2492718	Rhinogobiussimilis-1263952-GCA019453435.1	('Simakov2022BCnS_genefamily_11865', 'Simakov2022BCnS_genefamily_9629')	0.0		match_both_missing	True
3675	2639348	Rhinogobiussimilis-1263952-GCA019453435.1	('Simakov2022BCnS_genefamily_12274', 'Simakov2022BCnS_genefamily_9488')	0.0		match_both_missing	True
3675	2785979	Rhinogobiussimilis-1263952-GCA019453435.1	('Simakov2022BCnS_genefamily_3533', 'Simakov2022BCnS_genefamily_5668')	0.0		match_both_missing	True
3982	0	Ctenolabrusrupestris-171735-GCA965358205.2	('Simakov2022BCnS_genefamily_11671', 'Simakov2022BCnS_genefamily_8892')	0.0		match_both_missing	True
3982	146630	Ctenolabrusrupestris-171735-GCA965358205.2	('Simakov2022BCnS_genefamily_11624', 'Simakov2022BCnS_genefamily_9359')	3974458.0		mismatch_presence	False
3982	293260	Ctenolabrusrupestris-171735-GCA965358205.2	('Simakov2022BCnS_genefamily_4215', 'Simakov2022BCnS_genefamily_4438')	0.0		match_both_missing	True
3982	439891	Ctenolabrusrupestris-171735-GCA965358205.2	('Simakov2022BCnS_genefamily_11193', 'Simakov2022BCnS_genefamily_5018')	10157837.0		mismatch_presence	False
3982	586521	Ctenolabrusrupestris-171735-GCA965358205.2	('Simakov2022BCnS_genefamily_2808', 'Simakov2022BCnS_genefamily_7878')	0.0		match_both_missing	True
3982	733152	Ctenolabrusrupestris-171735-GCA965358205.2	('Simakov2022BCnS_genefamily_12918', 'Simakov2022BCnS_genefamily_1705')	0.0		match_both_missing	True
3982	879782	Ctenolabrusrupestris-171735-GCA965358205.2	('Simakov2022BCnS_genefamily_5534', 'Simakov2022BCnS_genefamily_9113')	0.0		match_both_missing	True
3982	1026413	Ctenolabrusrupestris-171735-GCA965358205.2	('Simakov2022BCnS_genefamily_4719', 'Simakov2022BCnS_genefamily_9808')	0.0		match_both_missing	True
3982	1173043	Ctenolabrusrupestris-171735-GCA965358205.2	('Simakov2022BCnS_genefamily_353', 'Simakov2022BCnS_genefamily_9085')	0.0		match_both_missing	True
3982	1319674	Ctenolabrusrupestris-171735-GCA965358205.2	('Simakov2022BCnS_genefamily_4730', 'Simakov2022BCnS_genefamily_4737')	0.0		match_both_missing	True
3982	1466304	Ctenolabrusrupestris-171735-GCA965358205.2	('Simakov2022BCnS_genefamily_5030', 'Simakov2022BCnS_genefamily_5893')	0.0		match_both_missing	True
3982	1612935	Ctenolabrusrupestris-171735-GCA965358205.2	('Simakov2022BCnS_genefamily_11932', 'Simakov2022BCnS_genefamily_12227')	0.0		match_both_missing	True
3982	1759565	Ctenolabrusrupestris-171735-GCA965358205.2	('Simakov2022BCnS_genefamily_3676', 'Simakov2022BCnS_genefamily_5182')	0.0		match_both_missing	True
3982	1906196	Ctenolabrusrupestris-171735-GCA965358205.2	('Simakov2022BCnS_genefamily_10064', 'Simakov2022BCnS_genefamily_869')	0.0		match_both_missing	True
3982	2052826	Ctenolabrusrupestris-171735-GCA965358205.2	('Simakov2022BCnS_genefamily_3958', 'Simakov2022BCnS_genefamily_9542')	0.0		match_both_missing	True
3982	2199457	Ctenolabrusrupestris-171735-GCA965358205.2	('Simakov2022BCnS_genefamily_11950', 'Simakov2022BCnS_genefamily_996')	0.0		match_both_missing	True
3982	2346087	Ctenolabrusrupestris-171735-GCA965358205.2	('Simakov2022BCnS_genefamily_10626', 'Simakov2022BCnS_genefamily_6415')	0.0		match_both_missing	True
3982	2492718	Ctenolabrusrupestris-171735-GCA965358205.2	('Simakov2022BCnS_genefamily_11865', 'Simakov2022BCnS_genefamily_9629')	0.0		match_both_missing	True
3982	2639348	Ctenolabrusrupestris-171735-GCA965358205.2	('Simakov2022BCnS_genefamily_12274', 'Simakov2022BCnS_genefamily_9488')	0.0		match_both_missing	True
3982	2785979	Ctenolabrusrupestris-171735-GCA965358205.2	('Simakov2022BCnS_genefamily_3533', 'Simakov2022BCnS_genefamily_5668')	5530177.0		mismatch_presence	False
4288	0	Danioaesculapii-1142201-GCF903798145.1	('Simakov2022BCnS_genefamily_11671', 'Simakov2022BCnS_genefamily_8892')	0.0		match_both_missing	True
4288	146630	Danioaesculapii-1142201-GCF903798145.1	('Simakov2022BCnS_genefamily_11624', 'Simakov2022BCnS_genefamily_9359')	0.0		match_both_missing	True
4288	293260	Danioaesculapii-1142201-GCF903798145.1	('Simakov2022BCnS_genefamily_4215', 'Simakov2022BCnS_genefamily_4438')	0.0		match_both_missing	True
4288	439891	Danioaesculapii-1142201-GCF903798145.1	('Simakov2022BCnS_genefamily_11193', 'Simakov2022BCnS_genefamily_5018')	0.0		match_both_missing	True
4288	586521	Danioaesculapii-1142201-GCF903798145.1	('Simakov2022BCnS_genefamily_2808', 'Simakov2022BCnS_genefamily_7878')	0.0		match_both_missing	True
4288	733152	Danioaesculapii-1142201-GCF903798145.1	('Simakov2022BCnS_genefamily_12918', 'Simakov2022BCnS_genefamily_1705')	0.0		match_both_missing	True
4288	879782	Danioaesculapii-1142201-GCF903798145.1	('Simakov2022BCnS_genefamily_5534', 'Simakov2022BCnS_genefamily_9113')	0.0		match_both_missing	True
4288	1026413	Danioaesculapii-1142201-GCF903798145.1	('Simakov2022BCnS_genefamily_4719', 'Simakov2022BCnS_genefamily_9808')	0.0		match_both_missing	True
4288	1173043	Danioaesculapii-1142201-GCF903798145.1	('Simakov2022BCnS_genefamily_353', 'Simakov2022BCnS_genefamily_9085')	0.0		match_both_missing	True
4288	1319674	Danioaesculapii-1142201-GCF903798145.1	('Simakov2022BCnS_genefamily_4730', 'Simakov2022BCnS_genefamily_4737')	0.0		match_both_missing	True
4288	1466304	Danioaesculapii-1142201-GCF903798145.1	('Simakov2022BCnS_genefamily_5030', 'Simakov2022BCnS_genefamily_5893')	0.0		match_both_missing	True
4288	1612935	Danioaesculapii-1142201-GCF903798145.1	('Simakov2022BCnS_genefamily_11932', 'Simakov2022BCnS_genefamily_12227')	0.0		match_both_missing	True
4288	1759565	Danioaesculapii-1142201-GCF903798145.1	('Simakov2022BCnS_genefamily_3676', 'Simakov2022BCnS_genefamily_5182')	0.0		match_both_missing	True
4288	1906196	Danioaesculapii-1142201-GCF903798145.1	('Simakov2022BCnS_genefamily_10064', 'Simakov2022BCnS_genefamily_869')	0.0		match_both_missing	True
4288	2052826	Danioaesculapii-1142201-GCF903798145.1	('Simakov2022BCnS_genefamily_3958', 'Simakov2022BCnS_genefamily_9542')	0.0		match_both_missing	True
4288	2199457	Danioaesculapii-1142201-GCF903798145.1	('Simakov2022BCnS_genefamily_11950', 'Simakov2022BCnS_genefamily_996')	0.0		match_both_missing	True
4288	2346087	Danioaesculapii-1142201-GCF903798145.1	('Simakov2022BCnS_genefamily_10626', 'Simakov2022BCnS_genefamily_6415')	0.0		match_both_missing	True
4288	2492718	Danioaesculapii-1142201-GCF903798145.1	('Simakov2022BCnS_genefamily_11865', 'Simakov2022BCnS_genefamily_9629')	0.0		match_both_missing	True
4288	2639348	Danioaesculapii-1142201-GCF903798145.1	('Simakov2022BCnS_genefamily_12274', 'Simakov2022BCnS_genefamily_9488')	0.0	15190400.0	mismatch_presence	False
4288	2785979	Danioaesculapii-1142201-GCF903798145.1	('Simakov2022BCnS_genefamily_3533', 'Simakov2022BCnS_genefamily_5668')	0.0		match_both_missing	True
4594	0	Canislupus-286419-GCA012295265.2	('Simakov2022BCnS_genefamily_11671', 'Simakov2022BCnS_genefamily_8892')	0.0		match_both_missing	True
4594	146630	Canislupus-286419-GCA012295265.2	('Simakov2022BCnS_genefamily_11624', 'Simakov2022BCnS_genefamily_9359')	0.0		match_both_missing	True
4594	293260	Canislupus-286419-GCA012295265.2	('Simakov2022BCnS_genefamily_4215', 'Simakov2022BCnS_genefamily_4438')	0.0		match_both_missing	True
4594	439891	Canislupus-286419-GCA012295265.2	('Simakov2022BCnS_genefamily_11193', 'Simakov2022BCnS_genefamily_5018')	0.0		match_both_missing	True
4594	586521	Canislupus-286419-GCA012295265.2	('Simakov2022BCnS_genefamily_2808', 'Simakov2022BCnS_genefamily_7878')	0.0		match_both_missing	True
4594	733152	Canislupus-286419-GCA012295265.2	('Simakov2022BCnS_genefamily_12918', 'Simakov2022BCnS_genefamily_1705')	0.0		match_both_missing	True
4594	879782	Canislupus-286419-GCA012295265.2	('Simakov2022BCnS_genefamily_5534', 'Simakov2022BCnS_genefamily_9113')	0.0		match_both_missing	True
4594	1026413	Canislupus-286419-GCA012295265.2	('Simakov2022BCnS_genefamily_4719', 'Simakov2022BCnS_genefamily_9808')	0.0		match_both_missing	True
4594	1173043	Canislupus-286419-GCA012295265.2	('Simakov2022BCnS_genefamily_353', 'Simakov2022BCnS_genefamily_9085')	0.0		match_both_missing	True
4594	1319674	Canislupus-286419-GCA012295265.2	('Simakov2022BCnS_genefamily_4730', 'Simakov2022BCnS_genefamily_4737')	0.0		match_both_missing	True
4594	1466304	Canislupus-286419-GCA012295265.2	('Simakov2022BCnS_genefamily_5030', 'Simakov2022BCnS_genefamily_5893')	0.0		match_both_missing	True
4594	1612935	Canislupus-286419-GCA012295265.2	('Simakov2022BCnS_genefamily_11932', 'Simakov2022BCnS_genefamily_12227')	0.0	35064902.0	mismatch_presence	False
4594	1759565	Canislupus-286419-GCA012295265.2	('Simakov2022BCnS_genefamily_3676', 'Simakov2022BCnS_genefamily_5182')	0.0		match_both_missing	True
4594	1906196	Canislupus-286419-GCA012295265.2	('Simakov2022BCnS_genefamily_10064', 'Simakov2022BCnS_genefamily_869')	0.0		match_both_missing	True
4594	2052826	Canislupus-286419-GCA012295265.2	('Simakov2022BCnS_genefamily_3958', 'Simakov2022BCnS_genefamily_9542')	0.0		match_both_missing	True
4594	2199457	Canislupus-286419-GCA012295265.2	('Simakov2022BCnS_genefamily_11950', 'Simakov2022BCnS_genefamily_996')	0.0		match_both_missing	True
4594	2346087	Canislupus-286419-GCA012295265.2	('Simakov2022BCnS_genefamily_10626', 'Simakov2022BCnS_genefamily_6415')	0.0		match_both_missing	True
4594	2492718	Canislupus-286419-GCA012295265.2	('Simakov2022BCnS_genefamily_11865', 'Simakov2022BCnS_genefamily_9629')	0.0		match_both_missing	True
4594	2639348	Canislupus-286419-GCA012295265.2	('Simakov2022BCnS_genefamily_12274', 'Simakov2022BCnS_genefamily_9488')	0.0		match_both_missing	True
4594	2785979	Canislupus-286419-GCA012295265.2	('Simakov2022BCnS_genefamily_3533', 'Simakov2022BCnS_genefamily_5668')	0.0		match_both_missing	True
4901	0	Carolliasowelli-208969-GCA051307085.1	('Simakov2022BCnS_genefamily_11671', 'Simakov2022BCnS_genefamily_8892')	0.0		match_both_missing	True
4901	146630	Carolliasowelli-208969-GCA051307085.1	('Simakov2022BCnS_genefamily_11624', 'Simakov2022BCnS_genefamily_9359')	4243012.0		mismatch_presence	False
4901	293260	Carolliasowelli-208969-GCA051307085.1	('Simakov2022BCnS_genefamily_4215', 'Simakov2022BCnS_genefamily_4438')	0.0		match_both_missing	True
4901	439891	Carolliasowelli-208969-GCA051307085.1	('Simakov2022BCnS_genefamily_11193', 'Simakov2022BCnS_genefamily_5018')	0.0		match_both_missing	True
4901	586521	Carolliasowelli-208969-GCA051307085.1	('Simakov2022BCnS_genefamily_2808', 'Simakov2022BCnS_genefamily_7878')	0.0		match_both_missing	True
4901	733152	Carolliasowelli-208969-GCA051307085.1	('Simakov2022BCnS_genefamily_12918', 'Simakov2022BCnS_genefamily_1705')	0.0		match_both_missing	True
4901	879782	Carolliasowelli-208969-GCA051307085.1	('Simakov2022BCnS_genefamily_5534', 'Simakov2022BCnS_genefamily_9113')	8753370.0		mismatch_presence	False
4901	1026413	Carolliasowelli-208969-GCA051307085.1	('Simakov2022BCnS_genefamily_4719', 'Simakov2022BCnS_genefamily_9808')	0.0		match_both_missing	True
4901	1173043	Carolliasowelli-208969-GCA051307085.1	('Simakov2022BCnS_genefamily_353', 'Simakov2022BCnS_genefamily_9085')	0.0		match_both_missing	True
4901	1319674	Carolliasowelli-208969-GCA051307085.1	('Simakov2022BCnS_genefamily_4730', 'Simakov2022BCnS_genefamily_4737')	0.0		match_both_missing	True
4901	1466304	Carolliasowelli-208969-GCA051307085.1	('Simakov2022BCnS_genefamily_5030', 'Simakov2022BCnS_genefamily_5893')	0.0	96759191.0	mismatch_presence	False
4901	1612935	Carolliasowelli-208969-GCA051307085.1	('Simakov2022BCnS_genefamily_11932', 'Simakov2022BCnS_genefamily_12227')	0.0		match_both_missing	True
4901	1759565	Carolliasowelli-208969-GCA051307085.1	('Simakov2022BCnS_genefamily_3676', 'Simakov2022BCnS_genefamily_5182')	0.0		match_both_missing	True
4901	1906196	Carolliasowelli-208969-GCA051307085.1	('Simakov2022BCnS_genefamily_10064', 'Simakov2022BCnS_genefamily_869')	0.0		match_both_missing	True
4901	2052826	Carolliasowelli-208969-GCA051307085.1	('Simakov2022BCnS_genefamily_3958', 'Simakov2022BCnS_genefamily_9542')	0.0		match_both_missing	True
4901	2199457	Carolliasowelli-208969-GCA051307085.1	('Simakov2022BCnS_genefamily_11950', 'Simakov2022BCnS_genefamily_996')	0.0		match_both_missing	True
4901	2346087	Carolliasowelli-208969-GCA051307085.1	('Simakov2022BCnS_genefamily_10626', 'Simakov2022BCnS_genefamily_6415')	0.0		match_both_missing	True
4901	2492718	Carolliasowelli-208969-GCA051307085.1	('Simakov2022BCnS_genefamily_11865', 'Simakov2022BCnS_genefamily_9629')	0.0		match_both_missing	True
4901	2639348	Carolliasowelli-208969-GCA051307085.1	('Simakov2022BCnS_genefamily_12274', 'Simakov2022BCnS_genefamily_9488')	0.0		match_both_missing	True
4901	2785979	Carolliasowelli-208969-GCA051307085.1	('Simakov2022BCnS_genefamily_3533', 'Simakov2022BCnS_genefamily_5668')	0.0		match_both_missing	True
5207	0	Dugongdugon-29137-GCA040182945.1	('Simakov2022BCnS_genefamily_11671', 'Simakov2022BCnS_genefamily_8892')	0.0		match_both_missing	True
5207	146630	Dugongdugon-29137-GCA040182945.1	('Simakov2022BCnS_genefamily_11624', 'Simakov2022BCnS_genefamily_9359')	0.0		match_both_missing	True
5207	293260	Dugongdugon-29137-GCA040182945.1	('Simakov2022BCnS_genefamily_4215', 'Simakov2022BCnS_genefamily_4438')	0.0	60872958.0	mismatch_presence	False
5207	439891	Dugongdugon-29137-GCA040182945.1	('Simakov2022BCnS_genefamily_11193', 'Simakov2022BCnS_genefamily_5018')	0.0		match_both_missing	True
5207	586521	Dugongdugon-29137-GCA040182945.1	('Simakov2022BCnS_genefamily_2808', 'Simakov2022BCnS_genefamily_7878')	0.0		match_both_missing	True
5207	733152	Dugongdugon-29137-GCA040182945.1	('Simakov2022BCnS_genefamily_12918', 'Simakov2022BCnS_genefamily_1705')	0.0		match_both_missing	True
5207	879782	Dugongdugon-29137-GCA040182945.1	('Simakov2022BCnS_genefamily_5534', 'Simakov2022BCnS_genefamily_9113')	0.0		match_both_missing	True
5207	1026413	Dugongdugon-29137-GCA040182945.1	('Simakov2022BCnS_genefamily_4719', 'Simakov2022BCnS_genefamily_9808')	0.0		match_both_missing	True
5207	1173043	Dugongdugon-29137-GCA040182945.1	('Simakov2022BCnS_genefamily_353', 'Simakov2022BCnS_genefamily_9085')	0.0		match_both_missing	True
5207	1319674	Dugongdugon-29137-GCA040182945.1	('Simakov2022BCnS_genefamily_4730', 'Simakov2022BCnS_genefamily_4737')	0.0		match_both_missing	True
5207	1466304	Dugongdugon-29137-GCA040182945.1	('Simakov2022BCnS_genefamily_5030', 'Simakov2022BCnS_genefamily_5893')	0.0		match_both_missing	True
5207	1612935	Dugongdugon-29137-GCA040182945.1	('Simakov2022BCnS_genefamily_11932', 'Simakov2022BCnS_genefamily_12227')	0.0		match_both_missing	True
5207	1759565	Dugongdugon-29137-GCA040182945.1	('Simakov2022BCnS_genefamily_3676', 'Simakov2022BCnS_genefamily_5182')	0.0		match_both_missing	True
5207	1906196	Dugongdugon-29137-GCA040182945.1	('Simakov2022BCnS_genefamily_10064', 'Simakov2022BCnS_genefamily_869')	0.0		match_both_missing	True
5207	2052826	Dugongdugon-29137-GCA040182945.1	('Simakov2022BCnS_genefamily_3958', 'Simakov2022BCnS_genefamily_9542')	0.0		match_both_missing	True
5207	2199457	Dugongdugon-29137-GCA040182945.1	('Simakov2022BCnS_genefamily_11950', 'Simakov2022BCnS_genefamily_996')	0.0		match_both_missing	True
5207	2346087	Dugongdugon-29137-GCA040182945.1	('Simakov2022BCnS_genefamily_10626', 'Simakov2022BCnS_genefamily_6415')	0.0		match_both_missing	True
5207	2492718	Dugongdugon-29137-GCA040182945.1	('Simakov2022BCnS_genefamily_11865', 'Simakov2022BCnS_genefamily_9629')	0.0		match_both_missing	True
5207	2639348	Dugongdugon-29137-GCA040182945.1	('Simakov2022BCnS_genefamily_12274', 'Simakov2022BCnS_genefamily_9488')	0.0		match_both_missing	True
5207	2785979	Dugongdugon-29137-GCA040182945.1	('Simakov2022BCnS_genefamily_3533', 'Simakov2022BCnS_genefamily_5668')	0.0		match_both_missing	True
5513	0	Vanellusvanellus-100859-GCA965286855.1	('Simakov2022BCnS_genefamily_11671', 'Simakov2022BCnS_genefamily_8892')	0.0		match_both_missing	True
5513	146630	Vanellusvanellus-100859-GCA965286855.1	('Simakov2022BCnS_genefamily_11624', 'Simakov2022BCnS_genefamily_9359')	38459337.0		mismatch_presence	False
5513	293260	Vanellusvanellus-100859-GCA965286855.1	('Simakov2022BCnS_genefamily_4215', 'Simakov2022BCnS_genefamily_4438')	0.0		match_both_missing	True
5513	439891	Vanellusvanellus-100859-GCA965286855.1	('Simakov2022BCnS_genefamily_11193', 'Simakov2022BCnS_genefamily_5018')	5881056.0		mismatch_presence	False
5513	586521	Vanellusvanellus-100859-GCA965286855.1	('Simakov2022BCnS_genefamily_2808', 'Simakov2022BCnS_genefamily_7878')	0.0		match_both_missing	True
5513	733152	Vanellusvanellus-100859-GCA965286855.1	('Simakov2022BCnS_genefamily_12918', 'Simakov2022BCnS_genefamily_1705')	0.0		match_both_missing	True
5513	879782	Vanellusvanellus-100859-GCA965286855.1	('Simakov2022BCnS_genefamily_5534', 'Simakov2022BCnS_genefamily_9113')	0.0		match_both_missing	True
5513	1026413	Vanellusvanellus-100859-GCA965286855.1	('Simakov2022BCnS_genefamily_4719', 'Simakov2022BCnS_genefamily_9808')	0.0		match_both_missing	True
5513	1173043	Vanellusvanellus-100859-GCA965286855.1	('Simakov2022BCnS_genefamily_353', 'Simakov2022BCnS_genefamily_9085')	0.0		match_both_missing	True
5513	1319674	Vanellusvanellus-100859-GCA965286855.1	('Simakov2022BCnS_genefamily_4730', 'Simakov2022BCnS_genefamily_4737')	0.0		match_both_missing	True
5513	1466304	Vanellusvanellus-100859-GCA965286855.1	('Simakov2022BCnS_genefamily_5030', 'Simakov2022BCnS_genefamily_5893')	0.0		match_both_missing	True
5513	1612935	Vanellusvanellus-100859-GCA965286855.1	('Simakov2022BCnS_genefamily_11932', 'Simakov2022BCnS_genefamily_12227')	0.0		match_both_missing	True
5513	1759565	Vanellusvanellus-100859-GCA965286855.1	('Simakov2022BCnS_genefamily_3676', 'Simakov2022BCnS_genefamily_5182')	0.0		match_both_missing	True
5513	1906196	Vanellusvanellus-100859-GCA965286855.1	('Simakov2022BCnS_genefamily_10064', 'Simakov2022BCnS_genefamily_869')	3216013.0		mismatch_presence	False
5513	2052826	Vanellusvanellus-100859-GCA965286855.1	('Simakov2022BCnS_genefamily_3958', 'Simakov2022BCnS_genefamily_9542')	0.0		match_both_missing	True
5513	2199457	Vanellusvanellus-100859-GCA965286855.1	('Simakov2022BCnS_genefamily_11950', 'Simakov2022BCnS_genefamily_996')	0.0		match_both_missing	True
5513	2346087	Vanellusvanellus-100859-GCA965286855.1	('Simakov2022BCnS_genefamily_10626', 'Simakov2022BCnS_genefamily_6415')	0.0		match_both_missing	True
5513	2492718	Vanellusvanellus-100859-GCA965286855.1	('Simakov2022BCnS_genefamily_11865', 'Simakov2022BCnS_genefamily_9629')	0.0		match_both_missing	True
5513	2639348	Vanellusvanellus-100859-GCA965286855.1	('Simakov2022BCnS_genefamily_12274', 'Simakov2022BCnS_genefamily_9488')	0.0		match_both_missing	True
5513	2785979	Vanellusvanellus-100859-GCA965286855.1	('Simakov2022BCnS_genefamily_3533', 'Simakov2022BCnS_genefamily_5668')	0.0		match_both_missing	True
5820	0	Nausithoeracemosa-2976324-GCA965183845.1	('Simakov2022BCnS_genefamily_11671', 'Simakov2022BCnS_genefamily_8892')	0.0	106095311.0	mismatch_presence	False
5820	146630	Nausithoeracemosa-2976324-GCA965183845.1	('Simakov2022BCnS_genefamily_11624', 'Simakov2022BCnS_genefamily_9359')	0.0		match_both_missing	True
5820	293260	Nausithoeracemosa-2976324-GCA965183845.1	('Simakov2022BCnS_genefamily_4215', 'Simakov2022BCnS_genefamily_4438')	0.0		match_both_missing	True
5820	439891	Nausithoeracemosa-2976324-GCA965183845.1	('Simakov2022BCnS_genefamily_11193', 'Simakov2022BCnS_genefamily_5018')	0.0		match_both_missing	True
5820	586521	Nausithoeracemosa-2976324-GCA965183845.1	('Simakov2022BCnS_genefamily_2808', 'Simakov2022BCnS_genefamily_7878')	0.0		match_both_missing	True
5820	733152	Nausithoeracemosa-2976324-GCA965183845.1	('Simakov2022BCnS_genefamily_12918', 'Simakov2022BCnS_genefamily_1705')	0.0		match_both_missing	True
5820	879782	Nausithoeracemosa-2976324-GCA965183845.1	('Simakov2022BCnS_genefamily_5534', 'Simakov2022BCnS_genefamily_9113')	0.0		match_both_missing	True
5820	1026413	Nausithoeracemosa-2976324-GCA965183845.1	('Simakov2022BCnS_genefamily_4719', 'Simakov2022BCnS_genefamily_9808')	0.0		match_both_missing	True
5820	1173043	Nausithoeracemosa-2976324-GCA965183845.1	('Simakov2022BCnS_genefamily_353', 'Simakov2022BCnS_genefamily_9085')	0.0		match_both_missing	True
5820	1319674	Nausithoeracemosa-2976324-GCA965183845.1	('Simakov2022BCnS_genefamily_4730', 'Simakov2022BCnS_genefamily_4737')	0.0		match_both_missing	True
5820	1466304	Nausithoeracemosa-2976324-GCA965183845.1	('Simakov2022BCnS_genefamily_5030', 'Simakov2022BCnS_genefamily_5893')	0.0		match_both_missing	True
5820	1612935	Nausithoeracemosa-2976324-GCA965183845.1	('Simakov2022BCnS_genefamily_11932', 'Simakov2022BCnS_genefamily_12227')	0.0		match_both_missing	True
5820	1759565	Nausithoeracemosa-2976324-GCA965183845.1	('Simakov2022BCnS_genefamily_3676', 'Simakov2022BCnS_genefamily_5182')	0.0		match_both_missing	True
5820	1906196	Nausithoeracemosa-2976324-GCA965183845.1	('Simakov2022BCnS_genefamily_10064', 'Simakov2022BCnS_genefamily_869')	0.0	48542880.0	mismatch_presence	False
5820	2052826	Nausithoeracemosa-2976324-GCA965183845.1	('Simakov2022BCnS_genefamily_3958', 'Simakov2022BCnS_genefamily_9542')	0.0		match_both_missing	True
5820	2199457	Nausithoeracemosa-2976324-GCA965183845.1	('Simakov2022BCnS_genefamily_11950', 'Simakov2022BCnS_genefamily_996')	0.0		match_both_missing	True
5820	2346087	Nausithoeracemosa-2976324-GCA965183845.1	('Simakov2022BCnS_genefamily_10626', 'Simakov2022BCnS_genefamily_6415')	0.0		match_both_missing	True
5820	2492718	Nausithoeracemosa-2976324-GCA965183845.1	('Simakov2022BCnS_genefamily_11865', 'Simakov2022BCnS_genefamily_9629')	0.0		match_both_missing	True
5820	2639348	Nausithoeracemosa-2976324-GCA965183845.1	('Simakov2022BCnS_genefamily_12274', 'Simakov2022BCnS_genefamily_9488')	0.0		match_both_missing	True
5820	2785979	Nausithoeracemosa-2976324-GCA965183845.1	('Simakov2022BCnS_genefamily_3533', 'Simakov2022BCnS_genefamily_5668')	0.0	20868571.0	mismatch_presence	False
