clade	n	r	slope	intercept	r2	se_slope
Metazoa	2					
Porifera	6					
Cnidaria	11					
Bilateria	2					
Protostomia	34	-0.6432084961447876	-0.1554860475367036	6.921901807208489	0.4137171695128392	0.03272037333903513
Deuterostomia	15					
Nematoda	21	0.4545304392266765	0.25246965118255055	-9.523011903090648	0.2065979201835955	0.11350528258403628
Arthropoda	308	-0.1479862669864493	-0.05179193916204484	2.8504723878193183	0.021899935216584652	0.019786623379151106
Mollusca	33	0.02919124926898306	0.0024105466058177132	-0.06913823622295318	0.000852129033883904	0.014825074615779612
Annelida	0					
Vertebrata	606	0.20834941518016417	0.029157473220000965	-1.0004240550451942	0.043409478805916425	0.005569319932971609
ALL	1038	-0.13405283458388514	-0.03365609894167087	1.791083035966111	0.017970162459974473	0.007729835256564609
