species	dispersal	median_pident	clade
Convolutrilobamacropyga-536237-GCF964194025.1	1.0	38.9	Bilateria
Symsagittiferaroscoffensis-84072-GCF963678635.1	1.0	38.4	Bilateria
Gordionussp-3053472-GCF954871325.1	0.6896551724137931	39.7	Protostomia
Gordionussp-3053472-GCA954871325.2	0.6896551724137931	41.2	Protostomia
Nippostrongylusbrasiliensis-27835-GCA030553155.1	0.10344827586206895	39.1	Nematoda
Ancylostomaduodenale-51022-GCA050947105.1	0.13793103448275867	40.2	Nematoda
Necatoramericanus-51031-GCF031761385.1	0.10344827586206895	38.4	Nematoda
Necatoramericanus-51031-GCA031761385.1	0.10344827586206895	38.4	Nematoda
Haemonchuscontortus-6289-GCA041937105.1	0.1724137931034483	39.1	Nematoda
Caenorhabditisbrenneri-135651-GCA964036135.1	0.13793103448275867	38.1	Nematoda
Caenorhabditisnigoni-1611254-GCA002742825.1	0.10344827586206895	38.3	Nematoda
Caenorhabditisremanei-31234-GCF010183535.1	0.1724137931034483	38.7	Nematoda
Caenorhabditisremanei-31234-GCA010183535.1	0.1724137931034483	38.7	Nematoda
Caenorhabditisbriggsae-6238-GCA021491975.1	0.06896551724137934	39.0	Nematoda
Caenorhabditisbriggsae-6238-GCA022453885.1	0.13793103448275867	39.0	Nematoda
Caenorhabditisbriggsae-6238-GCF000004555.2	0.1724137931034483	38.8	Nematoda
Caenorhabditisbriggsae-6238-GCA000004555.3	0.1724137931034483	38.8	Nematoda
Pristionchuspacificus-54126-GCA000180635.4	0.06896551724137934	39.4	Nematoda
Acanthocheilonemaviteae-6277-GCA046563165.1	0.2068965517241379	39.9	Nematoda
Brugiapahangi-6280-GCA012070555.1	1.0	39.5	Nematoda
Steinernemahermaphroditum-289476-GCA030435675.2	0.3793103448275862	39.2	Nematoda
Steinernemacarpocapsae-34508-GCA000757645.3	1.0	40.7	Nematoda
Strongyloidesratti-34506-GCA001040885.1	1.0	38.9	Nematoda
Strongyloidesratti-34506-GCF001040885.1	1.0	38.9	Nematoda
Meloidogynehapla-6305-GCA051171035.1	0.9310344827586207	40.1	Nematoda
Tigriopuscalifornicus-6832-GCA007210705.1	0.2068965517241379	41.6	Arthropoda
Tigriopuscalifornicus-6832-GCF007210705.1	0.1724137931034483	41.2	Arthropoda
Caligusrogercresseyi-217165-GCA013387185.1	0.9655172413793104	46.7	Arthropoda
Lepeophtheirussalmonis-72036-GCF016086655.4	0.6896551724137931	40.8	Arthropoda
Lepeophtheirussalmonis-72036-GCA902860245.1	0.8275862068965517	41.05	Arthropoda
Lepeophtheirussalmonis-72036-GCA905330665.1	0.8275862068965517	41.0	Arthropoda
Oratosquillaoratoria-337810-GCF046742065.1	1.0	40.8	Arthropoda
Penaeusmonodon-6687-GCF015228065.2	1.0	42.5	Arthropoda
Penaeusvannamei-6689-GCF042767895.1	1.0	42.4	Arthropoda
Panulirusornatus-150431-GCF036320965.1	1.0	42.7	Arthropoda
Scyllaparamamosain-85552-GCA038387795.1	1.0	42.9	Arthropoda
Scyllaparamamosain-85552-GCF035594125.1	1.0	42.2	Arthropoda
Eriocheirsinensis-95602-GCF024679095.1	1.0	41.3	Arthropoda
Palaemoncarinicauda-392227-GCF036898095.1	1.0	41.8	Arthropoda
Macrobrachiumnipponense-159736-GCF015104395.2	1.0	41.9	Arthropoda
Macrobrachiumrosenbergii-79674-GCF040412425.1	1.0	42.0	Arthropoda
Cheraxquadricarinatus-27406-GCA038502225.1	1.0	44.1	Arthropoda
Cheraxquadricarinatus-27406-GCF038502225.1	1.0	42.3	Arthropoda
Procambarusclarkii-6728-GCF040958095.1	1.0	42.1	Arthropoda
Daphniacarinata-120202-GCF022539665.2	0.896551724137931	41.2	Arthropoda
Daphniasinensis-1820382-GCA013167095.2	0.9310344827586207	42.1	Arthropoda
Daphniapulicaria-35523-GCF021234035.1	1.0	40.3	Arthropoda
Daphniamagna-35525-GCF020631705.1	0.9310344827586207	40.7	Arthropoda
Daphniamagna-35525-GCA030254905.1	0.896551724137931	42.0	Arthropoda
Daphniamagna-35525-GCF003990815.1	0.896551724137931	40.6	Arthropoda
Daphniapulex-6669-GCF021134715.1	0.8620689655172413	40.6	Arthropoda
Artemiafranciscana-6661-GCF032884065.1	0.27586206896551724	42.0	Arthropoda
Artemiafranciscana-6661-GCA032884065.1	0.4482758620689655	43.2	Arthropoda
Cloeondipterum-197152-GCF949628265.1	0.7931034482758621	41.6	Arthropoda
Ischnuraelegans-197161-GCF921293095.1	0.10344827586206895	42.5	Arthropoda
Periplanetaamericana-6978-GCF040183065.1	0.5172413793103448	42.2	Arthropoda
Schistocercapiceifrons-274613-GCF021461385.2	0.24137931034482762	42.6	Arthropoda
Schistocercacancellata-274614-GCF023864275.1	0.2068965517241379	42.3	Arthropoda
Schistocercaamericana-7009-GCF021461395.2	0.2068965517241379	43.1	Arthropoda
Schistocercagregaria-7010-GCF023897955.1	0.24137931034482762	42.3	Arthropoda
Schistocercanitens-7011-GCF023898315.1	0.24137931034482762	42.3	Arthropoda
Anabrussimplex-316456-GCF040417275.1	0.31034482758620685	43.6	Arthropoda
Anabrussimplex-316456-GCF040414725.1	0.31034482758620685	43.5	Arthropoda
Dryococelusaustralis-614101-GCA029891345.1	0.9655172413793104	47.5	Arthropoda
Menopongallinae-328185-GCA040285465.1	0.7241379310344828	42.8	Arthropoda
Megalurothripsusitatus-439358-GCA026979955.1	0.6896551724137931	43.3	Arthropoda
Homalodiscavitripennis-197043-GCF021130785.1	0.27586206896551724	41.7	Arthropoda
Lycormadelicatula-130591-GCF047948215.1	0.31034482758620685	42.2	Arthropoda
Nilaparvatalugens-108931-GCF014356525.2	0.3448275862068966	42.7	Arthropoda
Rhynocorisfuscipes-488301-GCA040020575.1	0.4482758620689655	43.75	Arthropoda
Apolyguslucorum-248454-GCA009739505.2	0.3793103448275862	42.7	Arthropoda
Nesidiocoristenuis-355587-GCA036186465.1	0.5172413793103448	42.4	Arthropoda
Nezaraviridula-85310-GCA928085145.1	0.6551724137931034	42.5	Arthropoda
Ranatrachinensis-642074-GCA040954505.1	0.4482758620689655	44.4	Arthropoda
Cyamophilawillieti-2604842-GCA041222665.1	0.5172413793103448	44.1	Arthropoda
Metopolophiumdirhodum-44670-GCF019925205.1	0.9655172413793104	40.4	Arthropoda
Acyrthosiphonpisum-7029-GCF005508785.2	0.9655172413793104	41.2	Arthropoda
Semiaphisheraclei-796293-GCA046119115.1	0.9310344827586207	41.7	Arthropoda
Rhopalosiphumpadi-40932-GCF020882245.1	0.9655172413793104	41.1	Arthropoda
Rhopalosiphummaidis-43146-GCF003676215.2	0.9655172413793104	41.4	Arthropoda
Aphisgossypii-80765-GCF020184175.1	0.9310344827586207	40.8	Arthropoda
Aphisgossypii-80765-GCA917880025.4	0.9655172413793104	41.6	Arthropoda
Planococcuscitri-170843-GCF950023065.1	0.8620689655172413	40.7	Arthropoda
Bemisiatabaci-7038-GCF918797505.1	0.896551724137931	42.1	Arthropoda
Bemisiatabaci-7038-GCA918797505.1	0.896551724137931	42.7	Arthropoda
Aquaticaleii-1421715-GCA035610365.1	0.4137931034482759	41.5	Arthropoda
Pyrocoeliapectoralis-417401-GCA036250285.1	0.3793103448275862	41.7	Arthropoda
Harmoniaaxyridis-115357-GCF914767665.1	0.4137931034482759	41.15	Arthropoda
Coccinellaseptempunctata-41139-GCF907165205.1	0.4482758620689655	41.5	Arthropoda
Aethinatumida-116153-GCF024364675.1	0.4137931034482759	41.6	Arthropoda
Brassicogethesaeneus-1431903-GCA921294245.1	0.4137931034482759	41.85	Arthropoda
Tenebriomolitor-7067-GCF963966145.1	0.31034482758620685	40.6	Arthropoda
Triboliumcastaneum-7070-GCF031307605.1	0.3448275862068966	41.2	Arthropoda
Triboliumcastaneum-7070-GCA000002335.3	0.4137931034482759	42.1	Arthropoda
Triboliumcastaneum-7070-GCF000002335.3	0.3448275862068966	41.2	Arthropoda
Phaedoncochleariae-80249-GCA918026855.4	0.7586206896551724	42.0	Arthropoda
Phyllotretastriolata-444603-GCA918026865.1	0.8275862068965517	41.9	Arthropoda
Psylliodeschrysocephalus-3402493-GCA927349885.1	0.9310344827586207	41.8	Arthropoda
Diabroticabalteata-107213-GCA918026665.1	0.896551724137931	42.2	Arthropoda
Diabroticaundecimpunctata-50387-GCF040954645.1	0.8620689655172413	41.4	Arthropoda
Diorhabdacarinulata-1163345-GCF026250575.1	0.9655172413793104	41.3	Arthropoda
Diorhabdasublineata-1163346-GCF026230105.1	0.9655172413793104	41.7	Arthropoda
Ceutorhynchusassimilis-467358-GCA917834065.1	0.7586206896551724	42.2	Arthropoda
Euwallaceasimilis-1736056-GCF039881205.1	0.9310344827586207	42.0	Arthropoda
Euwallaceafornicatus-995702-GCF040115645.1	0.896551724137931	41.5	Arthropoda
Onthophagustaurus-166361-GCF036711975.1	0.4482758620689655	41.0	Arthropoda
Holotrichiaoblita-644536-GCA023690525.1	0.5172413793103448	43.5	Arthropoda
Bradysiacoprophila-38358-GCF014529535.1	1.0	43.1	Arthropoda
Pseudolycoriellahygida-35572-GCA029228625.1	0.9655172413793104	41.5	Arthropoda
Culicoidesbrevitarsis-469753-GCF036172545.1	1.0	42.2	Arthropoda
Polypedilumvanderplanki-319348-GCA018290095.1	0.9655172413793104	40.9	Arthropoda
Chironomusriparius-315576-GCA917627325.4	1.0	40.4	Arthropoda
Armigeressubalbatus-124917-GCF024139115.2	0.896551724137931	41.1	Arthropoda
Aedesaegypti-7159-GCF002204515.2	0.8620689655172413	41.1	Arthropoda
Aedesalbopictus-7160-GCF035046485.1	0.9655172413793104	40.5	Arthropoda
Uranotaenialowii-190385-GCF029784155.1	0.9655172413793104	40.95	Arthropoda
Wyeomyiasmithii-174621-GCF029784165.1	0.9310344827586207	40.5	Arthropoda
Topomyiayanbarensis-2498891-GCF030247195.1	0.9310344827586207	40.9	Arthropoda
Malayagenurostris-325434-GCF030247185.1	0.9310344827586207	40.7	Arthropoda
Sabethescyaneus-53552-GCF943734655.1	0.896551724137931	41.7	Arthropoda
Culexquinquefasciatus-7176-GCF015732765.1	0.896551724137931	41.2	Arthropoda
Anophelescoustani-139045-GCF943734705.1	0.9655172413793104	42.6	Arthropoda
Anophelesziemanni-345580-GCF943734765.1	0.9655172413793104	42.2	Arthropoda
Anophelesnili-185578-GCF943737925.1	0.9655172413793104	42.2	Arthropoda
Anophelesmaculipalpis-1496333-GCF943734695.1	0.9655172413793104	41.6	Arthropoda
Anophelesstephensi-30069-GCF013141755.1	0.9655172413793104	42.2	Arthropoda
Anophelescoluzzii-1518534-GCF943734685.1	0.9655172413793104	41.2	Arthropoda
Anophelescoluzzii-1518534-GCF016920705.1	0.9655172413793104	41.1	Arthropoda
Anophelesgambiae-180454-GCF000005575.2	0.9310344827586207	42.2	Arthropoda
Anophelesgambiae-180454-GCA000005575.1	0.9310344827586207	42.2	Arthropoda
Anophelesmerus-30066-GCF017562075.2	0.9310344827586207	40.9	Arthropoda
Anophelesarabiensis-7173-GCF016920715.1	0.9655172413793104	41.5	Arthropoda
Anophelesmarshallii-1521116-GCF943734725.1	1.0	41.5	Arthropoda
Anophelesmoucheti-186751-GCF943734755.1	0.9655172413793104	42.7	Arthropoda
Anophelesfunestus-62324-GCF943734845.2	0.9655172413793104	41.5	Arthropoda
Anophelesaquasalis-42839-GCF943734665.1	0.9655172413793104	42.2	Arthropoda
Anophelesalbimanus-7167-GCF013758885.1	0.9655172413793104	40.8	Arthropoda
Anophelesdarlingi-43151-GCF943734745.1	0.9655172413793104	41.4	Arthropoda
Anophelesbellator-139047-GCF943735745.2	0.9655172413793104	42.6	Arthropoda
Anophelescruzii-68878-GCF943734635.1	0.9655172413793104	42.4	Arthropoda
Phlebotomuspapatasi-29031-GCF024763615.1	0.896551724137931	42.5	Arthropoda
Lutzomyialongipalpis-7200-GCF024334085.1	0.9310344827586207	41.4	Arthropoda
Hermetiaillucens-343691-GCA905115235.1	0.896551724137931	42.6	Arthropoda
Hermetiaillucens-343691-GCF905115235.1	0.9310344827586207	41.7	Arthropoda
Megaseliaabdita-88686-GCA048544405.1	0.9655172413793104	41.9	Arthropoda
Episyrphusbalteatus-286459-GCF945859705.1	0.896551724137931	41.7	Arthropoda
Eupeodescorollae-290404-GCF945859685.1	0.9310344827586207	41.9	Arthropoda
Teleopsisdalmanni-139649-GCF002237135.1	0.9655172413793104	42.6	Arthropoda
Zeugodacuscucurbitae-28588-GCF028554725.1	0.896551724137931	41.6	Arthropoda
Bactroceraoleae-104688-GCF042242935.1	0.896551724137931	41.2	Arthropoda
Bactroceradorsalis-27457-GCF023373825.1	0.9310344827586207	41.0	Arthropoda
Bactroceratryoni-59916-GCF016617805.1	0.896551724137931	41.6	Arthropoda
Bactroceraneohumeralis-98809-GCF024586455.1	0.896551724137931	41.6	Arthropoda
Eurostasolidaginis-178769-GCF040869045.1	0.896551724137931	42.9	Arthropoda
Anastrephaludens-28586-GCF028408465.1	0.896551724137931	41.5	Arthropoda
Anastrephaobliqua-95512-GCF027943255.1	0.9310344827586207	41.6	Arthropoda
Drosophilabusckii-30019-GCF001277935.1	0.9310344827586207	42.0	Arthropoda
Drosophilabusckii-30019-GCF011750605.1	0.9655172413793104	41.8	Arthropoda
Drosophilabusckii-30019-GCA001277935.1	0.9310344827586207	42.1	Arthropoda
Drosophilanasuta-42062-GCF023558535.2	0.9310344827586207	41.1	Arthropoda
Drosophilaalbomicans-7291-GCF009650485.2	0.9310344827586207	41.1	Arthropoda
Drosophilainnubila-198719-GCF004354385.1	1.0	41.7	Arthropoda
Drosophilavirilis-7244-GCF030788295.1	0.9310344827586207	41.5	Arthropoda
Drosophilatakahashii-29030-GCF030179915.1	0.9310344827586207	42.0	Arthropoda
Drosophilabipectinata-42026-GCF030179905.1	0.896551724137931	41.7	Arthropoda
Drosophilaananassae-7217-GCF017639315.1	0.896551724137931	41.7	Arthropoda
Drosophilagunungcola-103775-GCA025200985.1	1.0	43.1	Arthropoda
Drosophilagunungcola-103775-GCF025200985.1	1.0	41.85	Arthropoda
Drosophilasantomea-129105-GCF016746245.2	0.9310344827586207	41.8	Arthropoda
Drosophilamauritiana-7226-GCF004382145.1	0.9310344827586207	41.8	Arthropoda
Drosophilamelanogaster-7227-GCA000001215.4	0.9310344827586207	42.4	Arthropoda
Drosophilamelanogaster-7227-GCF000001215.4	0.9310344827586207	42.4	Arthropoda
Drosophilasechellia-7238-GCF004382195.2	0.9310344827586207	41.9	Arthropoda
Drosophilasimulans-7240-GCF000754195.2	0.9310344827586207	42.1	Arthropoda
Drosophilasimulans-7240-GCF016746395.2	0.9310344827586207	42.0	Arthropoda
Drosophilasimulans-7240-GCA000754195.3	0.9310344827586207	42.1	Arthropoda
Drosophilasimulans-7240-GCA000259055.1	0.9655172413793104	42.3	Arthropoda
Drosophilateissieri-7243-GCF016746235.2	0.9310344827586207	41.9	Arthropoda
Drosophilayakuba-7245-GCA000005975.1	0.9310344827586207	41.8	Arthropoda
Drosophilayakuba-7245-GCF016746365.2	0.9310344827586207	42.1	Arthropoda
Drosophilayakuba-7245-GCF000005975.2	0.9310344827586207	41.8	Arthropoda
Drosophilakikkawai-30033-GCF030179895.1	0.896551724137931	41.7	Arthropoda
Drosophilabiarmipes-125945-GCF025231255.1	0.896551724137931	41.3	Arthropoda
Drosophilasubpulchrella-1486046-GCF014743375.2	0.9310344827586207	41.3	Arthropoda
Drosophilasuzukii-28584-GCF037355615.1	0.9310344827586207	42.0	Arthropoda
Drosophilasuzukii-28584-GCF013340165.1	1.0	45.0	Arthropoda
Drosophilasuzukii-28584-GCF043229965.1	0.9655172413793104	42.0	Arthropoda
Drosophilamadeirensis-30013-GCA040893045.1	0.9310344827586207	41.9	Arthropoda
Drosophilasubobscura-7241-GCF008121235.1	0.896551724137931	42.0	Arthropoda
Drosophilamiranda-7229-GCF000269505.1	0.9310344827586207	41.8	Arthropoda
Drosophilamiranda-7229-GCF003369915.1	0.9310344827586207	41.6	Arthropoda
Drosophilapseudoobscura-7237-GCF009870125.1	0.9310344827586207	41.5	Arthropoda
Drosophilawillistoni-7260-GCF018902025.1	1.0	42.6	Arthropoda
Stomoxyscalcitrans-35570-GCF963082655.1	0.9310344827586207	41.3	Arthropoda
Haematobiairritans-7368-GCF050003625.1	0.896551724137931	41.8	Arthropoda
Calliphoravicina-7373-GCF958450345.1	0.896551724137931	42.5	Arthropoda
Luciliacuprina-7375-GCF022045245.1	0.896551724137931	42.2	Arthropoda
Belonocnemakinseyi-2817044-GCF010883055.1	0.6896551724137931	42.0	Arthropoda
Eretmocerushayati-131215-GCA029851415.1	0.8275862068965517	41.6	Arthropoda
Nasoniavitripennis-7425-GCF000002325.3	0.8275862068965517	42.5	Arthropoda
Nasoniavitripennis-7425-GCF009193385.2	0.7931034482758621	42.4	Arthropoda
Diachasmimorphalongicaudata-58733-GCF034640455.1	0.7586206896551724	41.9	Arthropoda
Cotesiaglomerata-32391-GCF020080835.1	0.6551724137931034	41.6	Arthropoda
Cotesiaglomerata-32391-GCA020080835.1	0.6896551724137931	43.1	Arthropoda
Microplitismediator-375433-GCF029852145.1	0.6551724137931034	41.6	Arthropoda
Microplitisdemolitor-69319-GCF026212275.2	0.6551724137931034	41.9	Arthropoda
Aphidiusgifuensis-684658-GCF014905175.1	0.8620689655172413	41.9	Arthropoda
Aphidiusgifuensis-684658-GCA014905175.1	0.8275862068965517	41.9	Arthropoda
Venturiacanescens-32260-GCF019457755.1	0.6206896551724138	41.8	Arthropoda
Hylaeusvolcanicus-313075-GCF026283585.1	0.7586206896551724	41.95	Arthropoda
Ptiloglossaarizonensis-3350558-GCF051014685.1	0.6206896551724138	41.7	Arthropoda
Megachilerotundata-143995-GCF050947335.1	0.6896551724137931	41.7	Arthropoda
Calliopsisandreniformis-337506-GCF051401765.1	0.7586206896551724	42.55	Arthropoda
Bombuspascuorum-65598-GCF905332965.1	0.6551724137931034	41.9	Arthropoda
Bombushuntii-85661-GCF024542735.1	0.6896551724137931	41.6	Arthropoda
Bombusfervidus-203811-GCF041682495.2	0.6896551724137931	41.8	Arthropoda
Bombusterrestris-30195-GCF910591885.1	0.6896551724137931	41.9	Arthropoda
Bombusterrestris-30195-GCF000214255.1	0.6551724137931034	42.0	Arthropoda
Bombusaffinis-309941-GCF024516045.1	0.6896551724137931	41.8	Arthropoda
Bombuspyrosoma-396416-GCF014825855.1	0.6896551724137931	41.6	Arthropoda
Apismellifera-7460-GCF003254395.2	0.6896551724137931	41.4	Arthropoda
Apismellifera-7460-GCF000002195.4	0.6551724137931034	41.5	Arthropoda
Apiscerana-7461-GCF029169275.1	0.6551724137931034	41.9	Arthropoda
Nomiamelanderi-2448451-GCF051020985.1	0.6206896551724138	41.6	Arthropoda
Lasioglossumbaleicum-434251-GCF051020765.1	0.6896551724137931	41.8	Arthropoda
Megaloptagenalis-115081-GCF051020955.1	0.7241379310344828	41.9	Arthropoda
Ooceraeabiroi-2015173-GCF003672135.1	1.0	42.6	Arthropoda
Ooceraeabiroi-2015173-GCA003672135.1	1.0	43.15	Arthropoda
Cardiocondylaobscurior-286306-GCF019399895.1	1.0	42.1	Arthropoda
Cardiocondylaobscurior-286306-GCA019399895.2	1.0	42.4	Arthropoda
Temnothoraxlongispinosus-300112-GCF030848805.1	0.896551724137931	42.1	Arthropoda
Solenopsisinvicta-13686-GCF016802725.1	0.8620689655172413	41.7	Arthropoda
Monomoriumpharaonis-307658-GCF013373865.1	0.9310344827586207	41.5	Arthropoda
Pogonomyrmexcalifornicus-144036-GCA050084945.1	0.896551724137931	43.0	Arthropoda
Cataglyphishispanica-1086592-GCF021464435.1	0.9310344827586207	42.1	Arthropoda
Cataglyphisniger-72791-GCA050437125.1	0.896551724137931	42.9	Arthropoda
Anoplolepisgracilipes-354296-GCF047496725.1	0.8620689655172413	41.9	Arthropoda
Lasiusplatythorax-488582-GCA964030505.2	0.8620689655172413	42.3	Arthropoda
Linepithemahumile-83485-GCF040581485.1	0.9310344827586207	41.9	Arthropoda
Vespavelutina-202808-GCF912470025.1	1.0	41.6	Arthropoda
Vespacrabro-7445-GCF910589235.1	1.0	42.1	Arthropoda
Vespulagermanica-30212-GCA014466195.1	1.0	43.4	Arthropoda
Vespulapensylvanica-30213-GCF014466175.1	1.0	42.1	Arthropoda
Vespulapensylvanica-30213-GCA014466175.1	1.0	42.9	Arthropoda
Vespulavulgaris-7454-GCA014466185.1	1.0	43.4	Arthropoda
Vespulavulgaris-7454-GCF905475345.1	1.0	42.3	Arthropoda
Athaliarosae-37344-GCF917208135.1	0.6896551724137931	41.7	Arthropoda
Neodiprionfabricii-2872261-GCF021155785.1	0.48275862068965514	41.9	Arthropoda
Neodiprionvirginianus-2961670-GCF021901495.1	0.48275862068965514	41.8	Arthropoda
Neodiprionlecontei-441921-GCF021901455.1	0.48275862068965514	41.8	Arthropoda
Neodiprionpinetum-441929-GCF021155775.2	0.5172413793103448	41.7	Arthropoda
Diprionsimilis-362088-GCF021155765.1	0.5172413793103448	42.2	Arthropoda
Choristoneurafumiferana-7141-GCA025370935.1	0.24137931034482762	42.25	Arthropoda
Choristoneurafumiferana-7141-GCF025370935.1	0.24137931034482762	42.1	Arthropoda
Leguminivoraglycinivorella-1035111-GCF023078275.1	0.24137931034482762	41.5	Arthropoda
Cydiasplendana-1100963-GCF910591565.1	0.24137931034482762	41.6	Arthropoda
Cydiastrobilella-1100964-GCF947568885.1	0.24137931034482762	42.1	Arthropoda
Cydiafagiglandana-1458189-GCF963556715.1	0.2068965517241379	42.1	Arthropoda
Cydiaamplana-1869771-GCF948474715.1	0.2068965517241379	41.9	Arthropoda
Cydiapomonella-82600-GCF033807575.1	0.24137931034482762	41.25	Arthropoda
Bombyxmori-7091-GCF014905235.1	0.2068965517241379	41.2	Arthropoda
Bombyxmori-7091-GCF030269925.1	0.2068965517241379	41.3	Arthropoda
Dendrolimuskikuchii-765133-GCA019925095.2	0.24137931034482762	41.7	Arthropoda
Manducasexta-7130-GCF014839805.1	0.24137931034482762	42.3	Arthropoda
Anticarsiagemmatalis-129554-GCF050436995.1	0.2068965517241379	41.7	Arthropoda
Helicoverpaarmigera-29058-GCF023701775.1	0.27586206896551724	41.5	Arthropoda
Helicoverpaarmigera-29058-GCF030705265.1	0.24137931034482762	42.1	Arthropoda
Helicoverpazea-7113-GCF022581195.2	0.24137931034482762	41.5	Arthropoda
Mythimnaseparata-271217-GCA029852925.1	0.24137931034482762	42.1	Arthropoda
Mythimnaloreyi-667449-GCA029852875.1	0.24137931034482762	41.7	Arthropoda
Spodopteralitura-69820-GCF002706865.2	0.27586206896551724	41.8	Arthropoda
Spodopteraexigua-7107-GCA902829305.4	0.27586206896551724	42.0	Arthropoda
Spodopterafrugiperda-7108-GCF011064685.2	0.31034482758620685	41.4	Arthropoda
Spodopterafrugiperda-7108-GCF023101765.2	0.24137931034482762	41.2	Arthropoda
Spodopteralittoralis-7109-GCA902850265.1	0.27586206896551724	41.75	Arthropoda
Chrysodeixisincludens-689277-GCA903961255.1	0.27586206896551724	42.1	Arthropoda
Trichoplusiani-7111-GCF003590095.1	0.4137931034482759	41.9	Arthropoda
Ariciaagestis-91739-GCF905147365.1	0.24137931034482762	42.1	Arthropoda
Danausplexippus-13037-GCF018135715.1	0.31034482758620685	41.6	Arthropoda
Brenthisino-405034-GCA921882275.1	0.48275862068965514	41.9	Arthropoda
Vanessacardui-171605-GCF905220365.1	0.24137931034482762	42.2	Arthropoda
Vanessatameamea-334116-GCF037043105.1	0.27586206896551724	41.7	Arthropoda
Vanessaatalanta-42275-GCF905147765.1	0.24137931034482762	41.9	Arthropoda
Nymphalisio-171585-GCF905147045.1	0.24137931034482762	41.7	Arthropoda
Melitaeacinxia-113334-GCF905220565.1	0.27586206896551724	42.0	Arthropoda
Maniolajurtina-191418-GCF905333055.1	0.24137931034482762	41.5	Arthropoda
Bicyclusanynana-110368-GCF947172395.1	0.24137931034482762	41.3	Arthropoda
Parargeaegeria-116150-GCF905163445.1	0.2068965517241379	41.8	Arthropoda
Pierisrapae-64459-GCF905147795.1	0.5517241379310345	41.6	Arthropoda
Pierisbrassicae-7116-GCF905147105.1	0.6551724137931034	42.0	Arthropoda
Pierisnapi-78633-GCF905475465.1	0.5517241379310345	41.5	Arthropoda
Zerenecesonia-33412-GCF012273895.1	0.27586206896551724	41.9	Arthropoda
Coliascroceus-72248-GCF905220415.1	0.24137931034482762	42.5	Arthropoda
Iphiclidespodalirius-110791-GCA933534255.1	0.24137931034482762	42.0	Arthropoda
Papiliomachaon-76193-GCF912999745.1	0.2068965517241379	42.3	Arthropoda
Ostrinianubilalis-29057-GCF963855985.1	0.24137931034482762	42.3	Arthropoda
Loxostegesticticalis-481309-GCA040581535.1	0.24137931034482762	41.9	Arthropoda
Loxostegesticticalis-481309-GCA040581525.1	0.24137931034482762	41.8	Arthropoda
Chilosuppressalis-168631-GCA902850365.2	0.24137931034482762	41.7	Arthropoda
Diatraeasaccharalis-40085-GCA918026875.4	0.31034482758620685	43.0	Arthropoda
Plodiainterpunctella-58824-GCF027563975.2	0.24137931034482762	41.2	Arthropoda
Pectinophoragossypiella-13191-GCF024362695.1	0.27586206896551724	41.3	Arthropoda
Plutellaxylostella-51655-GCA019096205.1	0.24137931034482762	41.9	Arthropoda
Plutellaxylostella-51655-GCF932276165.1	0.27586206896551724	42.2	Arthropoda
Chrysoperlacarnea-189513-GCF905475395.1	0.5862068965517242	42.7	Arthropoda
Pycnogonumlitorale-261975-GCA964442445.1	1.0	40.2	Arthropoda
Tachypleustridentatus-6853-GCF004210375.1	0.48275862068965514	43.3	Arthropoda
Cordylochernesscorpioides-51811-GCA030710605.1	0.8620689655172413	43.1	Arthropoda
Parasteatodatepidariorum-114398-GCF043381705.1	0.7931034482758621	41.7	Arthropoda
Argiopebruennichi-94029-GCA015342795.1	0.7586206896551724	42.5	Arthropoda
Argiopebruennichi-94029-GCF947563725.1	0.7586206896551724	41.6	Arthropoda
Oedothoraxgibbosus-931172-GCA019343175.1	0.8620689655172413	42.9	Arthropoda
Uloborusdiversus-327109-GCF026930045.1	0.9310344827586207	43.6	Arthropoda
Ornithodorosturicata-34597-GCF037126465.1	0.0	41.9	Arthropoda
Hyalommaasiaticum-266040-GCA013339685.2	0.13793103448275867	44.8	Arthropoda
Dermacentorandersoni-34620-GCF023375885.2	0.0	42.2	Arthropoda
Dermacentorvariabilis-34621-GCF050947875.1	0.06896551724137934	42.2	Arthropoda
Dermacentorsilvarum-543639-GCF013339745.2	0.0	42.7	Arthropoda
Dermacentorsilvarum-543639-GCA013339745.2	0.1724137931034483	44.3	Arthropoda
Dermacentoralbipictus-60249-GCF038994185.2	0.10344827586206895	41.4	Arthropoda
Rhipicephalussanguineus-34632-GCF013339695.2	0.0	42.9	Arthropoda
Rhipicephalussanguineus-34632-GCA013339695.2	0.1724137931034483	43.9	Arthropoda
Rhipicephalusmicroplus-6941-GCF013339725.1	0.03448275862068961	43.2	Arthropoda
Rhipicephalusmicroplus-6941-GCF043290135.1	0.0	42.2	Arthropoda
Rhipicephalusmicroplus-6941-GCA013339725.1	0.06896551724137934	45.7	Arthropoda
Haemaphysalislongicornis-44386-GCA013339765.2	0.2068965517241379	44.6	Arthropoda
Ixodespacificus-29930-GCA964199305.2	0.03448275862068961	45.2	Arthropoda
Ixodeshexagonus-34612-GCA964199285.2	0.0	43.7	Arthropoda
Ixodespersulcatus-34615-GCA964199295.2	0.0	43.5	Arthropoda
Brevipalpusobovatus-246614-GCF050580445.1	1.0	41.45	Arthropoda
Dermatophagoidesfarinae-6954-GCF024713945.1	0.4482758620689655	41.1	Arthropoda
Sarcoptesscabiei-52283-GCA020844145.1	0.10344827586206895	41.3	Arthropoda
Blomiatropicalis-40697-GCA029204025.1	0.3448275862068966	40.3	Arthropoda
Watersiporasubatra-2589382-GCF963576615.1	0.3793103448275862	40.7	Protostomia
Neoechinorhynchusagilis-2593365-GCA051530055.1	0.9655172413793104	38.8	Protostomia
Trichobilharziaregenti-157069-GCA944472135.2	0.7586206896551724	40.0	Protostomia
Trichobilharziaszidati-157070-GCA944472155.2	0.6206896551724138	40.1	Protostomia
Heterobilharziaamericana-39320-GCA944470545.2	0.6896551724137931	40.2	Protostomia
Heterobilharziaamericana-39320-GCA944470555.2	0.7241379310344828	40.1	Protostomia
Schistosomaturkestanicum-1163369-GCA944470395.2	0.7241379310344828	40.5	Protostomia
Schistosomamattheei-31246-GCA944470405.2	0.6551724137931034	40.0	Protostomia
Schistosomamekongi-38744-GCA034768735.1	0.7586206896551724	40.4	Protostomia
Schistosomaguineensis-393876-GCA944470375.2	0.7586206896551724	39.2	Protostomia
Schistosomamargrebowiei-48269-GCA944470205.2	0.6551724137931034	39.8	Protostomia
Schistosomajaponicum-6182-GCA021461655.1	0.7586206896551724	40.4	Protostomia
Schistosomamansoni-6183-GCA000237925.2	0.8275862068965517	40.9	Protostomia
Schistosomabovis-6184-GCA944470445.2	0.6896551724137931	39.8	Protostomia
Schistosomabovis-6184-GCA944470425.2	0.6896551724137931	39.5	Protostomia
Schistosomahaematobium-6185-GCA000699445.3	0.7241379310344828	41.1	Protostomia
Schistosomahaematobium-6185-GCA944470455.2	0.6896551724137931	39.1	Protostomia
Schistosomahaematobium-6185-GCA944470465.2	0.6896551724137931	38.8	Protostomia
Schistosomahaematobium-6185-GCF000699445.3	0.7241379310344828	41.1	Protostomia
Schistosomacurassoni-6186-GCA944474815.3	0.6896551724137931	39.6	Protostomia
Schistosomaintercalatum-6187-GCA944470365.2	0.6551724137931034	39.4	Protostomia
Schistosomaintercalatum-6187-GCA944470385.2	0.7241379310344828	39.6	Protostomia
Schistosomarodhaini-6188-GCA944470415.2	0.6896551724137931	39.2	Protostomia
Schistosomarodhaini-6188-GCA944470435.2	0.7586206896551724	39.9	Protostomia
Schistosomaspindalis-6189-GCA946903255.1	0.6896551724137931	39.5	Protostomia
Dicrocoeliumdendriticum-57078-GCA944474145.2	0.9655172413793104	40.1	Protostomia
Clonorchissinensis-79923-GCA003604175.2	0.7586206896551724	40.0	Protostomia
Spirometrasp-3031171-GCA051168835.1	0.8620689655172413	40.1	Protostomia
Echinococcusgranulosus-6210-GCA021556725.1	0.7931034482758621	39.9	Protostomia
Lineuslongissimus-88925-GCF910592395.1	0.0	41.8	Protostomia
Tubulanuspolymorphus-672921-GCF964204645.1	0.0	42.9	Protostomia
Argopectenirradians-31199-GCF041381155.1	0.0	44.8	Mollusca
Pectenmaximus-6579-GCF902652985.1	0.0	45.6	Mollusca
Mytilusgalloprovincialis-29158-GCF965363235.1	0.0	42.0	Mollusca
Mytilusedulis-6550-GCF963676685.1	0.0	42.1	Mollusca
Mytilustrossulus-6551-GCF036588685.1	0.0	42.2	Mollusca
Tegillarcagranosa-220873-GCA029721355.1	0.0	43.9	Mollusca
Magallanaangulata-2784310-GCF025612915.1	0.0	41.7	Mollusca
Magallanagigas-29159-GCF963853765.1	0.0	41.3	Mollusca
Ostreaedulis-37623-GCF947568905.1	0.0	41.3	Mollusca
Crassostreavirginica-6565-GCF002022765.2	0.0	41.7	Mollusca
Sinanodontawoodiana-1069815-GCA046254885.1	0.0	43.1	Mollusca
Dreissenapolymorpha-45954-GCF020536995.1	0.03448275862068961	41.9	Mollusca
Dreissenapolymorpha-45954-GCA020536995.1	0.03448275862068961	45.1	Mollusca
Myaarenaria-6604-GCF026914265.1	0.0	40.4	Mollusca
Myaarenaria-6604-GCA026914265.1	0.0	40.8	Mollusca
Mactraantiquata-2302425-GCA047288015.1	0.0	42.9	Mollusca
Mercenariamercenaria-6596-GCF021730395.1	0.0	41.2	Mollusca
Mercenariamercenaria-6596-GCF014805675.1	0.0	41.0	Mollusca
Haliotisasinina-109174-GCF037392515.1	0.0	42.25	Mollusca
Bradybaenasimilaris-145626-GCA050415755.1	0.0	43.0	Mollusca
Biomphalariaglabrata-6526-GCA025434175.2	0.0	43.7	Mollusca
Biomphalariaglabrata-6526-GCF947242115.1	0.0	41.2	Mollusca
Gigantopeltaaegis-1735272-GCF016097555.1	0.0	42.9	Mollusca
Littorinasaxatilis-31220-GCA037325665.1	0.0	43.8	Mollusca
Littorinasaxatilis-31220-GCF037325665.1	0.0	42.6	Mollusca
Babyloniaareolata-304850-GCF041734735.1	0.0	42.1	Mollusca
Pomaceacanaliculata-400727-GCA003073045.1	0.0	42.8	Mollusca
Pomaceacanaliculata-400727-GCF003073045.1	0.0	42.8	Mollusca
Patellavulgata-6465-GCF932274485.2	0.0	43.1	Mollusca
Octopussinensis-2607531-GCF006345805.1	0.3448275862068966	42.2	Mollusca
Octopusbimaculoides-37653-GCF001194135.2	0.3448275862068966	42.5	Mollusca
Octopusvulgaris-6645-GCA951406725.2	0.3448275862068966	43.1	Mollusca
Liolophurasinensis-3198878-GCF032854445.1	0.0	43.2	Mollusca
Adinetavaga-104782-GCA021613535.1	1.0	39.4	Protostomia
Ptychoderaflava-63121-GCF041260155.1	0.0	41.3	Deuterostomia
Asteriasamurensis-7602-GCF032118995.1	0.0	41.3	Deuterostomia
Asteriasrubens-7604-GCF902459465.1	0.0	42.0	Deuterostomia
Amphiurafiliformis-82378-GCF039555335.1	0.0	40.5	Deuterostomia
Diademasetosum-31175-GCF964275005.1	0.0	42.8	Deuterostomia
Lytechinuspictus-7653-GCF037042905.1	0.0	42.0	Deuterostomia
Lytechinuspictus-7653-GCF015342785.2	0.0	42.6	Deuterostomia
Lytechinusvariegatus-7654-GCF018143015.1	0.0	41.5	Deuterostomia
Holothurialeucospilota-206669-GCA029531755.1	0.0	41.2	Deuterostomia
Apostichopusjaponicus-307972-GCF037975245.1	0.0	39.2	Deuterostomia
Antedonmediterranea-105859-GCF964355755.1	0.0	41.3	Deuterostomia
Oikopleuradioica-34765-GCA907165135.1	1.0	39.5	Deuterostomia
Cionaintestinalis-7719-GCF000224145.3	0.48275862068965514	40.1	Deuterostomia
Branchiostomafloridae-7739-GCF000003815.2	0.03448275862068961	42.0	Deuterostomia
Branchiostomalanceolatum-7740-GCA927797965.1	0.03448275862068961	41.9	Deuterostomia
Lampetrafluviatilis-7748-GCA965212235.1	0.06896551724137934	43.0	Vertebrata
Lampetraplaneri-7750-GCA965212315.1	0.10344827586206895	42.9	Vertebrata
Lethenteronreissneri-7753-GCF015708825.1	0.06896551724137934	42.4	Vertebrata
Petromyzonmarinus-7757-GCF010993605.1	0.06896551724137934	41.9	Vertebrata
Petromyzonmarinus-7757-GCF048934315.1	0.06896551724137934	41.6	Vertebrata
Myxineglutinosa-7769-GCF040869285.1	0.31034482758620685	42.2	Vertebrata
Protopterusannectens-7888-GCF019279795.1	0.2068965517241379	42.6	Vertebrata
Pelodiscussinensis-13735-GCF049634645.1	0.10344827586206895	41.5	Vertebrata
Carettochelysinsculpta-44489-GCF033958435.1	0.10344827586206895	42.2	Vertebrata
Dermochelyscoriacea-27794-GCF009764565.3	0.13793103448275867	42.2	Vertebrata
Carettacaretta-8467-GCA965117115.1	0.13793103448275867	43.0	Vertebrata
Carettacaretta-8467-GCF023653815.2	0.13793103448275867	42.1	Vertebrata
Cheloniamydas-8469-GCF015237465.2	0.13793103448275867	42.0	Vertebrata
Mauremysreevesii-260615-GCF016161935.1	0.13793103448275867	41.9	Vertebrata
Mauremysmutica-74926-GCA020497125.1	0.2068965517241379	43.6	Vertebrata
Mauremysmutica-74926-GCF020497125.1	0.1724137931034483	42.2	Vertebrata
Chelonoidisabingdonii-106734-GCF003597395.2	0.06896551724137934	42.4	Vertebrata
Gopherusevgoodei-1825980-GCF007399415.2	0.1724137931034483	42.0	Vertebrata
Gopherusflavomarginatus-286002-GCF025201925.1	0.13793103448275867	42.1	Vertebrata
Anasacuta-28680-GCF963932015.1	0.06896551724137934	41.6	Vertebrata
Anasplatyrhynchos-8839-GCF003850225.1	0.10344827586206895	41.8	Vertebrata
Anasplatyrhynchos-8839-GCF015476345.1	0.03448275862068961	41.7	Vertebrata
Oxyurajamaicensis-8884-GCF011077185.1	0.06896551724137934	41.7	Vertebrata
Aythyafuligula-219594-GCF009819795.1	0.06896551724137934	42.1	Vertebrata
Ansercygnoides-8845-GCF040182565.1	0.03448275862068961	41.6	Vertebrata
Cygnusatratus-8868-GCF013377495.2	0.03448275862068961	42.0	Vertebrata
Cygnusolor-8869-GCF009769625.2	0.06896551724137934	41.8	Vertebrata
Numidameleagris-8996-GCF002078875.1	0.1724137931034483	42.0	Vertebrata
Coturnixjaponica-93934-GCF001577835.2	0.10344827586206895	41.8	Vertebrata
Lagopusmuta-64668-GCF023343835.1	0.06896551724137934	41.7	Vertebrata
Gallusgallus-9031-GCF000002315.6	0.06896551724137934	42.0	Vertebrata
Gallusgallus-9031-GCF016699485.2	0.10344827586206895	42.1	Vertebrata
Gallusgallus-9031-GCF016700215.2	0.10344827586206895	42.1	Vertebrata
Meleagrisgallopavo-9103-GCF000146605.3	0.06896551724137934	43.2	Vertebrata
Nyctibiusgrandis-48427-GCF013368605.1	0.1724137931034483	42.9	Vertebrata
Apusapus-8895-GCF020740795.1	0.03448275862068961	42.4	Vertebrata
Calypteanna-9244-GCF003957555.1	0.06896551724137934	43.1	Vertebrata
Phaenicophaeuscurvirostris-33595-GCF032191515.1	0.03448275862068961	42.2	Vertebrata
Cuculuscanorus-55661-GCF017976375.1	0.03448275862068961	42.0	Vertebrata
Gymnogypscalifornianus-33616-GCF018139145.2	0.10344827586206895	43.5	Vertebrata
Harpiaharpyja-202280-GCF026419915.1	0.1724137931034483	42.1	Vertebrata
Buteobuteo-30397-GCF964188355.1	0.13793103448275867	42.5	Vertebrata
Asturgentilis-8957-GCF929443795.1	0.1724137931034483	42.4	Vertebrata
Haliaeetusalbicilla-8969-GCF947461875.1	0.1724137931034483	42.1	Vertebrata
Athenenoctua-126797-GCF965140245.1	0.06896551724137934	42.7	Vertebrata
Strixuralensis-36305-GCF047716275.1	0.06896551724137934	42.5	Vertebrata
Buboscandiacus-371907-GCA965212775.1	0.10344827586206895	43.2	Vertebrata
Buboscandiacus-371907-GCA965212795.1	0.06896551724137934	43.1	Vertebrata
Falcorusticolus-120794-GCF015220075.1	0.10344827586206895	42.7	Vertebrata
Falconaumanni-148594-GCF017639655.2	0.10344827586206895	42.5	Vertebrata
Falcoperegrinus-8954-GCF023634155.1	0.13793103448275867	42.4	Vertebrata
Cincluscinclus-127875-GCF963662255.1	0.06896551724137934	43.9	Vertebrata
Ammospizacaudacuta-2857398-GCF027887145.1	0.10344827586206895	43.8	Vertebrata
Melospizageorgiana-44398-GCF028018845.1	0.06896551724137934	42.3	Vertebrata
Agelaiusphoeniceus-39638-GCF020745825.1	0.10344827586206895	44.0	Vertebrata
Molothrusaeneus-84833-GCF037042795.1	0.06896551724137934	42.8	Vertebrata
Molothrusater-84834-GCF012460135.2	0.10344827586206895	42.5	Vertebrata
Anomalospizaimberbis-187417-GCF031753505.1	0.10344827586206895	42.1	Vertebrata
Viduamacroura-187451-GCF024509145.1	0.06896551724137934	42.7	Vertebrata
Viduachalybeata-81927-GCF026979565.1	0.06896551724137934	42.6	Vertebrata
Geothlypistrichas-135433-GCA009764595.1	0.10344827586206895	42.6	Vertebrata
Lonchurastriata-40157-GCF005870125.1	0.10344827586206895	42.6	Vertebrata
Taeniopygiaguttata-59729-GCF000151805.1	0.06896551724137934	43.6	Vertebrata
Taeniopygiaguttata-59729-GCF003957565.2	0.10344827586206895	42.1	Vertebrata
Taeniopygiaguttata-59729-GCF008822105.2	0.10344827586206895	41.9	Vertebrata
Coccothraustescoccothraustes-37609-GCA965649865.1	0.06896551724137934	43.4	Vertebrata
Serinuscanaria-9135-GCF022539315.1	0.10344827586206895	42.6	Vertebrata
Priniasubflava-208062-GCF021018805.1	0.06896551724137934	41.95	Vertebrata
Sylviaatricapilla-48155-GCF009819655.1	0.10344827586206895	43.4	Vertebrata
Hirundorustica-43150-GCF015227805.2	0.10344827586206895	42.3	Vertebrata
Mimusmelanotis-245851-GCA042985785.1	0.10344827586206895	44.4	Vertebrata
Corvusmoneduloides-1196302-GCF009650955.1	0.06896551724137934	41.9	Vertebrata
Corvushawaiiensis-134902-GCF020740725.1	0.10344827586206895	41.7	Vertebrata
Aphelocomacoerulescens-39617-GCF041296385.1	0.06896551724137934	42.2	Vertebrata
Chiroxiphialanceolata-296741-GCF009829145.1	0.06896551724137934	42.0	Vertebrata
Oenanthemelanoleuca-2939378-GCF029582105.1	0.10344827586206895	42.6	Vertebrata
Ficedulaalbicollis-59894-GCF000247815.1	0.06896551724137934	42.9	Vertebrata
Camarhynchusparvulus-87175-GCF901933205.1	0.06896551724137934	42.35	Vertebrata
Poecileatricapillus-48891-GCF030490865.1	0.10344827586206895	42.8	Vertebrata
Parusmajor-9157-GCF001522545.3	0.10344827586206895	42.2	Vertebrata
Lamprotornissuperbus-245042-GCA015883425.2	0.10344827586206895	43.1	Vertebrata
Catharusustulatus-91951-GCF009819885.2	0.10344827586206895	41.8	Vertebrata
Melopsittacusundulatus-13146-GCF012275295.1	0.2068965517241379	42.9	Vertebrata
Indicatorindicator-1002788-GCF027791375.1	0.1724137931034483	43.4	Vertebrata
Pogoniuluspusillus-488313-GCF015220805.1	0.13793103448275867	42.1	Vertebrata
Dryobatespubescens-118200-GCF014839835.1	0.13793103448275867	43.2	Vertebrata
Calonectrisborealis-1323832-GCF964195595.1	0.10344827586206895	43.6	Vertebrata
Mycteriaamericana-33587-GCF035582795.1	0.13793103448275867	42.5	Vertebrata
Mycteriaamericana-33587-GCA035582795.1	0.1724137931034483	40.6	Vertebrata
Ciconiaboyciana-52775-GCF034638445.1	0.06896551724137934	42.5	Vertebrata
Pelecanuscrispus-36300-GCF030463565.1	0.10344827586206895	44.3	Vertebrata
Phalacrocoraxaristotelis-126867-GCF949628215.1	0.13793103448275867	42.5	Vertebrata
Phalacrocoraxcarbo-9209-GCF963921805.1	0.06896551724137934	42.3	Vertebrata
Aptenodytespatagonicus-9234-GCF965638725.1	0.10344827586206895	42.3	Vertebrata
Chroicocephalusridibundus-1192867-GCF963924245.1	0.13793103448275867	42.2	Vertebrata
Rissatridactyla-75485-GCF028500815.1	0.10344827586206895	42.4	Vertebrata
Larusmichahellis-119627-GCF964199755.1	0.13793103448275867	42.1	Vertebrata
Numeniusarquata-31919-GCF964106895.1	0.10344827586206895	43.5	Vertebrata
Grusamericana-9117-GCF028858705.1	0.06896551724137934	41.9	Vertebrata
Thamnophiselegans-35005-GCF009769535.1	0.1724137931034483	43.2	Vertebrata
Ahaetullaprasina-499056-GCF028640845.1	0.13793103448275867	42.8	Vertebrata
Najanaja-35670-GCA009733165.1	0.2068965517241379	44.1	Vertebrata
Crotalusadamanteus-8729-GCA039797435.1	0.13793103448275867	44.1	Vertebrata
Anoliscarolinensis-28377-GCF035594765.1	0.24137931034482762	41.9	Vertebrata
Anoliscarolinensis-28377-GCF000090745.2	0.3448275862068966	42.2	Vertebrata
Phrynosomaplatyrhinos-52577-GCA020142125.1	0.27586206896551724	42.7	Vertebrata
Sceloporusundulatus-8520-GCF019175285.1	0.2068965517241379	42.1	Vertebrata
Pogonavitticeps-103695-GCF047335585.1	0.13793103448275867	42.1	Vertebrata
Podarcismuralis-64176-GCF004329235.1	0.13793103448275867	42.3	Vertebrata
Podarcisraffonei-65483-GCF027172205.1	0.13793103448275867	42.1	Vertebrata
Podarcislilfordi-74358-GCA947686815.1	0.13793103448275867	43.1	Vertebrata
Lacertaagilis-80427-GCF009819535.1	0.13793103448275867	42.7	Vertebrata
Zootocavivipara-8524-GCF011800845.1	0.06896551724137934	42.4	Vertebrata
Zootocavivipara-8524-GCF963506605.1	0.13793103448275867	42.3	Vertebrata
Hemicordyluscapensis-884348-GCF027244095.1	0.2068965517241379	41.8	Vertebrata
Eulepteseuropaea-460621-GCF029931775.1	0.13793103448275867	43.4	Vertebrata
Sphaerodactylustownsendi-933632-GCF021028975.2	0.10344827586206895	42.3	Vertebrata
Gekkokuhli-1118402-GCA051903775.1	0.2068965517241379	46.5	Vertebrata
Heteronotiabinoei-13085-GCF032191835.1	0.13793103448275867	42.7	Vertebrata
Eublepharismacularius-481883-GCF028583425.1	0.13793103448275867	42.7	Vertebrata
Monodelphisdomestica-13616-GCF027887165.1	0.2068965517241379	42.3	Vertebrata
Monodelphisdomestica-13616-GCF000002295.2	0.24137931034482762	42.1	Vertebrata
Gracilinanusagilis-191870-GCF016433145.1	0.2068965517241379	43.7	Vertebrata
Dromiciopsgliroides-33562-GCF019393635.1	0.27586206896551724	43.1	Vertebrata
Antechinusflavipes-38775-GCF016432865.1	0.27586206896551724	43.0	Vertebrata
Sminthopsiscrassicaudata-9301-GCF048593235.1	0.24137931034482762	42.3	Vertebrata
Sarcophilusharrisii-9305-GCF902635505.1	0.27586206896551724	42.1	Vertebrata
Notamacropuseugenii-9315-GCF028372415.1	0.27586206896551724	42.0	Vertebrata
Trichosurusvulpecula-9337-GCF011100635.1	0.24137931034482762	43.4	Vertebrata
Macrotislagotis-92651-GCF037893015.1	0.27586206896551724	42.2	Vertebrata
Acinonyxjubatus-32536-GCF027475565.1	0.2068965517241379	41.5	Vertebrata
Prionailurusbengalensis-37029-GCF016509475.1	0.1724137931034483	42.2	Vertebrata
Prionailurusviverrinus-61388-GCF022837055.1	0.1724137931034483	42.1	Vertebrata
Leopardusgeoffroyi-46844-GCF018350155.1	0.1724137931034483	41.8	Vertebrata
Feliscatus-9685-GCF018350175.1	0.1724137931034483	41.5	Vertebrata
Neofelisnebulosa-61452-GCF028018385.1	0.1724137931034483	42.0	Vertebrata
Pantherauncia-29064-GCF023721935.1	0.24137931034482762	43.6	Vertebrata
Pantheraleo-9689-GCF018350215.1	0.2068965517241379	42.3	Vertebrata
Pantheraonca-9690-GCF028533385.1	0.1724137931034483	42.3	Vertebrata
Pantheratigris-9694-GCF018350195.1	0.1724137931034483	42.4	Vertebrata
Suricatasuricatta-37032-GCF006229205.1	0.13793103448275867	42.5	Vertebrata
Zalophuscalifornianus-9704-GCF009762305.2	0.13793103448275867	42.1	Vertebrata
Neomonachusschauinslandi-29088-GCF002201575.2	0.2068965517241379	43.5	Vertebrata
Miroungaangustirostris-9716-GCF021288785.2	0.1724137931034483	43.0	Vertebrata
Neogalevison-452646-GCF020171115.1	0.1724137931034483	41.9	Vertebrata
Mustelaerminea-36723-GCF009829155.1	0.06896551724137934	41.7	Vertebrata
Mustelanigripes-77151-GCF022355385.1	0.24137931034482762	42.0	Vertebrata
Mustelalutreola-9666-GCF030435805.1	0.24137931034482762	42.0	Vertebrata
Lutralutra-9657-GCF902655055.1	0.13793103448275867	42.1	Vertebrata
Melesmeles-9662-GCF922984935.1	0.13793103448275867	41.9	Vertebrata
Vulpeslagopus-494514-GCF018345385.1	0.27586206896551724	42.0	Vertebrata
Vulpesvulpes-9627-GCF048418805.1	0.2068965517241379	41.7	Vertebrata
Ursusarctos-9644-GCF023065955.2	1.0	45.9	Vertebrata
Ailuropodamelanoleuca-9646-GCF002007445.2	0.2068965517241379	41.9	Vertebrata
Lagenorhynchusalbirostris-27610-GCF949774975.1	0.13793103448275867	43.1	Vertebrata
Delphinusdelphis-9728-GCF949987515.2	0.13793103448275867	42.9	Vertebrata
Globicephalamelas-9731-GCF963455315.2	0.10344827586206895	41.8	Vertebrata
Orcinusorca-9733-GCF937001465.1	0.13793103448275867	42.2	Vertebrata
Phocoenasinus-42100-GCF008692025.1	0.10344827586206895	42.7	Vertebrata
Phocoenaphocoena-9742-GCF963924675.1	0.10344827586206895	43.1	Vertebrata
Physetermacrocephalus-9755-GCF002837175.3	0.1724137931034483	43.2	Vertebrata
Balaenopteraacutorostrata-9767-GCF949987535.1	0.13793103448275867	42.4	Vertebrata
Balaenopteramusculus-9771-GCF009873245.2	0.10344827586206895	42.35	Vertebrata
Damadama-30532-GCF033118175.1	0.1724137931034483	42.7	Vertebrata
Cervuscanadensis-1574408-GCF019320065.1	0.13793103448275867	42.3	Vertebrata
Cervuselaphus-9860-GCF910594005.1	0.13793103448275867	42.2	Vertebrata
Odocoileusvirginianus-9874-GCF023699985.2	0.1724137931034483	41.9	Vertebrata
Muntiacusreevesi-9886-GCF963930625.1	0.24137931034482762	42.2	Vertebrata
Muntiacusreevesi-9886-GCA008787405.2	0.27586206896551724	44.0	Vertebrata
Muntiacusmuntjak-9888-GCA008782695.1	0.6551724137931034	44.1	Vertebrata
Bosindicus-30522-GCF003369695.1	0.10344827586206895	41.6	Vertebrata
Bosmutus-72004-GCF027580195.1	0.10344827586206895	42.6	Vertebrata
Bosjavanicus-9906-GCF032452875.1	0.10344827586206895	42.0	Vertebrata
Bostaurus-9913-GCF000003205.7	0.13793103448275867	42.1	Vertebrata
Bostaurus-9913-GCA000003055.5	0.1724137931034483	43.5	Vertebrata
Bostaurus-9913-GCF000003055.6	0.13793103448275867	42.0	Vertebrata
Bostaurus-9913-GCF002263795.3	0.10344827586206895	42.1	Vertebrata
Bosindicus-9915-GCF029378745.1	0.10344827586206895	41.7	Vertebrata
Bosindicus-9915-GCF000247795.1	0.13793103448275867	42.9	Vertebrata
Bubaluskerabau-3119969-GCF029407905.1	0.24137931034482762	42.3	Vertebrata
Bubalusbubalis-89462-GCF003121395.1	0.2068965517241379	41.9	Vertebrata
Bubalusbubalis-89462-GCF019923925.1	0.27586206896551724	41.3	Vertebrata
Bubalusbubalis-89462-GCF019923935.1	0.24137931034482762	41.5	Vertebrata
Capricornissumatraensis-34865-GCF032405125.1	0.2068965517241379	43.0	Vertebrata
Budorcastaxicolor-37181-GCF023091745.1	0.24137931034482762	43.4	Vertebrata
Caprahircus-9925-GCA041920685.1	0.13793103448275867	43.5	Vertebrata
Caprahircus-9925-GCF001704415.2	0.10344827586206895	42.1	Vertebrata
Caprahircus-9925-GCA026652205.1	0.06896551724137934	43.9	Vertebrata
Caprahircus-9925-GCA041736475.1	0.13793103448275867	43.5	Vertebrata
Ovisammon-2918886-GCA023701675.1	0.2068965517241379	43.9	Vertebrata
Ovisammon-2918886-GCA023701655.1	0.2068965517241379	44.0	Vertebrata
Oviscanadensis-37174-GCF042477335.2	0.10344827586206895	42.0	Vertebrata
Ovisaries-9940-GCF016772045.2	0.10344827586206895	41.5	Vertebrata
Ovisaries-9940-GCF002742125.1	0.10344827586206895	42.3	Vertebrata
Ovisaries-9940-GCF000298735.2	0.10344827586206895	42.3	Vertebrata
Ovisaries-9940-GCA040836155.1	0.06896551724137934	43.5	Vertebrata
Ovisaries-9940-GCA017524585.1	0.1724137931034483	44.0	Vertebrata
Ovisaries-9940-GCA041121725.1	0.06896551724137934	43.6	Vertebrata
Phacochoerusafricanus-41426-GCF016906955.1	0.2068965517241379	42.3	Vertebrata
Susscrofa-9823-GCF000003025.6	0.1724137931034483	42.0	Vertebrata
Vicugnapacos-30538-GCF048564905.1	0.13793103448275867	42.2	Vertebrata
Camelusferus-419612-GCF009834535.1	0.13793103448275867	42.0	Vertebrata
Camelusbactrianus-9837-GCF048773025.1	0.13793103448275867	41.9	Vertebrata
Camelusdromedarius-9838-GCF000803125.2	0.10344827586206895	41.9	Vertebrata
Camelusdromedarius-9838-GCA000803125.3	0.1724137931034483	42.3	Vertebrata
Erinaceuseuropaeus-9365-GCF950295315.1	0.2068965517241379	41.9	Vertebrata
Suncusetruscus-109475-GCF024139225.1	0.2068965517241379	43.4	Vertebrata
Sorexaraneus-42254-GCF027595985.1	0.4137931034482759	42.3	Vertebrata
Rhinolophussinicus-89399-GCF036562045.2	0.2068965517241379	41.5	Vertebrata
Desmodusrotundus-9430-GCF022682495.2	0.1724137931034483	41.9	Vertebrata
Eptesicusfuscus-29078-GCF027574615.1	0.10344827586206895	43.5	Vertebrata
Myotisdaubentonii-98922-GCF963259705.1	0.1724137931034483	42.6	Vertebrata
Equusquagga-89248-GCF021613505.1	0.13793103448275867	41.9	Vertebrata
Equusasinus-9793-GCF016077325.2	0.24137931034482762	42.0	Vertebrata
Equusasinus-9793-GCF041296235.1	0.2068965517241379	41.7	Vertebrata
Equuscaballus-9796-GCF002863925.1	0.1724137931034483	41.7	Vertebrata
Equuscaballus-9796-GCF041296265.1	0.13793103448275867	41.6	Vertebrata
Equuscaballus-9796-GCF000002305.2	0.1724137931034483	42.4	Vertebrata
Equusprzewalskii-9798-GCF037783145.1	0.2068965517241379	41.5	Vertebrata
Manispentadactyla-143292-GCF030020395.1	0.2068965517241379	42.0	Vertebrata
Manisjavanica-9974-GCF040802235.1	0.1724137931034483	41.9	Vertebrata
Ochotonaprinceps-9978-GCF014633375.1	0.13793103448275867	42.9	Vertebrata
Ochotonaprinceps-9978-GCF030435755.1	0.10344827586206895	42.8	Vertebrata
Lepuseuropaeus-9983-GCF033115175.1	0.06896551724137934	42.3	Vertebrata
Oryctolaguscuniculus-9986-GCF964237555.1	0.06896551724137934	41.9	Vertebrata
Oryctolaguscuniculus-9986-GCF000003625.3	0.13793103448275867	42.1	Vertebrata
Oryctolaguscuniculus-9986-GCF009806435.1	0.13793103448275867	41.9	Vertebrata
Merionesunguiculatus-10047-GCF030254825.1	0.48275862068965514	41.8	Vertebrata
Acomysrussatus-60746-GCF903995435.1	0.3448275862068966	43.25	Vertebrata
Muspahari-10093-GCF900095145.1	0.3793103448275862	42.3	Vertebrata
Muscaroli-10089-GCF900094665.2	0.4137931034482759	41.9	Vertebrata
Musmusculus-10090-GCF000001635.27	0.4137931034482759	42.0	Vertebrata
Rattusnorvegicus-10116-GCA000002265.1	0.3793103448275862	45.2	Vertebrata
Rattusnorvegicus-10116-GCF000001895.5	0.3793103448275862	42.4	Vertebrata
Rattusnorvegicus-10116-GCF036323735.1	0.3448275862068966	42.1	Vertebrata
Rattusnorvegicus-10116-GCF015227675.2	0.3448275862068966	42.0	Vertebrata
Rattusrattus-10117-GCF011064425.1	0.3448275862068966	43.4	Vertebrata
Apodemussylvaticus-10129-GCF947179515.1	0.3448275862068966	42.7	Vertebrata
Mastomyscoucha-35658-GCF008632895.1	1.0	46.4	Vertebrata
Arvicanthisniloticus-61156-GCF011762505.1	0.3793103448275862	42.8	Vertebrata
Cricetulusgriseus-10029-GCF003668045.3	0.3793103448275862	42.4	Vertebrata
Peromyscusleucopus-10041-GCF004664715.2	0.3448275862068966	42.2	Vertebrata
Peromyscuseremicus-42410-GCF949786415.1	0.31034482758620685	43.4	Vertebrata
Onychomystorridus-38674-GCF903995425.1	0.3793103448275862	41.9	Vertebrata
Arvicolaamphibius-1047088-GCF903992535.2	0.4482758620689655	42.3	Vertebrata
Chionomysnivalis-269649-GCF950005125.1	0.3793103448275862	42.5	Vertebrata
Microtusochrogaster-79684-GCF000317375.1	0.3793103448275862	42.3	Vertebrata
Sigmodonhispidus-42415-GCA041721565.1	0.4482758620689655	43.8	Vertebrata
Jaculusjaculus-51337-GCF020740685.1	0.27586206896551724	42.1	Vertebrata
Ictidomystridecemlineatus-43179-GCA016881025.1	1.0	45.0	Vertebrata
Ictidomystridecemlineatus-43179-GCF016881025.1	1.0	43.4	Vertebrata
Sciuruscarolinensis-30640-GCF902686445.1	0.10344827586206895	42.0	Vertebrata
Plecturocebuscupreus-202457-GCA040437455.1	0.24137931034482762	46.0	Vertebrata
Callithrixjacchus-9483-GCF009663435.1	0.10344827586206895	42.0	Vertebrata
Callithrixjacchus-9483-GCF011100555.1	0.10344827586206895	41.8	Vertebrata
Callithrixjacchus-9483-GCF000004665.1	0.10344827586206895	43.0	Vertebrata
Saguinusoedipus-9490-GCA031835075.1	0.48275862068965514	48.9	Vertebrata
Nomascusleucogenys-61853-GCF000146795.2	0.3448275862068966	43.5	Vertebrata
Nomascusleucogenys-61853-GCF006542625.1	0.31034482758620685	42.2	Vertebrata
Symphalangussyndactylus-9590-GCF028878055.3	0.2068965517241379	42.6	Vertebrata
Panpaniscus-9597-GCF029289425.2	0.13793103448275867	42.0	Vertebrata
Panpaniscus-9597-GCF000258655.2	0.1724137931034483	42.4	Vertebrata
Pantroglodytes-9598-GCF002880755.1	0.13793103448275867	41.8	Vertebrata
Pantroglodytes-9598-GCF000001515.7	0.13793103448275867	41.8	Vertebrata
Pantroglodytes-9598-GCA002880755.3	0.13793103448275867	45.3	Vertebrata
Pantroglodytes-9598-GCF028858775.2	0.13793103448275867	41.8	Vertebrata
Homosapiens-9606-GCF000002135.2	1.0	44.05	Vertebrata
Homosapiens-9606-GCF000306695.2	0.1724137931034483	43.0	Vertebrata
Homosapiens-9606-GCA011064465.2	0.1724137931034483	45.6	Vertebrata
Homosapiens-9606-GCA018873775.2	0.1724137931034483	45.6	Vertebrata
Homosapiens-9606-GCA022833125.2	0.1724137931034483	44.1	Vertebrata
Homosapiens-9606-GCF000001405.40	0.1724137931034483	41.7	Vertebrata
Homosapiens-9606-GCF000002125.1	0.1724137931034483	42.9	Vertebrata
Pongopygmaeus-9600-GCF028885625.2	0.13793103448275867	42.0	Vertebrata
Pongoabelii-9601-GCF002880775.1	0.13793103448275867	42.2	Vertebrata
Pongoabelii-9601-GCA002880775.3	0.10344827586206895	45.3	Vertebrata
Pongoabelii-9601-GCF028885655.2	0.13793103448275867	41.7	Vertebrata
Chlorocebussabaeus-60711-GCF000409795.2	0.13793103448275867	41.7	Vertebrata
Chlorocebussabaeus-60711-GCF047675955.1	0.13793103448275867	42.0	Vertebrata
Macacafascicularis-9541-GCA000230815.1	0.1724137931034483	43.4	Vertebrata
Macacafascicularis-9541-GCF000364345.1	0.13793103448275867	42.1	Vertebrata
Macacafascicularis-9541-GCF012559485.2	0.13793103448275867	41.9	Vertebrata
Macacamulatta-9544-GCF000002255.3	0.13793103448275867	43.6	Vertebrata
Macacamulatta-9544-GCF000772875.2	0.10344827586206895	42.4	Vertebrata
Macacamulatta-9544-GCA000230795.1	0.2068965517241379	43.4	Vertebrata
Macacamulatta-9544-GCF003339765.1	0.13793103448275867	42.2	Vertebrata
Papioanubis-9555-GCF008728515.1	0.10344827586206895	41.9	Vertebrata
Papioanubis-9555-GCF000264685.3	0.10344827586206895	42.2	Vertebrata
Theropithecusgelada-9565-GCF003255815.1	0.13793103448275867	43.2	Vertebrata
Pygathrixnigripes-310352-GCA047655245.1	0.31034482758620685	45.0	Vertebrata
Nasalislarvatus-43780-GCA047834645.1	0.13793103448275867	44.2	Vertebrata
Piliocolobustephrosceles-591936-GCF002776525.5	0.10344827586206895	42.6	Vertebrata
Rhinopithecusroxellana-61622-GCF007565055.1	0.10344827586206895	42.3	Vertebrata
Microcebusmurinus-30608-GCF040939455.1	0.1724137931034483	42.6	Vertebrata
Microcebusmurinus-30608-GCF000165445.2	0.1724137931034483	42.0	Vertebrata
Eulemurrufifrons-859984-GCF041146395.1	0.1724137931034483	42.9	Vertebrata
Lemurcatta-9447-GCF020740605.2	0.1724137931034483	42.3	Vertebrata
Nycticebuscoucang-9470-GCF027406575.1	0.2068965517241379	42.3	Vertebrata
Choloepusdidactylus-27675-GCF015220235.1	0.10344827586206895	42.2	Vertebrata
Ornithorhynchusanatinus-9258-GCF004115215.2	0.27586206896551724	42.1	Vertebrata
Tachyglossusaculeatus-9261-GCF015852505.1	0.2068965517241379	42.3	Vertebrata
Pleurodeleswaltl-8319-GCA026652325.1	0.2068965517241379	42.8	Vertebrata
Pleurodeleswaltl-8319-GCF031143425.1	0.2068965517241379	41.9	Vertebrata
Ambystomamexicanum-8296-GCF040938575.1	0.13793103448275867	41.6	Vertebrata
Bombinabombina-8345-GCF027579735.1	0.13793103448275867	42.8	Vertebrata
Hymenochirusboettgeri-247094-GCA019447015.1	0.1724137931034483	43.75	Vertebrata
Xenopuslaevis-8355-GCF001663975.1	0.31034482758620685	42.7	Vertebrata
Xenopuslaevis-8355-GCA001663975.1	0.3448275862068966	42.9	Vertebrata
Xenopuslaevis-8355-GCF017654675.1	0.3448275862068966	41.8	Vertebrata
Xenopustropicalis-8364-GCA000004195.4	0.1724137931034483	42.2	Vertebrata
Xenopustropicalis-8364-GCF000004195.4	0.1724137931034483	41.8	Vertebrata
Pyxicephalusadspersus-30357-GCF032062135.1	0.13793103448275867	42.0	Vertebrata
Ranatemporaria-8407-GCF905171775.1	0.13793103448275867	41.6	Vertebrata
Aquaranacatesbeiana-8400-GCF042186555.1	0.13793103448275867	41.5	Vertebrata
Hyperoliusriggenbachi-752182-GCF040937935.1	0.13793103448275867	41.0	Vertebrata
Hylasarda-327740-GCF029499605.1	0.13793103448275867	41.2	Vertebrata
Eleutherodactyluscoqui-57060-GCA019857665.1	0.13793103448275867	42.9	Vertebrata
Engystomopspustulosus-76066-GCA019512145.1	0.27586206896551724	42.9	Vertebrata
Bufogargarizans-30331-GCF014858855.1	0.2068965517241379	41.7	Vertebrata
Bufobufo-8384-GCF905171765.1	0.1724137931034483	41.7	Vertebrata
Speabombifrons-233779-GCF027358695.1	0.13793103448275867	42.6	Vertebrata
Pelobatescultripes-61616-GCA933207985.1	0.13793103448275867	42.7	Vertebrata
Ascaphustruei-8439-GCF040206685.1	0.13793103448275867	41.4	Vertebrata
Ascaphustruei-8439-GCA036426205.1	0.1724137931034483	43.3	Vertebrata
Microcaeciliaunicolor-1415580-GCF901765095.1	0.13793103448275867	42.8	Vertebrata
Rhinatremabivittatum-194408-GCF901001135.1	0.2068965517241379	42.5	Vertebrata
Geotrypetesseraphini-260995-GCF902459505.1	0.2068965517241379	42.2	Vertebrata
Husohuso-61971-GCA036884735.1	0.24137931034482762	43.55	Vertebrata
Acipenserruthenus-7906-GCF010645085.2	0.24137931034482762	42.3	Vertebrata
Acipenserruthenus-7906-GCF902713425.1	0.1724137931034483	42.0	Vertebrata
Polyodonspathula-7913-GCF017654505.1	0.2068965517241379	42.2	Vertebrata
Lepisosteusoculatus-7918-GCF000242695.1	0.1724137931034483	41.6	Vertebrata
Synchiropussplendidus-270530-GCF027744825.2	0.27586206896551724	41.4	Vertebrata
Syngnathusacus-161584-GCF901709675.1	0.2068965517241379	41.2	Vertebrata
Syngnathusscovelli-161590-GCF024217435.2	0.2068965517241379	41.1	Vertebrata
Syngnathustyphle-161592-GCF033458585.1	0.1724137931034483	41.4	Vertebrata
Nerophisophidion-159077-GCF033978795.1	0.4482758620689655	41.5	Vertebrata
Nerophislumbriciformis-546530-GCF033978685.3	0.3793103448275862	41.6	Vertebrata
Corythoichthysintestinalis-161448-GCF030265065.1	0.24137931034482762	41.0	Vertebrata
Doryrhamphusexcisus-161450-GCF030265055.1	0.31034482758620685	41.4	Vertebrata
Dunckerocampusdactyliophorus-161453-GCF027744805.1	0.27586206896551724	40.8	Vertebrata
Entelurusaequoreus-161455-GCF033978785.1	0.3448275862068966	41.8	Vertebrata
Phyllopteryxtaeniolatus-161469-GCF024500385.1	0.1724137931034483	41.0	Vertebrata
Syngnathoidesbiaculeatus-300417-GCF019802595.1	0.2068965517241379	41.6	Vertebrata
Phycoduruseques-693459-GCF024500275.1	0.1724137931034483	41.7	Vertebrata
Hippocampuszosterae-109293-GCF025434085.1	0.2068965517241379	41.4	Vertebrata
Periophthalmusmagnuspinnatus-409849-GCA026225835.1	0.24137931034482762	43.3	Vertebrata
Periophthalmusmagnuspinnatus-409849-GCF009829125.3	0.2068965517241379	42.3	Vertebrata
Mugilogobiuschulae-88201-GCA038363315.1	0.27586206896551724	43.0	Vertebrata
Mugilogobiuschulae-88201-GCA046056395.1	0.31034482758620685	43.0	Vertebrata
Knipowitschiacaucasica-637954-GCA964034765.1	0.2068965517241379	43.0	Vertebrata
Sphaeramiaorbicularis-375764-GCF902148855.1	0.2068965517241379	42.1	Vertebrata
Channaargus-215402-GCA004786185.1	0.24137931034482762	42.7	Vertebrata
Channaargus-215402-GCF033026475.1	0.24137931034482762	41.1	Vertebrata
Channaargus-215402-GCA033026475.1	0.24137931034482762	42.7	Vertebrata
Channastriata-64152-GCA033026295.1	0.2068965517241379	42.6	Vertebrata
Bettasplendens-158456-GCF900634795.4	0.27586206896551724	41.0	Vertebrata
Anabastestudineus-64144-GCF900324465.2	0.24137931034482762	42.0	Vertebrata
Mastacembelusarmatus-205130-GCF900324485.2	0.2068965517241379	42.0	Vertebrata
Scomberjaponicus-13676-GCF027409825.1	0.2068965517241379	43.1	Vertebrata
Scomberscombrus-13677-GCF963691925.1	0.2068965517241379	42.8	Vertebrata
Thunnusalbacares-8236-GCF914725855.1	0.24137931034482762	41.5	Vertebrata
Thunnusthynnus-8237-GCF963924715.1	0.24137931034482762	41.9	Vertebrata
Thunnusmaccoyii-8240-GCF910596095.1	0.2068965517241379	41.55	Vertebrata
Toxotesjaculatrix-941984-GCF017976425.1	0.2068965517241379	42.0	Vertebrata
Latescalcarifer-8187-GCF001640805.2	0.2068965517241379	42.2	Vertebrata
Xiphiasgladius-8245-GCF016859285.1	0.24137931034482762	41.9	Vertebrata
Echeneisnaucrates-173247-GCF900963305.1	0.2068965517241379	42.4	Vertebrata
Seriolaaureovittata-2871759-GCF021018895.1	0.24137931034482762	41.5	Vertebrata
Cynoglossussemilaevis-244447-GCF000523025.1	0.27586206896551724	42.0	Vertebrata
Soleasenegalensis-28829-GCF019176455.1	0.24137931034482762	41.7	Vertebrata
Soleasenegalensis-28829-GCA019176455.1	0.27586206896551724	42.5	Vertebrata
Soleasolea-90069-GCF958295425.1	0.24137931034482762	41.4	Vertebrata
Scophthalmusmaximus-52904-GCA003186165.1	0.24137931034482762	43.0	Vertebrata
Scophthalmusmaximus-52904-GCF022379125.1	0.24137931034482762	41.2	Vertebrata
Scophthalmusmaximus-52904-GCF013347765.1	0.24137931034482762	41.3	Vertebrata
Paralichthysolivaceus-8255-GCF024713975.1	0.24137931034482762	41.1	Vertebrata
Limandalimanda-27771-GCF963576545.1	0.24137931034482762	42.9	Vertebrata
Platichthysflesus-8260-GCF949316205.1	0.24137931034482762	42.3	Vertebrata
Pleuronectesplatessa-8262-GCF947347685.1	0.2068965517241379	42.2	Vertebrata
Hippoglossusstenolepis-195615-GCF022539355.2	0.2068965517241379	41.4	Vertebrata
Hippoglossushippoglossus-8267-GCF009819705.1	0.2068965517241379	41.2	Vertebrata
Parambassisranga-210632-GCF900634625.1	0.31034482758620685	42.1	Vertebrata
Acanthochromispolyacanthus-80966-GCF021347895.1	0.2068965517241379	41.4	Vertebrata
Amphiprionocellaris-80972-GCF022539595.1	0.2068965517241379	41.2	Vertebrata
Nothobranchiusfurzeri-105023-GCF043380555.1	0.3793103448275862	41.3	Vertebrata
Nothobranchiusfurzeri-105023-GCF001465895.1	0.3448275862068966	41.8	Vertebrata
Nothobranchiusfurzeri-105023-GCA014300015.1	0.3448275862068966	42.0	Vertebrata
Kryptolebiasmarmoratus-37003-GCF001649575.2	0.2068965517241379	41.4	Vertebrata
Nematolebiaswhitei-451745-GCF014905685.2	0.27586206896551724	43.5	Vertebrata
Girardinichthysmultiradiatus-208333-GCF021462225.1	0.24137931034482762	41.6	Vertebrata
Gambusiaaffinis-33528-GCF019740435.1	0.24137931034482762	41.5	Vertebrata
Poeciliareticulata-8081-GCF000633615.1	0.24137931034482762	41.4	Vertebrata
Xiphophoruscouchianus-32473-GCF001444195.1	0.24137931034482762	41.4	Vertebrata
Xiphophorusmaculatus-8083-GCF002775205.1	0.24137931034482762	41.3	Vertebrata
Xiphophorushellerii-8084-GCF003331165.1	0.24137931034482762	41.3	Vertebrata
Fundulusheteroclitus-8078-GCF011125445.2	0.27586206896551724	41.7	Vertebrata
Cololabissaira-129043-GCF033807715.1	0.24137931034482762	41.7	Vertebrata
Oryziasjavanicus-123683-GCA003999625.1	0.3448275862068966	42.9	Vertebrata
Oryziasmelastigma-30732-GCF002922805.2	0.31034482758620685	41.2	Vertebrata
Oryziaslatipes-8090-GCF000313675.1	0.27586206896551724	41.7	Vertebrata
Oryziaslatipes-8090-GCF002234675.1	0.24137931034482762	41.4	Vertebrata
Melanotaeniaboesemani-1250792-GCF017639745.1	0.27586206896551724	41.6	Vertebrata
Odontesthesbonariensis-219752-GCF027942865.1	0.24137931034482762	41.65	Vertebrata
Gouaniawilldenowi-441366-GCF900634775.1	0.27586206896551724	41.2	Vertebrata
Salariasfasciatus-181472-GCF902148845.1	0.27586206896551724	41.9	Vertebrata
Oreochromisaureus-47969-GCF013358895.1	0.24137931034482762	41.6	Vertebrata
Oreochromisniloticus-8128-GCF000188235.2	0.27586206896551724	42.0	Vertebrata
Oreochromisniloticus-8128-GCF001858045.2	0.24137931034482762	41.0	Vertebrata
Sarotherodongalilaeus-8144-GCA046562855.1	0.24137931034482762	42.0	Vertebrata
Pelmatolapiamariae-158779-GCF036321145.2	0.27586206896551724	41.5	Vertebrata
Maylandiazebra-106582-GCF000238955.4	0.24137931034482762	41.6	Vertebrata
Astatotilapiacalliptera-8154-GCF900246225.1	0.24137931034482762	41.0	Vertebrata
Mugilcephalus-48193-GCF022458985.1	0.2068965517241379	41.1	Vertebrata
Larimichthyscrocea-215358-GCF000972845.2	0.31034482758620685	41.4	Vertebrata
Larimichthyscrocea-215358-GCA003845795.1	0.27586206896551724	43.9	Vertebrata
Larimichthyscrocea-215358-GCA003711585.2	0.24137931034482762	42.9	Vertebrata
Nibeaalbiflora-240163-GCA014281875.1	0.4482758620689655	43.3	Vertebrata
Collichthyslucidus-240159-GCA004119915.2	0.2068965517241379	42.7	Vertebrata
Scatophagusargus-75038-GCF020382885.2	0.24137931034482762	41.6	Vertebrata
Pagrusmajor-143350-GCF040436345.1	0.24137931034482762	42.5	Vertebrata
Sparusaurata-8175-GCF900880675.1	0.2068965517241379	41.1	Vertebrata
Acanthopagruslatus-8177-GCF904848185.1	0.2068965517241379	41.1	Vertebrata
Sinipercachuatsi-119488-GCF020085105.1	0.24137931034482762	41.0	Vertebrata
Enoplosusarmatus-215367-GCF043641665.1	0.24137931034482762	43.7	Vertebrata
Micropterusdolomieu-147949-GCF021292245.1	0.27586206896551724	42.2	Vertebrata
Scortumbarcoo-214431-GCA023238725.1	0.24137931034482762	42.5	Vertebrata
Chelmonrostratus-109905-GCF017976325.1	0.24137931034482762	42.1	Vertebrata
Pempherisklunzingeri-3127111-GCF042242105.1	0.24137931034482762	42.8	Vertebrata
Takifugurubripes-31033-GCF901000725.2	0.31034482758620685	41.3	Vertebrata
Takifugurubripes-31033-GCF000180615.1	0.27586206896551724	42.5	Vertebrata
Takifuguflavidus-433684-GCF003711565.1	0.31034482758620685	41.3	Vertebrata
Takifuguflavidus-433684-GCA003711565.2	0.31034482758620685	42.8	Vertebrata
Takifugubimaculatus-433685-GCA004026145.2	0.3793103448275862	43.5	Vertebrata
Antennariusstriatus-241820-GCF040054535.1	0.24137931034482762	41.8	Vertebrata
Brachionichthyshirsutus-412623-GCF040956055.1	0.24137931034482762	43.0	Vertebrata
Plectropomusleopardus-160734-GCF008729295.1	0.27586206896551724	42.4	Vertebrata
Epinephelusfuscoguttatus-293821-GCF011397635.1	0.2068965517241379	41.6	Vertebrata
Epinephelusmoara-300413-GCF006386435.1	0.24137931034482762	42.0	Vertebrata
Epinepheluslanceolatus-310571-GCF005281545.1	0.2068965517241379	41.4	Vertebrata
Epinepheluscoioides-94232-GCA051314025.1	0.24137931034482762	42.4	Vertebrata
Centropristisstriata-184440-GCF030273125.1	0.24137931034482762	42.2	Vertebrata
Pseudoliparisswirei-2059687-GCF029220125.1	0.27586206896551724	42.1	Vertebrata
Cyclopteruslumpus-8103-GCF009769545.1	0.24137931034482762	42.4	Vertebrata
Anoplopomafimbria-229290-GCF027596085.1	0.2068965517241379	42.5	Vertebrata
Pungitiuspungitius-134920-GCF949316345.1	0.24137931034482762	41.7	Vertebrata
Pungitiussinensis-497904-GCA049949165.1	0.24137931034482762	42.5	Vertebrata
Zoarcesviviparus-48416-GCA040110945.1	0.2068965517241379	42.7	Vertebrata
Sebastesumbrosus-72105-GCF015220745.1	0.24137931034482762	41.4	Vertebrata
Etheostomacragini-417921-GCF013103735.1	0.2068965517241379	41.3	Vertebrata
Etheostomaspectabile-54343-GCA008692095.1	0.3448275862068966	42.5	Vertebrata
Etheostomaspectabile-54343-GCF008692095.1	0.31034482758620685	41.2	Vertebrata
Percaflavescens-8167-GCF004354835.1	0.24137931034482762	41.7	Vertebrata
Percaflavescens-8167-GCA004354835.1	0.24137931034482762	43.0	Vertebrata
Percafluviatilis-8168-GCA010015445.1	0.24137931034482762	42.9	Vertebrata
Percafluviatilis-8168-GCF010015445.1	0.2068965517241379	40.9	Vertebrata
Sanderlucioperca-283035-GCF008315115.2	0.31034482758620685	41.3	Vertebrata
Pogonophrynealbipinna-1090488-GCA028583405.1	0.27586206896551724	43.5	Vertebrata
Chaenocephalusaceratus-36190-GCA023974075.1	0.27586206896551724	42.6	Vertebrata
Champsocephalusesox-159716-GCA036324585.1	0.27586206896551724	43.3	Vertebrata
Champsocephalusgunnari-52237-GCA036324595.1	0.24137931034482762	43.4	Vertebrata
Pseudochaenichthysgeorgianus-52239-GCF902827115.2	0.2068965517241379	41.9	Vertebrata
Cottopercagobio-56716-GCF900634415.1	0.27586206896551724	42.0	Vertebrata
Eleginopsmaclovinus-56733-GCF036324505.1	0.2068965517241379	41.9	Vertebrata
Eleginopsmaclovinus-56733-GCA036324505.1	0.24137931034482762	43.2	Vertebrata
Dissostichuseleginoides-100907-GCA031216635.1	0.27586206896551724	43.1	Vertebrata
Pagotheniaborchgrevinki-8213-GCA044885175.1	0.24137931034482762	43.3	Vertebrata
Notolabruscelidotus-1203425-GCF009762535.1	0.2068965517241379	42.0	Vertebrata
Xyrichtysnovacula-13765-GCA962446985.1	0.2068965517241379	42.2	Vertebrata
Cheilinusundulatus-241271-GCF018320785.1	0.2068965517241379	42.0	Vertebrata
Labrusmixtus-508554-GCF963584025.1	0.2068965517241379	41.7	Vertebrata
Labrusbergylta-56723-GCF963930695.1	0.2068965517241379	41.4	Vertebrata
Thalassophryneamazonica-390379-GCF902500255.1	0.2068965517241379	41.9	Vertebrata
Myripristismurdjan-586833-GCF902150065.1	0.2068965517241379	42.3	Vertebrata
Lotalota-69944-GCA964260585.1	0.24137931034482762	42.9	Vertebrata
Arctogadusglacialis-185735-GCA964260595.1	0.3793103448275862	43.3	Vertebrata
Boreogadussaida-44932-GCA964260565.1	0.3448275862068966	43.6	Vertebrata
Gaduschalcogrammus-1042646-GCF026213295.1	0.27586206896551724	42.2	Vertebrata
Gadusmorhua-328277-GCA964260575.1	0.24137931034482762	43.2	Vertebrata
Gadusmacrocephalus-80720-GCF031168955.1	0.24137931034482762	42.2	Vertebrata
Merlucciusmerluccius-8063-GCA964260605.1	0.3448275862068966	43.3	Vertebrata
Muraenolepisorangiensis-630683-GCA027704905.1	0.27586206896551724	42.6	Vertebrata
Lamprisincognitus-2546036-GCF029633865.1	0.24137931034482762	42.9	Vertebrata
Hypomesustranspacificus-137520-GCF021917145.1	0.2068965517241379	42.1	Vertebrata
Osmeruseperlanus-29151-GCF963692335.1	0.24137931034482762	42.1	Vertebrata
Umbrapygmaea-75934-GCA040894045.1	0.4482758620689655	43.1	Vertebrata
Dalliapectoralis-75939-GCA029465975.1	0.24137931034482762	43.1	Vertebrata
Esoxlucius-8010-GCF011004845.1	0.24137931034482762	41.5	Vertebrata
Esoxlucius-8010-GCF000721915.3	0.24137931034482762	41.8	Vertebrata
Esoxlucius-8010-GCF004634155.1	0.27586206896551724	41.7	Vertebrata
Coregonusclupeaformis-59861-GCF020615455.1	0.4482758620689655	42.2	Vertebrata
Coregonusclupeaformis-59861-GCF018398675.1	0.3793103448275862	42.7	Vertebrata
Coregonussp-861768-GCA902810595.1	0.48275862068965514	43.5	Vertebrata
Coregonussuidteri-861788-GCA036851935.1	0.4137931034482759	43.8	Vertebrata
Oncorhynchustshawytscha-74940-GCF018296145.1	0.5517241379310345	42.1	Vertebrata
Oncorhynchustshawytscha-74940-GCF002872995.1	0.5172413793103448	42.7	Vertebrata
Oncorhynchusgorbuscha-8017-GCF021184085.1	0.6206896551724138	42.1	Vertebrata
Oncorhynchusketa-8018-GCF023373465.1	0.3793103448275862	41.8	Vertebrata
Oncorhynchusketa-8018-GCF012931545.1	0.4482758620689655	42.7	Vertebrata
Oncorhynchuskisutch-8019-GCF002021735.2	0.48275862068965514	42.2	Vertebrata
Oncorhynchusmykiss-8022-GCF013265735.2	0.48275862068965514	42.1	Vertebrata
Oncorhynchusmykiss-8022-GCF002163495.1	0.5172413793103448	42.7	Vertebrata
Oncorhynchusmykiss-8022-GCA900005705.1	0.896551724137931	45.6	Vertebrata
Oncorhynchusnerka-8023-GCF034236695.1	0.5862068965517242	42.4	Vertebrata
Oncorhynchusnerka-8023-GCF006149115.2	0.5862068965517242	42.2	Vertebrata
Salmosalar-8030-GCF905237065.1	0.6551724137931034	42.0	Vertebrata
Salmosalar-8030-GCF000233375.1	0.6551724137931034	42.0	Vertebrata
Salmotrutta-8032-GCF901001165.1	0.4482758620689655	41.9	Vertebrata
Salvelinussp-2691554-GCF002910315.2	0.5172413793103448	42.7	Vertebrata
Salvelinusalpinus-8036-GCF045679555.1	0.4137931034482759	42.0	Vertebrata
Salvelinusfontinalis-8038-GCF029448725.1	0.4482758620689655	41.8	Vertebrata
Salvelinusnamaycush-8040-GCF016432855.1	0.4137931034482759	43.5	Vertebrata
Coiliagrayii-363190-GCA042479465.1	0.31034482758620685	42.7	Vertebrata
Engraulisencrasicolus-184585-GCF034702125.1	0.31034482758620685	42.2	Vertebrata
Alosaalosa-278164-GCA017589495.2	0.31034482758620685	43.1	Vertebrata
Alosaalosa-278164-GCF017589495.1	0.3448275862068966	42.3	Vertebrata
Alosasapidissima-34773-GCF018492685.1	0.31034482758620685	41.7	Vertebrata
Sardinapilchardus-27697-GCF963854185.1	0.3448275862068966	42.7	Vertebrata
Clupeaharengus-7950-GCF900700415.2	0.27586206896551724	41.8	Vertebrata
Denticepsclupeoides-299321-GCF900700375.1	0.27586206896551724	41.6	Vertebrata
Hopliasmalabaricus-27720-GCF029633855.1	0.4482758620689655	42.6	Vertebrata
Metynnishypsauchen-138550-GCA050495845.1	0.3448275862068966	43.1	Vertebrata
Serrasalmusrhombeus-138556-GCA051861685.1	0.4482758620689655	43.1	Vertebrata
Pygocentrusnattereri-42514-GCF015220715.1	0.4482758620689655	41.7	Vertebrata
Acnodonoligacanthus-446776-GCA051861665.1	0.3448275862068966	42.9	Vertebrata
Astyanaxmexicanus-7994-GCA019721115.1	0.3448275862068966	42.9	Vertebrata
Astyanaxmexicanus-7994-GCF000372685.2	0.4137931034482759	42.2	Vertebrata
Astyanaxmexicanus-7994-GCF023375975.1	0.4482758620689655	41.6	Vertebrata
Clariasgariepinus-13013-GCF024256425.1	0.4482758620689655	42.0	Vertebrata
Hemibagruswyckioides-337641-GCF019097595.1	0.4137931034482759	41.7	Vertebrata
Hemibagruswyckioides-337641-GCA019097595.1	0.48275862068965514	42.8	Vertebrata
Tachysurusfulvidraco-1234273-GCF022655615.1	0.3793103448275862	41.7	Vertebrata
Tachysurusvachellii-175792-GCF030014155.1	0.4482758620689655	42.2	Vertebrata
Tachysurusvachellii-175792-GCA033026395.1	0.3448275862068966	42.6	Vertebrata
Ameiurusmelas-219545-GCA012411365.1	0.4482758620689655	43.0	Vertebrata
Ictalurusfurcatus-66913-GCF023375685.1	0.3793103448275862	42.5	Vertebrata
Ictaluruspunctatus-7998-GCF001660625.3	0.4137931034482759	42.1	Vertebrata
Pangasianodongigas-30993-GCA022758105.1	0.3793103448275862	43.2	Vertebrata
Pangasianodonhypophthalmus-310915-GCA009078355.1	0.4482758620689655	43.4	Vertebrata
Pangasianodonhypophthalmus-310915-GCF027358585.1	0.3793103448275862	42.0	Vertebrata
Pangasianodonhypophthalmus-310915-GCF009078355.1	0.4137931034482759	42.1	Vertebrata
Pangasiusdjambal-1691987-GCA022985145.1	0.3793103448275862	43.4	Vertebrata
Silurusmeridionalis-175797-GCF014805685.1	0.4137931034482759	41.6	Vertebrata
Silurusmeridionalis-175797-GCA023972475.1	0.5172413793103448	42.9	Vertebrata
Silurusmeridionalis-175797-GCA014805685.1	0.5517241379310345	42.9	Vertebrata
Electrophoruselectricus-8005-GCF013358815.1	0.4137931034482759	42.1	Vertebrata
Misgurnusanguillicaudatus-75329-GCF027580225.2	0.3793103448275862	41.6	Vertebrata
Paramisgurnusdabryanus-90735-GCF030506205.2	0.3448275862068966	41.9	Vertebrata
Triplophysatibetana-1572043-GCA008369825.1	0.3448275862068966	42.5	Vertebrata
Triplophysadalaica-1582913-GCF015846415.1	0.3793103448275862	41.7	Vertebrata
Triplophysarosa-992332-GCF024868665.1	0.3793103448275862	41.7	Vertebrata
Triplophysarosa-992332-GCA024868665.2	0.3448275862068966	42.6	Vertebrata
Pseudorasboraparva-51549-GCF024679245.1	0.3448275862068966	41.6	Vertebrata
Leuciscuswaleckii-155063-GCA041200155.1	0.3793103448275862	42.8	Vertebrata
Phoxinusphoxinus-58324-GCA037504875.1	0.3793103448275862	42.7	Vertebrata
Phoxinusphoxinus-58324-GCA037504845.1	0.31034482758620685	42.8	Vertebrata
Culteralburnus-194366-GCA040182925.1	0.3793103448275862	43.0	Vertebrata
Megalobramaamblycephala-75352-GCF018812025.1	0.3793103448275862	41.5	Vertebrata
Ctenopharyngodonidella-7959-GCF019924925.1	0.3448275862068966	41.3	Vertebrata
Chanodichthyserythropterus-933992-GCF024489055.1	0.3448275862068966	41.9	Vertebrata
Onychostomamacrolepis-369639-GCA012432095.1	0.4482758620689655	42.6	Vertebrata
Onychostomamacrolepis-369639-GCF012432095.1	0.3793103448275862	41.7	Vertebrata
Carassiusgibelio-101364-GCF023724105.1	0.5517241379310345	42.0	Vertebrata
Carassiuscarassius-217509-GCF963082965.1	0.5517241379310345	42.2	Vertebrata
Carassiusauratus-7957-GCF003368295.1	0.5862068965517242	42.3	Vertebrata
Garrarufa-137080-GCF049309525.1	0.31034482758620685	42.5	Vertebrata
Cirrhinusmolitorella-172907-GCA040955965.1	0.3448275862068966	43.3	Vertebrata
Cirrhinusmolitorella-172907-GCA033026305.1	0.31034482758620685	42.8	Vertebrata
Cirrhinusmrigala-683832-GCA036247105.2	0.5862068965517242	54.7	Vertebrata
Labeorohita-84645-GCA022985175.1	0.6551724137931034	42.0	Vertebrata
Labeorohita-84645-GCF022985175.1	0.3793103448275862	42.1	Vertebrata
Puntigrustetrazona-1606681-GCF018831695.1	0.3448275862068966	41.9	Vertebrata
Danioaesculapii-1142201-GCF903798145.1	0.4137931034482759	42.2	Vertebrata
Daniorerio-7955-GCF000002035.6	0.3793103448275862	41.7	Vertebrata
Xyrauchentexanus-154827-GCF025860055.1	0.5517241379310345	42.5	Vertebrata
Myxocyprinusasiaticus-70543-GCF019703515.2	0.48275862068965514	42.6	Vertebrata
Chanoschanos-29144-GCF902362185.1	0.4137931034482759	43.7	Vertebrata
Scleropagesformosus-113540-GCF900964775.1	0.3448275862068966	42.4	Vertebrata
Arapaimagigas-113544-GCA047496915.1	0.5172413793103448	43.5	Vertebrata
Arapaimagigas-113544-GCA007844225.2	0.48275862068965514	43.4	Vertebrata
Paramormyropskingsleyae-1676925-GCF048594095.1	0.3448275862068966	41.4	Vertebrata
Brienomyrusbrachyistius-42636-GCF023856365.1	0.31034482758620685	41.8	Vertebrata
Albulagoreensis-1534307-GCA022829145.1	0.27586206896551724	44.0	Vertebrata
Megalopscyprinoides-118141-GCF013368585.1	0.2068965517241379	42.8	Vertebrata
Megalopsatlanticus-7932-GCA019176425.1	0.2068965517241379	43.7	Vertebrata
Synaphobranchuskaupii-118154-GCA029718625.1	0.31034482758620685	43.6	Vertebrata
Gymnothoraxjavanicus-473457-GCA029692085.1	0.24137931034482762	43.7	Vertebrata
Anguillaanguilla-7936-GCF013347855.1	0.2068965517241379	42.0	Vertebrata
Anguillaanguilla-7936-GCA018320845.1	0.27586206896551724	43.9	Vertebrata
Anguillarostrata-7938-GCF018555375.3	0.24137931034482762	42.2	Vertebrata
Congerconger-82655-GCF963514075.1	0.2068965517241379	42.5	Vertebrata
Congerconger-82655-GCA029692045.1	0.2068965517241379	43.6	Vertebrata
Erpetoichthyscalabaricus-27687-GCF900747795.2	0.1724137931034483	41.8	Vertebrata
Polypterussenegalus-55291-GCA016835505.1	0.24137931034482762	43.1	Vertebrata
Polypterussenegalus-55291-GCF016835505.1	0.24137931034482762	41.7	Vertebrata
Hemitrygonakajei-2704970-GCF048418815.1	0.13793103448275867	42.2	Vertebrata
Mobulahypostoma-723540-GCF963921235.1	0.13793103448275867	42.2	Vertebrata
Leucorajaerinaceus-7782-GCF028641065.1	0.13793103448275867	42.7	Vertebrata
Pristispectinata-685728-GCF009764475.1	0.10344827586206895	42.5	Vertebrata
Scyliorhinustorazame-75743-GCF047496885.1	0.1724137931034483	42.1	Vertebrata
Scyliorhinuscanicula-7830-GCF902713615.1	0.13793103448275867	41.9	Vertebrata
Rhincodontypus-259920-GCF021869965.1	0.10344827586206895	43.2	Vertebrata
Stegostomatigrinum-3053191-GCF022316705.1	0.1724137931034483	42.2	Vertebrata
Chiloscylliumpunctatum-137246-GCF047496795.1	0.13793103448275867	41.9	Vertebrata
Chiloscylliumplagiosum-36176-GCF004010195.1	0.10344827586206895	42.2	Vertebrata
Carcharodoncarcharias-13397-GCF017639515.1	0.1724137931034483	42.6	Vertebrata
Hydravulgaris-6087-GCF022113875.1	0.0	46.2	Cnidaria
Hydractiniasymbiolongicarpus-13093-GCF029227915.1	0.0	43.0	Cnidaria
Nematostellavectensis-45351-GCF932526225.1	0.0	40.5	Cnidaria
Pocilloporaverrucosa-203993-GCF036669915.1	0.0	39.9	Cnidaria
Montiporacapricornis-246305-GCF036669925.1	0.0	39.7	Cnidaria
Montiporafoliosa-591990-GCF036669935.1	0.0	39.8	Cnidaria
Acroporamuricata-159855-GCF036669905.1	0.0	39.8	Cnidaria
Acroporamillepora-45264-GCF013753865.1	0.0	40.7	Cnidaria
Acroporapalmata-6131-GCF964030605.1	0.0	40.4	Cnidaria
Poriteslutea-51062-GCF958299795.1	0.0	41.7	Cnidaria
Oculinapatagonica-130080-GCA052425735.1	0.0	40.8	Cnidaria
Syconciliatum-27933-GCF964019385.1	0.5172413793103448	39.0	Porifera
Dysideaavara-196820-GCF963678975.1	0.10344827586206895	37.0	Porifera
Halichondriapanicea-6063-GCF963675165.1	0.06896551724137934	38.5	Porifera
Ephydatiamuelleri-6052-GCA049114765.1	0.06896551724137934	45.5	Porifera
Corticiumcandelabrum-121492-GCF963422355.1	0.13793103448275867	39.3	Porifera
Oscarellalobularis-121494-GCF947507565.1	0.13793103448275867	38.6	Porifera
Mnemiopsisleidyi-27923-GCA048537945.1	0.24137931034482762	37.4	Metazoa
Bolinopsismicroptera-2820187-GCF026151205.1	0.2068965517241379	38.1	Metazoa
