species	median_pident	n_hits
Acanthocheilonemaviteae-6277-GCA046563165.1	39.900	3360
Acanthochromispolyacanthus-80966-GCF021347895.1	41.400	16506
Acanthopagruslatus-8177-GCF904848185.1	41.100	21233
Acinonyxjubatus-32536-GCF027475565.1	41.500	24929
Acipenseroxyrinchus-40147-GCA030684275.1	43.700	8699
Acipenserruthenus-7906-GCF010645085.2	42.300	24850
Acipenserruthenus-7906-GCF902713425.1	42.000	33064
Acnodonoligacanthus-446776-GCA051861665.1	42.900	8167
Acomysrussatus-60746-GCF903995435.1	43.250	12630
Acroporamillepora-45264-GCF013753865.1	40.700	7648
Acroporamuricata-159855-GCF036669905.1	39.800	9613
Acroporapalmata-6131-GCF964030605.1	40.400	8480
Acyrthosiphonpisum-7029-GCF005508785.2	41.200	6952
Adinetavaga-104782-GCA021613535.1	39.400	5986
Aedesaegypti-7159-GCF002204515.2	41.100	8997
Aedesalbopictus-7160-GCF035046485.1	40.500	8128
Aethinatumida-116153-GCF024364675.1	41.600	6740
Agelaiusphoeniceus-39638-GCF020745825.1	44.000	11107
Ahaetullaprasina-499056-GCF028640845.1	42.800	16265
Ailuropodamelanoleuca-9646-GCF002007445.2	41.900	19649
Albulagoreensis-1534307-GCA022829145.1	44.000	8465
Alosaalosa-278164-GCA017589495.2	43.100	7928
Alosaalosa-278164-GCF017589495.1	42.300	16530
Alosasapidissima-34773-GCF018492685.1	41.700	21090
Ambystomamexicanum-8296-GCF040938575.1	41.600	17875
Ameiurusmelas-219545-GCA012411365.1	43.000	7623
Ammospizacaudacuta-2857398-GCF027887145.1	43.800	10444
Amphiprionocellaris-80972-GCF022539595.1	41.200	19886
Amphiurafiliformis-82378-GCF039555335.1	40.500	7960
Anabastestudineus-64144-GCF900324465.2	42.000	15667
Anabrussimplex-316456-GCF040414725.1	43.500	7732
Anabrussimplex-316456-GCF040417275.1	43.600	7484
Anasacuta-28680-GCF963932015.1	41.600	19830
Anasplatyrhynchos-8839-GCF003850225.1	41.800	15729
Anasplatyrhynchos-8839-GCF015476345.1	41.700	18091
Anastrephaludens-28586-GCF028408465.1	41.500	7422
Anastrephaobliqua-95512-GCF027943255.1	41.600	6685
Ancylostomaduodenale-51022-GCA050947105.1	40.200	3512
Anguillaanguilla-7936-GCA018320845.1	43.900	8982
Anguillaanguilla-7936-GCF013347855.1	42.000	23452
Anguillarostrata-7938-GCF018555375.3	42.200	22964
Anoliscarolinensis-28377-GCF000090745.2	42.200	7613
Anoliscarolinensis-28377-GCF035594765.1	41.900	14737
Anomalospizaimberbis-187417-GCF031753505.1	42.100	17781
Anophelesalbimanus-7167-GCF013758885.1	40.800	8446
Anophelesaquasalis-42839-GCF943734665.1	42.200	7058
Anophelesarabiensis-7173-GCF016920715.1	41.500	8765
Anophelesbellator-139047-GCF943735745.2	42.600	4283
Anophelescoluzzii-1518534-GCF016920705.1	41.100	7921
Anophelescoluzzii-1518534-GCF943734685.1	41.200	8170
Anophelescoustani-139045-GCF943734705.1	42.600	4624
Anophelescruzii-68878-GCF943734635.1	42.400	4138
Anophelesdarlingi-43151-GCF943734745.1	41.400	7224
Anophelesfunestus-62324-GCF943734845.2	41.500	8859
Anophelesgambiae-180454-GCA000005575.1	42.200	3702
Anophelesgambiae-180454-GCF000005575.2	42.200	3702
Anophelesgambiae-7165-GCF943734735.2	41.500	11374
Anophelesmaculipalpis-1496333-GCF943734695.1	41.600	4617
Anophelesmarshallii-1521116-GCF943734725.1	41.500	3377
Anophelesmerus-30066-GCF017562075.2	40.900	9108
Anophelesmoucheti-186751-GCF943734755.1	42.700	4799
Anophelesnili-185578-GCF943737925.1	42.200	3511
Anophelesstephensi-30069-GCF013141755.1	42.200	10093
Anophelesziemanni-345580-GCF943734765.1	42.200	3791
Anoplolepisgracilipes-354296-GCF047496725.1	41.900	8861
Anoplopomafimbria-229290-GCF027596085.1	42.500	12012
Ansercygnoides-8845-GCF040182565.1	41.600	21534
Antechinusflavipes-38775-GCF016432865.1	43.000	15166
Antedonmediterranea-105859-GCF964355755.1	41.300	7725
Antennariusstriatus-241820-GCF040054535.1	41.800	16186
Anthonomusgrandis-2921223-GCF022605725.1	41.000	7311
Anticarsiagemmatalis-129554-GCF050436995.1	41.700	7350
Aphelocomacoerulescens-39617-GCF041296385.1	42.200	16202
Aphidiusgifuensis-684658-GCA014905175.1	41.900	3351
Aphidiusgifuensis-684658-GCF014905175.1	41.900	7223
Aphisgossypii-80765-GCA917880025.4	41.600	4357
Aphisgossypii-80765-GCF020184175.1	40.800	6997
Apiscerana-7461-GCF029169275.1	41.900	11860
Apismellifera-7460-GCF000002195.4	41.500	7571
Apismellifera-7460-GCF003254395.2	41.400	9263
Apismellifera-88217-GCA013841245.2	43.100	3180
Apodemussylvaticus-10129-GCF947179515.1	42.700	16337
Apolyguslucorum-248454-GCA009739505.2	42.700	3781
Apostichopusjaponicus-307972-GCF037975245.1	39.200	11213
Aptenodytespatagonicus-9234-GCF965638725.1	42.300	15344
Apusapus-8895-GCF020740795.1	42.400	15581
Aquaranacatesbeiana-8400-GCF042186555.1	41.500	15229
Aquaticaleii-1421715-GCA035610365.1	41.500	3497
Aquilachrysaetos-223781-GCF900496995.4	42.100	21418
Arapaimagigas-113544-GCA007844225.2	43.400	7163
Arapaimagigas-113544-GCA047496915.1	43.500	7124
Arctogadusglacialis-185735-GCA964260595.1	43.300	7689
Argiopebruennichi-94029-GCA015342795.1	42.500	5551
Argiopebruennichi-94029-GCF947563725.1	41.600	8743
Argopectenirradians-31199-GCF041381155.1	44.800	10024
Ariciaagestis-91739-GCF905147365.1	42.100	6524
Armigeressubalbatus-124917-GCF024139115.2	41.100	8646
Artemiafranciscana-6661-GCA032884065.1	43.200	5959
Artemiafranciscana-6661-GCF032884065.1	42.000	7777
Arvicanthisniloticus-61156-GCF011762505.1	42.800	12962
Arvicolaamphibius-1047088-GCF903992535.2	42.300	14724
Ascaphustruei-8439-GCA036426205.1	43.300	17649
Ascaphustruei-8439-GCF040206685.1	41.400	17867
Astatotilapiacalliptera-8154-GCF900246225.1	41.000	20264
Asteriasamurensis-7602-GCF032118995.1	41.300	8311
Asteriasrubens-7604-GCF902459465.1	42.000	7251
Asturgentilis-8957-GCF929443795.1	42.400	18555
Astyanaxmexicanus-7994-GCA019721115.1	42.900	7652
Astyanaxmexicanus-7994-GCF000372685.2	42.200	13105
Astyanaxmexicanus-7994-GCF023375975.1	41.600	19402
Athaliarosae-37344-GCF917208135.1	41.700	9246
Athenenoctua-126797-GCF965140245.1	42.700	16438
Aythyafuligula-219594-GCF009819795.1	42.100	11940
Babyloniaareolata-304850-GCF041734735.1	42.100	11092
Bacillusrossius-93214-GCF032445375.1	43.100	7981
Bactroceradorsalis-27457-GCF023373825.1	41.000	8214
Bactroceraneohumeralis-98809-GCF024586455.1	41.600	6982
Bactroceraoleae-104688-GCF042242935.1	41.200	8378
Bactroceratryoni-59916-GCF016617805.1	41.600	6547
Balaenopteraacutorostrata-9767-GCF949987535.1	42.400	21433
Balaenopteramusculus-9771-GCF009873245.2	42.350	21222
Balearicaregulorum-100784-GCF011004875.1	42.400	18104
Belonocnemakinseyi-2817044-GCF010883055.1	42.000	7354
Bemisiatabaci-7038-GCA918797505.1	42.700	3894
Bemisiatabaci-7038-GCF918797505.1	42.100	7026
Bettasplendens-158456-GCF900634795.4	41.000	20997
Bicyclusanynana-110368-GCF947172395.1	41.300	6346
Biomphalariaglabrata-6526-GCA025434175.2	43.700	4760
Biomphalariaglabrata-6526-GCF947242115.1	41.200	13738
Blomiatropicalis-40697-GCA029204025.1	40.300	2982
Bolinopsismicroptera-2820187-GCF026151205.1	38.100	6574
Bombinabombina-8345-GCF027579735.1	42.800	10889
Bombusaffinis-309941-GCF024516045.1	41.800	10090
Bombusfervidus-203811-GCF041682495.2	41.800	9096
Bombushuntii-85661-GCF024542735.1	41.600	9844
Bombuspascuorum-65598-GCF905332965.1	41.900	8601
Bombuspyrosoma-396416-GCF014825855.1	41.600	10280
Bombusterrestris-30195-GCF000214255.1	42.000	7108
Bombusterrestris-30195-GCF910591885.1	41.900	9876
Bombusvancouverensis-2705178-GCF051014615.1	41.600	8812
Bombyxmori-7091-GCF014905235.1	41.200	8170
Bombyxmori-7091-GCF030269925.1	41.300	8883
Boreogadussaida-44932-GCA964260565.1	43.600	7571
Bosindicus-30522-GCF003369695.1	41.600	20801
Bosindicus-9915-GCF000247795.1	42.900	12715
Bosindicus-9915-GCF029378745.1	41.700	22661
Bosjavanicus-9906-GCF032452875.1	42.000	23273
Bosmutus-72004-GCF027580195.1	42.600	17077
Bostaurus-9913-GCA000003055.5	43.500	6416
Bostaurus-9913-GCF000003055.6	42.000	17591
Bostaurus-9913-GCF000003205.7	42.100	9200
Bostaurus-9913-GCF002263795.3	42.100	24616
Brachionichthyshirsutus-412623-GCF040956055.1	43.000	7471
Bradybaenasimilaris-145626-GCA050415755.1	43.000	7756
Bradysiacoprophila-38358-GCF014529535.1	43.100	1433
Branchiostomafloridae-7739-GCF000003815.2	42.000	11847
Branchiostomalanceolatum-7740-GCA927797965.1	41.900	10379
Brassicogethesaeneus-1431903-GCA921294245.1	41.850	4458
Brenthisino-405034-GCA921882275.1	41.900	4399
Brevipalpusobovatus-246614-GCF050580445.1	41.450	4282
Brienomyrusbrachyistius-42636-GCF023856365.1	41.800	21044
Brugiapahangi-6280-GCA012070555.1	39.500	526
Bubalusbubalis-89462-GCF003121395.1	41.900	21762
Bubalusbubalis-89462-GCF019923925.1	41.300	24432
Bubalusbubalis-89462-GCF019923935.1	41.500	24608
Bubaluskerabau-3119969-GCF029407905.1	42.300	21612
Buboscandiacus-371907-GCA965212775.1	43.200	4951
Buboscandiacus-371907-GCA965212795.1	43.100	5757
Budorcastaxicolor-37181-GCF023091745.1	43.400	10354
Bufobufo-8384-GCF905171765.1	41.700	13245
Bufogargarizans-30331-GCF014858855.1	41.700	12721
Buteobuteo-30397-GCF964188355.1	42.500	17300
Caenorhabditisbrenneri-135651-GCA964036135.1	38.100	3302
Caenorhabditisbriggsae-6238-GCA000004555.3	38.800	3088
Caenorhabditisbriggsae-6238-GCA021491975.1	39.000	5614
Caenorhabditisbriggsae-6238-GCA022453885.1	39.000	5715
Caenorhabditisbriggsae-6238-GCF000004555.2	38.800	3088
Caenorhabditisnigoni-1611254-GCA002742825.1	38.300	5060
Caenorhabditisremanei-31234-GCA010183535.1	38.700	3257
Caenorhabditisremanei-31234-GCF010183535.1	38.700	3256
Caligusrogercresseyi-217165-GCA013387185.1	46.700	1578
Calliopsisandreniformis-337506-GCF051401765.1	42.550	6368
Calliphoravicina-7373-GCF958450345.1	42.500	5396
Callithrixjacchus-9483-GCF000004665.1	43.000	16292
Callithrixjacchus-9483-GCF009663435.1	42.000	34133
Callithrixjacchus-9483-GCF011100555.1	41.800	32677
Calonectrisborealis-1323832-GCF964195595.1	43.600	18151
Calypteanna-9244-GCF003957555.1	43.100	11953
Camarhynchusparvulus-87175-GCF901933205.1	42.350	12006
Camelusbactrianus-9837-GCF048773025.1	41.900	22382
Camelusdromedarius-9838-GCA000803125.3	42.300	9631
Camelusdromedarius-9838-GCF000803125.2	41.900	18702
Camelusferus-419612-GCF009834535.1	42.000	20044
Canislupus-286419-GCF003254725.2	41.900	28918
Canislupus-9615-GCF000002285.5	41.900	23989
Canislupus-9615-GCF005444595.1	42.100	22497
Canislupus-9615-GCF011100685.1	42.000	23624
Canislupus-9615-GCF014441545.1	41.900	25036
Caprahircus-9925-GCA026652205.1	43.900	6440
Caprahircus-9925-GCA041736475.1	43.500	6255
Caprahircus-9925-GCA041920685.1	43.500	6019
Caprahircus-9925-GCF001704415.2	42.100	15266
Capricornissumatraensis-34865-GCF032405125.1	43.000	12746
Carassiusauratus-7957-GCF003368295.1	42.300	31214
Carassiuscarassius-217509-GCF963082965.1	42.200	30291
Carassiusgibelio-101364-GCF023724105.1	42.000	34868
Carcharodoncarcharias-13397-GCF017639515.1	42.600	17080
Cardiocondylaobscurior-286306-GCA019399895.2	42.400	9277
Cardiocondylaobscurior-286306-GCF019399895.1	42.100	7612
Carettacaretta-8467-GCA965117115.1	43.000	6428
Carettacaretta-8467-GCF023653815.2	42.100	21413
Carettochelysinsculpta-44489-GCF033958435.1	42.200	17051
Cataglyphishispanica-1086592-GCF021464435.1	42.100	8007
Cataglyphisniger-72791-GCA050437125.1	42.900	9494
Catharusustulatus-91951-GCF009819885.2	41.800	15013
Centropristisstriata-184440-GCF030273125.1	42.200	13338
Cervuscanadensis-1574408-GCF019320065.1	42.300	20824
Cervuselaphus-46360-GCA002197005.1	45.200	5306
Cervuselaphus-9860-GCF910594005.1	42.200	21242
Cervushanglu-84702-GCA010411085.1	43.800	6157
Ceutorhynchusassimilis-467358-GCA917834065.1	42.200	3801
Chaenocephalusaceratus-36190-GCA023974075.1	42.600	7465
Champsocephalusesox-159716-GCA036324585.1	43.300	8098
Champsocephalusgunnari-52237-GCA036324595.1	43.400	8163
Channaargus-215402-GCA004786185.1	42.700	7059
Channaargus-215402-GCA033026475.1	42.700	7481
Channaargus-215402-GCF033026475.1	41.100	22830
Channastriata-64152-GCA033026295.1	42.600	7812
Chanodichthyserythropterus-933992-GCF024489055.1	41.900	19352
Chanoschanos-29144-GCF902362185.1	43.700	12030
Cheilinusundulatus-241271-GCF018320785.1	42.000	15771
Chelmonrostratus-109905-GCF017976325.1	42.100	13508
Cheloniamydas-8469-GCF015237465.2	42.000	28636
Chelonoidisabingdonii-106734-GCF003597395.2	42.400	16625
Cheraxquadricarinatus-27406-GCA038502225.1	44.100	8051
Cheraxquadricarinatus-27406-GCF038502225.1	42.300	11343
Chiloscylliumplagiosum-36176-GCF004010195.1	42.200	17893
Chiloscylliumpunctatum-137246-GCF047496795.1	41.900	18732
Chilosuppressalis-168631-GCA902850365.2	41.700	3616
Chionomysnivalis-269649-GCF950005125.1	42.500	17170
Chironomusriparius-315576-GCA917627325.4	40.400	3955
Chiroxiphialanceolata-296741-GCF009829145.1	42.000	16172
Chlorocebussabaeus-60711-GCF000409795.2	41.700	23064
Chlorocebussabaeus-60711-GCF047675955.1	42.000	22883
Choloepusdidactylus-27675-GCF015220235.1	42.200	19718
Choristoneurafumiferana-7141-GCA025370935.1	42.250	5232
Choristoneurafumiferana-7141-GCF025370935.1	42.100	6943
Chroicocephalusridibundus-1192867-GCF963924245.1	42.200	17049
Chrysemyspicta-8478-GCF000241765.5	42.000	8980
Chrysemyspicta-8478-GCF011386835.1	41.800	32233
Chrysodeixisincludens-689277-GCA903961255.1	42.100	3716
Chrysoperlacarnea-189513-GCF905475395.1	42.700	5475
Ciconiaboyciana-52775-GCF034638445.1	42.500	17185
Cincluscinclus-127875-GCF963662255.1	43.900	12186
Cionaintestinalis-7719-GCF000224145.3	40.100	4473
Cirrhinusmolitorella-172907-GCA033026305.1	42.800	7713
Cirrhinusmolitorella-172907-GCA040955965.1	43.300	8059
Cirrhinusmrigala-683832-GCA036247105.2	54.700	5930
Clariasgariepinus-13013-GCF024256425.1	42.000	15473
Cloeondipterum-197152-GCF949628265.1	41.600	7568
Clonorchissinensis-79923-GCA003604175.2	40.000	3173
Clupeaharengus-7950-GCF900700415.2	41.800	17226
Coccinellaseptempunctata-41139-GCF907165205.1	41.500	6697
Coccothraustescoccothraustes-37609-GCA965649865.1	43.400	5509
Coiliagrayii-363190-GCA042479465.1	42.700	8207
Coliascroceus-72248-GCF905220415.1	42.500	6159
Collichthyslucidus-240159-GCA004119915.2	42.700	8920
Cololabissaira-129043-GCF033807715.1	41.700	15851
Congerconger-82655-GCA029692045.1	43.600	7920
Congerconger-82655-GCF963514075.1	42.500	18344
Convolutrilobamacropyga-536237-GCF964194025.1	38.900	5377
Cordylochernesscorpioides-51811-GCA030710605.1	43.100	3662
Coregonusclupeaformis-59861-GCF018398675.1	42.700	25050
Coregonusclupeaformis-59861-GCF020615455.1	42.200	26371
Coregonussp-861768-GCA902810595.1	43.500	12204
Coregonussuidteri-861788-GCA036851935.1	43.800	12237
Corticiumcandelabrum-121492-GCF963422355.1	39.300	6038
Corvuscornix-932674-GCF000738735.6	41.900	15962
Corvushawaiiensis-134902-GCF020740725.1	41.700	18281
Corvusmoneduloides-1196302-GCF009650955.1	41.900	18130
Corythoichthysintestinalis-161448-GCF030265065.1	41.000	17730
Cotesiaglomerata-32391-GCA020080835.1	43.100	3187
Cotesiaglomerata-32391-GCF020080835.1	41.600	7886
Cottopercagobio-56716-GCF900634415.1	42.000	14300
Coturnixjaponica-93934-GCF001577835.2	41.800	16969
Crassostreavirginica-6565-GCF002022765.2	41.700	13808
Cricetulusgriseus-10029-GCF003668045.3	42.400	13627
Crotalusadamanteus-8729-GCA039797435.1	44.100	6392
Ctenopharyngodonidella-7959-GCF019924925.1	41.300	21792
Cuculuscanorus-55661-GCF017976375.1	42.000	18086
Culexpipiens-42434-GCF016801865.2	41.000	7179
Culexquinquefasciatus-7176-GCF015732765.1	41.200	6871
Culicoidesbrevitarsis-469753-GCF036172545.1	42.200	4647
Culteralburnus-194366-GCA040182925.1	43.000	9039
Cyamophilawillieti-2604842-GCA041222665.1	44.100	3563
Cyclopteruslumpus-8103-GCF009769545.1	42.400	15593
Cydiaamplana-1869771-GCF948474715.1	41.900	4850
Cydiafagiglandana-1458189-GCF963556715.1	42.100	5173
Cydiapomonella-82600-GCF033807575.1	41.250	6514
Cydiasplendana-1100963-GCF910591565.1	41.600	5419
Cydiastrobilella-1100964-GCF947568885.1	42.100	5454
Cygnusatratus-8868-GCF013377495.2	42.000	15186
Cygnusolor-8869-GCF009769625.2	41.800	19927
Cynoglossussemilaevis-244447-GCF000523025.1	42.000	15232
Cyprinuscarpio-7962-GCF000951615.1	45.000	10294
Cyprinuscarpio-7962-GCF018340385.1	42.200	30858
Dalliapectoralis-75939-GCA029465975.1	43.100	7583
Damadama-30532-GCF033118175.1	42.700	17826
Danausplexippus-13037-GCF018135715.1	41.600	5132
Danausplexippus-278856-GCF009731565.1	42.600	6059
Danioaesculapii-1142201-GCF903798145.1	42.200	13571
Daniorerio-7955-GCF000002035.6	41.700	18909
Daphniacarinata-120202-GCF022539665.2	41.200	5504
Daphniamagna-35525-GCA030254905.1	42.000	4161
Daphniamagna-35525-GCF003990815.1	40.600	6174
Daphniamagna-35525-GCF020631705.1	40.700	7510
Daphniapulex-6669-GCF021134715.1	40.600	8755
Daphniapulicaria-35523-GCF021234035.1	40.300	7717
Daphniasinensis-1820382-GCA013167095.2	42.100	3462
Delphinusdelphis-9728-GCF949987515.2	42.900	15592
Dendrolimuskikuchii-765133-GCA019925095.2	41.700	3239
Denticepsclupeoides-299321-GCF900700375.1	41.600	20337
Dermacentoralbipictus-60249-GCF038994185.2	41.400	9804
Dermacentorandersoni-34620-GCF023375885.2	42.200	8044
Dermacentorsilvarum-543639-GCA013339745.2	44.300	2925
Dermacentorsilvarum-543639-GCF013339745.2	42.700	8119
Dermacentorvariabilis-34621-GCF050947875.1	42.200	8442
Dermatophagoidesfarinae-6954-GCF024713945.1	41.100	5265
Dermochelyscoriacea-27794-GCF009764565.3	42.200	25074
Desmodusrotundus-9430-GCF022682495.2	41.900	19837
Diabroticabalteata-107213-GCA918026665.1	42.200	3933
Diabroticaundecimpunctata-50387-GCF040954645.1	41.400	6898
Diabroticavirgifera-50390-GCF917563875.1	41.300	7271
Diachasmimorphalongicaudata-58733-GCF034640455.1	41.900	8433
Diademasetosum-31175-GCF964275005.1	42.800	4969
Diatraeasaccharalis-40085-GCA918026875.4	43.000	3941
Dicrocoeliumdendriticum-57078-GCA944474145.2	40.100	3314
Diorhabdacarinulata-1163345-GCF026250575.1	41.300	7769
Diorhabdasublineata-1163346-GCF026230105.1	41.700	6839
Diprionsimilis-362088-GCF021155765.1	42.200	7492
Dissostichuseleginoides-100907-GCA031216635.1	43.100	7726
Doryrhamphusexcisus-161450-GCF030265055.1	41.400	19173
Dreissenapolymorpha-45954-GCA020536995.1	45.100	6961
Dreissenapolymorpha-45954-GCF020536995.1	41.900	15315
Dromiciopsgliroides-33562-GCF019393635.1	43.100	16597
Drosophilaalbomicans-7291-GCF009650485.2	41.100	7382
Drosophilaananassae-7217-GCF017639315.1	41.700	7704
Drosophilabiarmipes-125945-GCF025231255.1	41.300	7631
Drosophilabipectinata-42026-GCF030179905.1	41.700	7343
Drosophilabusckii-30019-GCA001277935.1	42.100	3276
Drosophilabusckii-30019-GCF001277935.1	42.000	6454
Drosophilabusckii-30019-GCF011750605.1	41.800	5743
Drosophilagunungcola-103775-GCA025200985.1	43.100	641
Drosophilagunungcola-103775-GCF025200985.1	41.850	1936
Drosophilainnubila-198719-GCF004354385.1	41.700	1029
Drosophilakikkawai-30033-GCF030179895.1	41.700	7026
Drosophilamadeirensis-30013-GCA040893045.1	41.900	5251
Drosophilamauritiana-7226-GCF004382145.1	41.800	6995
Drosophilamelanogaster-7227-GCA000001215.4	42.400	9818
Drosophilamelanogaster-7227-GCF000001215.4	42.400	9818
Drosophilamiranda-7229-GCF000269505.1	41.800	6768
Drosophilamiranda-7229-GCF003369915.1	41.600	8186
Drosophilanasuta-42062-GCF023558535.2	41.100	6645
Drosophilapseudoobscura-7237-GCF009870125.1	41.500	8483
Drosophilasantomea-129105-GCF016746245.2	41.800	7455
Drosophilasechellia-7238-GCF004382195.2	41.900	7367
Drosophilasimulans-7240-GCA000259055.1	42.300	2956
Drosophilasimulans-7240-GCA000754195.3	42.100	7256
Drosophilasimulans-7240-GCF000754195.2	42.100	7256
Drosophilasimulans-7240-GCF016746395.2	42.000	8282
Drosophilasubobscura-7241-GCF008121235.1	42.000	7167
Drosophilasubpulchrella-1486046-GCF014743375.2	41.300	6937
Drosophilasulfurigaster-89887-GCF023558435.1	41.400	6574
Drosophilasuzukii-28584-GCF013340165.1	45.000	203
Drosophilasuzukii-28584-GCF037355615.1	42.000	7855
Drosophilasuzukii-28584-GCF043229965.1	42.000	7797
Drosophilatakahashii-29030-GCF030179915.1	42.000	7290
Drosophilateissieri-7243-GCF016746235.2	41.900	6772
Drosophilavirilis-7244-GCF030788295.1	41.500	7666
Drosophilawillistoni-7260-GCF018902025.1	42.600	1580
Drosophilayakuba-7245-GCA000005975.1	41.800	6721
Drosophilayakuba-7245-GCF000005975.2	41.800	6721
Drosophilayakuba-7245-GCF016746365.2	42.100	7966
Dryobatespubescens-118200-GCF014839835.1	43.200	10385
Dryococelusaustralis-614101-GCA029891345.1	47.500	1310
Dunckerocampusdactyliophorus-161453-GCF027744805.1	40.800	20653
Dysideaavara-196820-GCF963678975.1	37.000	8511
Echeneisnaucrates-173247-GCF900963305.1	42.400	15667
Echinococcusgranulosus-6210-GCA021556725.1	39.900	2597
Electrophoruselectricus-8005-GCF013358815.1	42.100	18969
Eleginopsmaclovinus-56733-GCA036324505.1	43.200	7930
Eleginopsmaclovinus-56733-GCF036324505.1	41.900	14952
Eleutherodactyluscoqui-57060-GCA019857665.1	42.900	7893
Elgariamulticarinata-159646-GCF023053635.1	43.400	12141
Engraulisencrasicolus-184585-GCF034702125.1	42.200	13979
Engystomopspustulosus-76066-GCA019512145.1	42.900	18223
Enoplosusarmatus-215367-GCF043641665.1	43.700	12052
Entelurusaequoreus-161455-GCF033978785.1	41.800	18865
Ephydatiamuelleri-6052-GCA049114765.1	45.500	6114
Epinepheluscoioides-94232-GCA051314025.1	42.400	12309
Epinephelusfuscoguttatus-293821-GCF011397635.1	41.600	16949
Epinepheluslanceolatus-310571-GCF005281545.1	41.400	17315
Epinephelusmoara-300413-GCF006386435.1	42.000	16366
Episyrphusbalteatus-286459-GCF945859705.1	41.700	7268
Eptesicusfuscus-29078-GCF027574615.1	43.500	14156
Equusasinus-9793-GCF016077325.2	42.000	21461
Equusasinus-9793-GCF041296235.1	41.700	28880
Equuscaballus-9796-GCF000002305.2	42.400	12062
Equuscaballus-9796-GCF002863925.1	41.700	22835
Equuscaballus-9796-GCF041296265.1	41.600	39138
Equusprzewalskii-9798-GCF037783145.1	41.500	37640
Equusquagga-89248-GCF021613505.1	41.900	17670
Eretmocerushayati-131215-GCA029851415.1	41.600	3551
Erinaceuseuropaeus-9365-GCF950295315.1	41.900	19249
Eriocheirsinensis-95602-GCF024679095.1	41.300	12756
Erpetoichthyscalabaricus-27687-GCF900747795.2	41.800	14211
Esoxlucius-8010-GCF000721915.3	41.800	19280
Esoxlucius-8010-GCF004634155.1	41.700	23017
Esoxlucius-8010-GCF011004845.1	41.500	23457
Etheostomacragini-417921-GCF013103735.1	41.300	19226
Etheostomaspectabile-54343-GCA008692095.1	42.500	4946
Etheostomaspectabile-54343-GCF008692095.1	41.200	17939
Eublepharismacularius-481883-GCF028583425.1	42.700	12316
Eulemurrufifrons-859984-GCF041146395.1	42.900	16600
Eulepteseuropaea-460621-GCF029931775.1	43.400	9283
Eupeodescorollae-290404-GCF945859685.1	41.900	6984
Eurostasolidaginis-178769-GCF040869045.1	42.900	11277
Euwallaceafornicatus-995702-GCF040115645.1	41.500	7759
Euwallaceasimilis-1736056-GCF039881205.1	42.000	6511
Falconaumanni-148594-GCF017639655.2	42.500	17443
Falcoperegrinus-8954-GCF023634155.1	42.400	17660
Falcorusticolus-120794-GCF015220075.1	42.700	17612
Feliscatus-9685-GCF018350175.1	41.500	27131
Ficedulaalbicollis-59894-GCF000247815.1	42.900	9931
Fundulusheteroclitus-8078-GCF011125445.2	41.700	16317
Gaduschalcogrammus-1042646-GCF026213295.1	42.200	12869
Gadusmacrocephalus-80720-GCF031168955.1	42.200	15409
Gadusmorhua-328277-GCA964260575.1	43.200	7644
Gadusmorhua-8049-GCF902167405.1	41.400	16770
Gallusgallus-9031-GCF000002315.6	42.000	19995
Gallusgallus-9031-GCF016699485.2	42.100	28185
Gallusgallus-9031-GCF016700215.2	42.100	28157
Gambusiaaffinis-33528-GCF019740435.1	41.500	19575
Garrarufa-137080-GCF049309525.1	42.500	13124
Gasterosteusaculeatus-481459-GCF016920845.1	41.300	17659
Gekkokuhli-1118402-GCA051903775.1	46.500	7600
Geothlypistrichas-135433-GCA009764595.1	42.600	12440
Geotrypetesseraphini-260995-GCF902459505.1	42.200	19323
Gigantopeltaaegis-1735272-GCF016097555.1	42.900	8069
Girardinichthysmultiradiatus-208333-GCF021462225.1	41.600	19073
Globicephalamelas-9731-GCF963455315.2	41.800	20833
Glossinafuscipes-201502-GCA048596035.1	41.400	7212
Glossinafuscipes-201502-GCA049640005.1	41.700	6501
Gopherusevgoodei-1825980-GCF007399415.2	42.000	18260
Gopherusflavomarginatus-286002-GCF025201925.1	42.100	20460
Gordionussp-3053472-GCA954871325.2	41.200	3941
Gordionussp-3053472-GCF954871325.1	39.700	3899
Gorillagorilla-9595-GCF000151905.2	43.000	16125
Gorillagorilla-9595-GCF008122165.1	42.900	17691
Gorillagorilla-9595-GCF029281585.2	42.300	31664
Gouaniawilldenowi-441366-GCF900634775.1	41.200	17105
Gracilinanusagilis-191870-GCF016433145.1	43.700	9605
Grusamericana-9117-GCF028858705.1	41.900	20401
Gymnogypscalifornianus-33616-GCF018139145.2	43.500	10362
Gymnothoraxjavanicus-473457-GCA029692085.1	43.700	7586
Haemaphysalislongicornis-44386-GCA013339765.2	44.600	2836
Haematobiairritans-7368-GCF050003625.1	41.800	6949
Haemonchuscontortus-6289-GCA041937105.1	39.100	6323
Haliaeetusalbicilla-8969-GCF947461875.1	42.100	19215
Halichondriapanicea-6063-GCF963675165.1	38.500	6813
Haliotisasinina-109174-GCF037392515.1	42.250	9450
Harmoniaaxyridis-115357-GCF914767665.1	41.150	7604
Harpiaharpyja-202280-GCF026419915.1	42.100	19137
Helicoverpaarmigera-29058-GCF023701775.1	41.500	8471
Helicoverpaarmigera-29058-GCF030705265.1	42.100	7174
Helicoverpazea-7113-GCF022581195.2	41.500	6861
Hemibagruswyckioides-337641-GCA019097595.1	42.800	7372
Hemibagruswyckioides-337641-GCF019097595.1	41.700	18707
Hemicordyluscapensis-884348-GCF027244095.1	41.800	26511
Hemitrygonakajei-2704970-GCF048418815.1	42.200	17744
Hermetiaillucens-343691-GCA905115235.1	42.600	3903
Hermetiaillucens-343691-GCF905115235.1	41.700	7702
Heterobilharziaamericana-39320-GCA944470545.2	40.200	3855
Heterobilharziaamericana-39320-GCA944470555.2	40.100	4499
Heteronotiabinoei-13085-GCF032191835.1	42.700	12676
Hippocampuszosterae-109293-GCF025434085.1	41.400	17795
Hippoglossushippoglossus-8267-GCF009819705.1	41.200	20192
Hippoglossusstenolepis-195615-GCF022539355.2	41.400	18116
Hippopotamusamphibius-575201-GCF030028045.1	42.500	21286
Hirundorustica-43150-GCF015227805.2	42.300	15604
Holothurialeucospilota-206669-GCA029531755.1	41.200	4473
Holotrichiaoblita-644536-GCA023690525.1	43.500	4970
Homalodiscavitripennis-197043-GCF021130785.1	41.700	7339
Homosapiens-9606-GCA011064465.2	45.600	26701
Homosapiens-9606-GCA018873775.2	45.600	26700
Homosapiens-9606-GCA022833125.2	44.100	18441
Homosapiens-9606-GCF000001405.40	41.700	52778
Homosapiens-9606-GCF000002125.1	42.900	12630
Homosapiens-9606-GCF000002135.2	44.050	546
Homosapiens-9606-GCF000306695.2	43.000	14715
Hopliasmalabaricus-27720-GCF029633855.1	42.600	16947
Husohuso-61971-GCA036884735.1	43.550	9592
Hyalommaasiaticum-266040-GCA013339685.2	44.800	2925
Hydractiniasymbiolongicarpus-13093-GCF029227915.1	43.000	7053
Hydravulgaris-6087-GCF022113875.1	46.200	7881
Hylaeusvolcanicus-313075-GCF026283585.1	41.950	7890
Hylasarda-327740-GCF029499605.1	41.200	19834
Hymenochirusboettgeri-247094-GCA019447015.1	43.750	8756
Hyperoliusriggenbachi-752182-GCF040937935.1	41.000	17265
Hypomesustranspacificus-137520-GCF021917145.1	42.100	12327
Ictalurusfurcatus-66913-GCF023375685.1	42.500	16780
Ictaluruspunctatus-7998-GCF001660625.3	42.100	19581
Ictidomystridecemlineatus-43179-GCA016881025.1	45.000	608
Ictidomystridecemlineatus-43179-GCF016881025.1	43.400	910
Indicatorindicator-1002788-GCF027791375.1	43.400	8619
Iphiclidespodalirius-110791-GCA933534255.1	42.000	4076
Ischnuraelegans-197161-GCF921293095.1	42.500	7650
Ixodeshexagonus-34612-GCA964199285.2	43.700	2883
Ixodespacificus-29930-GCA964199305.2	45.200	3452
Ixodespersulcatus-34615-GCA964199295.2	43.500	3411
Jaculusjaculus-51337-GCF020740685.1	42.100	17679
Knipowitschiacaucasica-637954-GCA964034765.1	43.000	9024
Kryptolebiasmarmoratus-37003-GCF001649575.2	41.400	17317
Labeorohita-84645-GCA022985175.1	42.000	5603
Labeorohita-84645-GCF022985175.1	42.100	16649
Labrusbergylta-56723-GCF963930695.1	41.400	16905
Labrusmixtus-508554-GCF963584025.1	41.700	16099
Lacertaagilis-80427-GCF009819535.1	42.700	15798
Lagenorhynchusalbirostris-27610-GCF949774975.1	43.100	20221
Lagopusmuta-64668-GCF023343835.1	41.700	17971
Lampetrafluviatilis-7748-GCA965212235.1	43.000	5076
Lampetraplaneri-7750-GCA965212315.1	42.900	4665
Lamprisincognitus-2546036-GCF029633865.1	42.900	11307
Lamprotornissuperbus-245042-GCA015883425.2	43.100	4940
Larimichthyscrocea-215358-GCA003711585.2	42.900	7468
Larimichthyscrocea-215358-GCA003845795.1	43.900	7659
Larimichthyscrocea-215358-GCF000972845.2	41.400	17911
Larusmichahellis-119627-GCF964199755.1	42.100	21419
Lasioglossumbaleicum-434251-GCF051020765.1	41.800	9529
Lasiusplatythorax-488582-GCA964030505.2	42.300	4063
Latescalcarifer-8187-GCF001640805.2	42.200	15113
Leguminivoraglycinivorella-1035111-GCF023078275.1	41.500	5661
Lemurcatta-9447-GCF020740605.2	42.300	17022
Leopardusgeoffroyi-46844-GCF018350155.1	41.800	27210
Lepeophtheirussalmonis-72036-GCA902860245.1	41.050	3692
Lepeophtheirussalmonis-72036-GCA905330665.1	41.000	3691
Lepeophtheirussalmonis-72036-GCF016086655.4	40.800	6861
Lepisosteusoculatus-7918-GCF000242695.1	41.600	16402
Lepuseuropaeus-9983-GCF033115175.1	42.300	15431
Lethenteronreissneri-7753-GCF015708825.1	42.400	11664
Leuciscuswaleckii-155063-GCA041200155.1	42.800	11234
Leucorajaerinaceus-7782-GCF028641065.1	42.700	13125
Limandalimanda-27771-GCF963576545.1	42.900	11273
Linepithemahumile-83485-GCF040581485.1	41.900	8879
Lineuslongissimus-88925-GCF910592395.1	41.800	11390
Liolophurasinensis-3198878-GCF032854445.1	43.200	6989
Littorinasaxatilis-31220-GCA037325665.1	43.800	5537
Littorinasaxatilis-31220-GCF037325665.1	42.600	8582
Lonchurastriata-40157-GCF005870125.1	42.600	12380
Lotalota-69944-GCA964260585.1	42.900	7431
Loxostegesticticalis-481309-GCA040581525.1	41.800	4936
Loxostegesticticalis-481309-GCA040581535.1	41.900	4776
Luciliacuprina-7375-GCF022045245.1	42.200	6440
Lutralutra-9657-GCF902655055.1	42.100	21682
Lutzomyialongipalpis-7200-GCF024334085.1	41.400	7272
Lycormadelicatula-130591-GCF047948215.1	42.200	8831
Lytechinuspictus-7653-GCF015342785.2	42.600	6704
Lytechinuspictus-7653-GCF037042905.1	42.000	7407
Lytechinusvariegatus-7654-GCF018143015.1	41.500	9075
Macacafascicularis-9541-GCA000230815.1	43.400	4948
Macacafascicularis-9541-GCF000364345.1	42.100	24189
Macacafascicularis-9541-GCF012559485.2	41.900	29095
Macacamulatta-9544-GCA000230795.1	43.400	5378
Macacamulatta-9544-GCF000002255.3	43.600	8913
Macacamulatta-9544-GCF000772875.2	42.400	21228
Macacamulatta-9544-GCF003339765.1	42.200	26655
Macacathibetana-257877-GCF024542745.1	42.900	23347
Macrobrachiumnipponense-159736-GCF015104395.2	41.900	11085
Macrobrachiumrosenbergii-79674-GCF040412425.1	42.000	15484
Macrotislagotis-92651-GCF037893015.1	42.200	19146
Mactraantiquata-2302425-GCA047288015.1	42.900	4726
Magallanaangulata-2784310-GCF025612915.1	41.700	11751
Magallanagigas-29159-GCF963853765.1	41.300	13012
Malaclemysterrapin-2991368-GCF027887155.1	42.300	16470
Malayagenurostris-325434-GCF030247185.1	40.700	8103
Manducasexta-7130-GCF014839805.1	42.300	6604
Maniolajurtina-191418-GCF905333055.1	41.500	7645
Manisjavanica-9974-GCF040802235.1	41.900	26304
Manispentadactyla-143292-GCF030020395.1	42.000	22866
Mastacembelusarmatus-205130-GCF900324485.2	42.000	16891
Mastomyscoucha-35658-GCF008632895.1	46.400	661
Mauremysmutica-74926-GCA020497125.1	43.600	6330
Mauremysmutica-74926-GCF020497125.1	42.200	19026
Mauremysreevesii-260615-GCF016161935.1	41.900	24875
Maylandiazebra-106582-GCF000238955.4	41.600	15995
Megachilerotundata-143995-GCF050947335.1	41.700	10329
Megalobramaamblycephala-75352-GCF018812025.1	41.500	20969
Megalopsatlanticus-7932-GCA019176425.1	43.700	8664
Megalopscyprinoides-118141-GCF013368585.1	42.800	17068
Megaloptagenalis-115081-GCF051020955.1	41.900	8942
Megalurothripsusitatus-439358-GCA026979955.1	43.300	3323
Megaseliaabdita-88686-GCA048544405.1	41.900	6785
Melanotaeniaboesemani-1250792-GCF017639745.1	41.600	17611
Meleagrisgallopavo-9103-GCF000146605.3	43.200	10133
Melesmeles-9662-GCF922984935.1	41.900	19256
Melitaeacinxia-113334-GCF905220565.1	42.000	3537
Meloidogynehapla-6305-GCA051171035.1	40.100	2331
Melopsittacusundulatus-13146-GCF012275295.1	42.900	11565
Melospizageorgiana-44398-GCF028018845.1	42.300	11621
Menopongallinae-328185-GCA040285465.1	42.800	5076
Mercenariamercenaria-6596-GCF014805675.1	41.000	10685
Mercenariamercenaria-6596-GCF021730395.1	41.200	12115
Merionesunguiculatus-10047-GCF030254825.1	41.800	20891
Merlucciusmerluccius-8063-GCA964260605.1	43.300	6818
Metopolophiumdirhodum-44670-GCF019925205.1	40.400	6947
Metynnishypsauchen-138550-GCA050495845.1	43.100	8336
Microcaeciliaunicolor-1415580-GCF901765095.1	42.800	13006
Microcebusmurinus-30608-GCF000165445.2	42.000	22398
Microcebusmurinus-30608-GCF040939455.1	42.600	18079
Microplitisdemolitor-69319-GCF026212275.2	41.900	6807
Microplitismediator-375433-GCF029852145.1	41.600	7817
Micropterusdolomieu-147949-GCF021292245.1	42.200	18057
Microtusochrogaster-79684-GCF000317375.1	42.300	10680
Mimusmelanotis-245851-GCA042985785.1	44.400	4986
Miroungaangustirostris-9716-GCF021288785.2	43.000	16821
Misgurnusanguillicaudatus-75329-GCF027580225.2	41.600	18971
Mnemiopsisleidyi-27923-GCA048537945.1	37.400	6114
Mobulahypostoma-723540-GCF963921235.1	42.200	16939
Molothrusaeneus-84833-GCF037042795.1	42.800	10870
Molothrusater-84834-GCF012460135.2	42.500	11707
Monodelphisdomestica-13616-GCF000002295.2	42.100	16353
Monodelphisdomestica-13616-GCF027887165.1	42.300	24250
Monomoriumpharaonis-307658-GCF013373865.1	41.500	8778
Montiporacapricornis-246305-GCF036669925.1	39.700	9164
Montiporafoliosa-591990-GCF036669935.1	39.800	9379
Motacillaalba-1094192-GCF015832195.1	41.500	18250
Mugilcephalus-48193-GCF022458985.1	41.100	18416
Mugilogobiuschulae-88201-GCA038363315.1	43.000	7469
Mugilogobiuschulae-88201-GCA046056395.1	43.000	7442
Muntiacusmuntjak-9888-GCA008782695.1	44.100	6747
Muntiacusreevesi-9886-GCA008787405.2	44.000	6685
Muntiacusreevesi-9886-GCF963930625.1	42.200	16930
Muraenolepisorangiensis-630683-GCA027704905.1	42.600	7145
Muscaroli-10089-GCF900094665.2	41.900	17871
Musmusculus-10090-GCF000001635.27	42.000	37518
Muspahari-10093-GCF900095145.1	42.300	16314
Mustelaerminea-36723-GCF009829155.1	41.700	23145
Mustelalutreola-9666-GCF030435805.1	42.000	22052
Mustelanigripes-77151-GCF022355385.1	42.000	17750
Myaarenaria-6604-GCA026914265.1	40.800	5527
Myaarenaria-6604-GCF026914265.1	40.400	13977
Mycteriaamericana-33587-GCA035582795.1	40.600	5703
Mycteriaamericana-33587-GCF035582795.1	42.500	15864
Myotisdaubentonii-98922-GCF963259705.1	42.600	23024
Myripristismurdjan-586833-GCF902150065.1	42.300	15046
Mythimnaloreyi-667449-GCA029852875.1	41.700	3458
Mythimnaseparata-271217-GCA029852925.1	42.100	3657
Mytilusedulis-6550-GCF963676685.1	42.100	15282
Mytilusgalloprovincialis-29158-GCF965363235.1	42.000	12179
Mytilustrossulus-6551-GCF036588685.1	42.200	11225
Myxineglutinosa-7769-GCF040869285.1	42.200	10755
Myxocyprinusasiaticus-70543-GCF019703515.2	42.600	33341
Najanaja-35670-GCA009733165.1	44.100	6284
Nasalislarvatus-43780-GCA047834645.1	44.200	6660
Nasoniavitripennis-7425-GCF000002325.3	42.500	5200
Nasoniavitripennis-7425-GCF009193385.2	42.400	10388
Necatoramericanus-51031-GCA031761385.1	38.400	5879
Necatoramericanus-51031-GCF031761385.1	38.400	5879
Nematolebiaswhitei-451745-GCF014905685.2	43.500	8765
Nematostellavectensis-45351-GCF932526225.1	40.500	9040
Neodiprionfabricii-2872261-GCF021155785.1	41.900	9675
Neodiprionlecontei-441921-GCF021901455.1	41.800	9903
Neodiprionpinetum-441929-GCF021155775.2	41.700	9898
Neodiprionvirginianus-2961670-GCF021901495.1	41.800	9753
Neoechinorhynchusagilis-2593365-GCA051530055.1	38.800	2049
Neofelisnebulosa-61452-GCF028018385.1	42.000	24530
Neogalevison-452646-GCF020171115.1	41.900	17047
Neomonachusschauinslandi-29088-GCF002201575.2	43.500	13143
Nerophislumbriciformis-546530-GCF033978685.3	41.600	16376
Nerophisophidion-159077-GCF033978795.1	41.500	18465
Nesidiocoristenuis-355587-GCA036186465.1	42.400	3307
Nezaraviridula-85310-GCA928085145.1	42.500	4561
Nibeaalbiflora-240163-GCA014281875.1	43.300	4083
Nilaparvatalugens-108931-GCF014356525.2	42.700	8148
Nippostrongylusbrasiliensis-27835-GCA030553155.1	39.100	5964
Nomascusleucogenys-61853-GCF000146795.2	43.500	11891
Nomascusleucogenys-61853-GCF006542625.1	42.200	18980
Nomiamelanderi-2448451-GCF051020985.1	41.600	11006
Notamacropuseugenii-9315-GCF028372415.1	42.000	22671
Nothobranchiusfurzeri-105023-GCA014300015.1	42.000	13026
Nothobranchiusfurzeri-105023-GCF001465895.1	41.800	13184
Nothobranchiusfurzeri-105023-GCF043380555.1	41.300	18771
Notolabruscelidotus-1203425-GCF009762535.1	42.000	14552
Numeniusarquata-31919-GCF964106895.1	43.500	10374
Numidameleagris-8996-GCF002078875.1	42.000	16901
Nyctibiusgrandis-48427-GCF013368605.1	42.900	12494
Nycticebuscoucang-9470-GCF027406575.1	42.300	21881
Nymphalisio-171585-GCF905147045.1	41.700	6736
Ochotonaprinceps-9978-GCF014633375.1	42.900	10426
Ochotonaprinceps-9978-GCF030435755.1	42.800	15437
Octopusbimaculoides-37653-GCF001194135.2	42.500	8560
Octopussinensis-2607531-GCF006345805.1	42.200	10191
Octopusvulgaris-6645-GCA951406725.2	43.100	6930
Oculinapatagonica-130080-GCA052425735.1	40.800	6248
Odocoileusvirginianus-9874-GCF023699985.2	41.900	19955
Odontesthesbonariensis-219752-GCF027942865.1	41.650	16684
Oedothoraxgibbosus-931172-GCA019343175.1	42.900	3883
Oenanthemelanoleuca-2939378-GCF029582105.1	42.600	13995
Oikopleuradioica-34765-GCA907165135.1	39.500	3647
Oncorhynchusclarkii-490388-GCF045791955.1	42.600	30225
Oncorhynchusgorbuscha-8017-GCF021184085.1	42.100	29579
Oncorhynchusketa-8018-GCF012931545.1	42.700	21277
Oncorhynchusketa-8018-GCF023373465.1	41.800	36768
Oncorhynchuskisutch-8019-GCF002021735.2	42.200	33998
Oncorhynchusmasou-90313-GCF036934945.1	42.400	26845
Oncorhynchusmykiss-8022-GCA900005705.1	45.600	758
Oncorhynchusmykiss-8022-GCF002163495.1	42.700	25348
Oncorhynchusmykiss-8022-GCF013265735.2	42.100	39578
Oncorhynchusnerka-8023-GCF006149115.2	42.200	23878
Oncorhynchusnerka-8023-GCF034236695.1	42.400	26483
Oncorhynchustshawytscha-74940-GCF002872995.1	42.700	22667
Oncorhynchustshawytscha-74940-GCF018296145.1	42.100	31387
Onthophagustaurus-166361-GCF036711975.1	41.000	6585
Onychomystorridus-38674-GCF903995425.1	41.900	16647
Onychostomamacrolepis-369639-GCA012432095.1	42.600	7676
Onychostomamacrolepis-369639-GCF012432095.1	41.700	20202
Ooceraeabiroi-2015173-GCA003672135.1	43.150	3276
Ooceraeabiroi-2015173-GCF003672135.1	42.600	8061
Oratosquillaoratoria-337810-GCF046742065.1	40.800	10302
Orcinusorca-9733-GCF937001465.1	42.200	25545
Oreochromisaureus-47969-GCF013358895.1	41.600	16910
Oreochromisniloticus-8128-GCF000188235.2	42.000	14981
Oreochromisniloticus-8128-GCF001858045.2	41.000	20640
Ornithodorosturicata-34597-GCF037126465.1	41.900	7728
Ornithorhynchusanatinus-9258-GCF004115215.2	42.100	15569
Oryctolaguscuniculus-9986-GCF000003625.3	42.100	10623
Oryctolaguscuniculus-9986-GCF009806435.1	41.900	18810
Oryctolaguscuniculus-9986-GCF964237555.1	41.900	29995
Oryziasjavanicus-123683-GCA003999625.1	42.900	6816
Oryziaslatipes-8090-GCF000313675.1	41.700	13757
Oryziaslatipes-8090-GCF002234675.1	41.400	18275
Oryziasmelastigma-30732-GCF002922805.2	41.200	16243
Oscarellalobularis-121494-GCF947507565.1	38.600	6388
Osmeruseperlanus-29151-GCF963692335.1	42.100	15997
Osmiabicornis-1437191-GCF907164935.1	42.300	8665
Osmialignaria-1437193-GCF051020975.1	42.000	9643
Ostreaedulis-37623-GCF947568905.1	41.300	14869
Ostrinianubilalis-29057-GCF963855985.1	42.300	4784
Ovisammon-230172-GCA028583565.1	43.900	6520
Ovisammon-2918886-GCA023701655.1	44.000	6246
Ovisammon-2918886-GCA023701675.1	43.900	6565
Ovisaries-9940-GCA017524585.1	44.000	6509
Ovisaries-9940-GCA040836155.1	43.500	5879
Ovisaries-9940-GCA041121725.1	43.600	6112
Ovisaries-9940-GCF000298735.2	42.300	15901
Ovisaries-9940-GCF002742125.1	42.300	15782
Ovisaries-9940-GCF016772045.2	41.500	31014
Oviscanadensis-37174-GCF042477335.2	42.000	24729
Oxyurajamaicensis-8884-GCF011077185.1	41.700	15994
Pagotheniaborchgrevinki-8213-GCA044885175.1	43.300	8886
Pagrusmajor-143350-GCF040436345.1	42.500	12609
Palaemoncarinicauda-392227-GCF036898095.1	41.800	9353
Pangasianodongigas-30993-GCA022758105.1	43.200	7471
Pangasianodonhypophthalmus-310915-GCA009078355.1	43.400	7413
Pangasianodonhypophthalmus-310915-GCF009078355.1	42.100	17523
Pangasianodonhypophthalmus-310915-GCF027358585.1	42.000	19071
Pangasiusdjambal-1691987-GCA022985145.1	43.400	7471
Panpaniscus-9597-GCF000258655.2	42.400	17738
Panpaniscus-9597-GCF029289425.2	42.000	31343
Pantheraleo-9689-GCF018350215.1	42.300	19932
Pantheraonca-9690-GCF028533385.1	42.300	20294
Pantheratigris-9694-GCF018350195.1	42.400	20749
Pantherauncia-29064-GCF023721935.1	43.600	9377
Pantroglodytes-9598-GCA002880755.3	45.300	27167
Pantroglodytes-9598-GCF000001515.7	41.800	29526
Pantroglodytes-9598-GCF002880755.1	41.800	31179
Pantroglodytes-9598-GCF028858775.2	41.800	43280
Panulirusornatus-150431-GCF036320965.1	42.700	12128
Papiliomachaon-76193-GCF912999745.1	42.300	5252
Papioanubis-9555-GCF000264685.3	42.200	25295
Papioanubis-9555-GCF008728515.1	41.900	27606
Paralichthysolivaceus-8255-GCF024713975.1	41.100	22608
Parambassisranga-210632-GCF900634625.1	42.100	16424
Paramisgurnusdabryanus-90735-GCF030506205.2	41.900	17226
Paramormyropskingsleyae-1676925-GCF048594095.1	41.400	24878
Parargeaegeria-116150-GCF905163445.1	41.800	6234
Parasteatodatepidariorum-114398-GCF043381705.1	41.700	10131
Parusmajor-9157-GCF001522545.3	42.200	16308
Patellavulgata-6465-GCF932274485.2	43.100	8213
Pectenmaximus-6579-GCF902652985.1	45.600	9148
Pectinophoragossypiella-13191-GCF024362695.1	41.300	6542
Pelecanuscrispus-36300-GCF030463565.1	44.300	11798
Pelmatolapiamariae-158779-GCF036321145.2	41.500	16388
Pelobatescultripes-61616-GCA933207985.1	42.700	14724
Pelodiscussinensis-13735-GCF049634645.1	41.500	20669
Pempherisklunzingeri-3127111-GCF042242105.1	42.800	11325
Penaeusmonodon-6687-GCF015228065.2	42.500	6629
Penaeusvannamei-6689-GCF042767895.1	42.400	10674
Percaflavescens-8167-GCA004354835.1	43.000	7444
Percaflavescens-8167-GCF004354835.1	41.700	16366
Percafluviatilis-8168-GCA010015445.1	42.900	7814
Percafluviatilis-8168-GCF010015445.1	40.900	19329
Periophthalmusmagnuspinnatus-409849-GCA026225835.1	43.300	5659
Periophthalmusmagnuspinnatus-409849-GCF009829125.3	42.300	12705
Periplanetaamericana-6978-GCF040183065.1	42.200	10241
Perognathuslongimembris-214514-GCF023159225.1	42.700	15430
Peromyscuseremicus-42410-GCF949786415.1	43.400	13466
Peromyscusleucopus-10041-GCF004664715.2	42.200	18305
Peromyscusmaniculatus-230844-GCF003704035.1	41.800	20227
Peromyscusmaniculatus-230844-GCF049852395.1	41.900	27157
Petromyzonmarinus-7757-GCF010993605.1	41.900	13278
Petromyzonmarinus-7757-GCF048934315.1	41.600	15073
Phacochoerusafricanus-41426-GCF016906955.1	42.300	18355
Phaedoncochleariae-80249-GCA918026855.4	42.000	3749
Phaenicophaeuscurvirostris-33595-GCF032191515.1	42.200	13838
Phalacrocoraxaristotelis-126867-GCF949628215.1	42.500	18227
Phalacrocoraxcarbo-9209-GCF963921805.1	42.300	16483
Phlebotomuspapatasi-29031-GCF024763615.1	42.500	6976
Phocoenaphocoena-9742-GCF963924675.1	43.100	12660
Phocoenasinus-42100-GCF008692025.1	42.700	20434
Phoxinusphoxinus-58324-GCA037504845.1	42.800	10406
Phoxinusphoxinus-58324-GCA037504875.1	42.700	10869
Phrynosomaplatyrhinos-52577-GCA020142125.1	42.700	4685
Phycoduruseques-693459-GCF024500275.1	41.700	18297
Phyllopteryxtaeniolatus-161469-GCF024500385.1	41.000	22357
Phyllotretastriolata-444603-GCA918026865.1	41.900	3461
Physetermacrocephalus-9755-GCF002837175.3	43.200	17398
Pierisbrassicae-7116-GCF905147105.1	42.000	7040
Pierisnapi-78633-GCF905475465.1	41.500	7271
Pierisrapae-64459-GCF905147795.1	41.600	6644
Piliocolobustephrosceles-591936-GCF002776525.5	42.600	18065
Pithysalbifrons-3385563-GCF047495875.1	42.200	14389
Planococcuscitri-170843-GCF950023065.1	40.700	7617
Platichthysflesus-8260-GCF949316205.1	42.300	14231
Plectropomusleopardus-160734-GCF008729295.1	42.400	12363
Plecturocebuscupreus-202457-GCA040437455.1	46.000	5270
Pleurodeleswaltl-8319-GCA026652325.1	42.800	7002
Pleurodeleswaltl-8319-GCF031143425.1	41.900	16367
Pleuronectesplatessa-8262-GCF947347685.1	42.200	13990
Plodiainterpunctella-58824-GCF027563975.2	41.200	8175
Plutellaxylostella-51655-GCA019096205.1	41.900	3669
Plutellaxylostella-51655-GCF932276165.1	42.200	6499
Pocilloporaverrucosa-203993-GCF036669915.1	39.900	8887
Podarcislilfordi-74358-GCA947686815.1	43.100	12053
Podarcismuralis-64176-GCF004329235.1	42.300	19082
Podarcisraffonei-65483-GCF027172205.1	42.100	20013
Poecileatricapillus-48891-GCF030490865.1	42.800	16071
Poeciliareticulata-8081-GCF000633615.1	41.400	16878
Pogonavitticeps-103695-GCF047335585.1	42.100	18138
Pogoniuluspusillus-488313-GCF015220805.1	42.100	15587
Pogonomyrmexcalifornicus-144036-GCA050084945.1	43.000	3438
Pogonophrynealbipinna-1090488-GCA028583405.1	43.500	6814
Polyodonspathula-7913-GCF017654505.1	42.200	24934
Polypedilumvanderplanki-319348-GCA018290095.1	40.900	4149
Polypterussenegalus-55291-GCA016835505.1	43.100	5371
Polypterussenegalus-55291-GCF016835505.1	41.700	15010
Pomaceacanaliculata-400727-GCA003073045.1	42.800	4182
Pomaceacanaliculata-400727-GCF003073045.1	42.800	9796
Pongoabelii-9601-GCA002880775.3	45.300	26729
Pongoabelii-9601-GCF002880775.1	42.200	17554
Pongoabelii-9601-GCF028885655.2	41.700	31623
Pongopygmaeus-9600-GCF028885625.2	42.000	30496
Poriteslutea-51062-GCF958299795.1	41.700	7638
Priniasubflava-208062-GCF021018805.1	41.950	13978
Prionailurusbengalensis-37029-GCF016509475.1	42.200	21065
Prionailurusviverrinus-61388-GCF022837055.1	42.100	19878
Pristionchuspacificus-54126-GCA000180635.4	39.400	3722
Pristispectinata-685728-GCF009764475.1	42.500	14671
Procambarusclarkii-6728-GCF040958095.1	42.100	13584
Protopterusannectens-7888-GCF019279795.1	42.600	12888
Pseudochaenichthysgeorgianus-52239-GCF902827115.2	41.900	13230
Pseudoliparisswirei-2059687-GCF029220125.1	42.100	15664
Pseudolycoriellahygida-35572-GCA029228625.1	41.500	3022
Pseudorasboraparva-51549-GCF024679245.1	41.600	18488
Psylliodeschrysocephalus-3402493-GCA927349885.1	41.800	3827
Ptiloglossaarizonensis-3350558-GCF051014685.1	41.700	8705
Ptychoderaflava-63121-GCF041260155.1	41.300	12043
Pungitiuspungitius-134920-GCF949316345.1	41.700	16761
Pungitiussinensis-497904-GCA049949165.1	42.500	9798
Puntigrustetrazona-1606681-GCF018831695.1	41.900	17723
Pycnogonumlitorale-261975-GCA964442445.1	40.200	1151
Pygathrixnigripes-310352-GCA047655245.1	45.000	6474
Pygocentrusnattereri-42514-GCF015220715.1	41.700	20001
Pyrocoeliapectoralis-417401-GCA036250285.1	41.700	3221
Pyxicephalusadspersus-30357-GCF032062135.1	42.000	12849
Ranatemporaria-8407-GCF905171775.1	41.600	14463
Ranatrachinensis-642074-GCA040954505.1	44.400	3182
Rangifertarandus-3082113-GCA949782905.1	43.900	6748
Rangifertarandus-3082113-GCA951394145.2	43.700	6199
Rattusnorvegicus-10116-GCA000002265.1	45.200	10858
Rattusnorvegicus-10116-GCF000001895.5	42.400	19688
Rattusnorvegicus-10116-GCF015227675.2	42.000	27840
Rattusnorvegicus-10116-GCF036323735.1	42.100	33050
Rattusrattus-10117-GCF011064425.1	43.400	12687
Rhinatremabivittatum-194408-GCF901001135.1	42.500	17784
Rhincodontypus-259920-GCF021869965.1	43.200	12216
Rhinolophussinicus-89399-GCF036562045.2	41.500	23030
Rhinopithecusroxellana-61622-GCF007565055.1	42.300	19692
Rhipicephalusmicroplus-6941-GCA013339725.1	45.700	3082
Rhipicephalusmicroplus-6941-GCF013339725.1	43.200	5534
Rhipicephalusmicroplus-6941-GCF043290135.1	42.200	9151
Rhipicephalussanguineus-34632-GCA013339695.2	43.900	2905
Rhipicephalussanguineus-34632-GCF013339695.2	42.900	6785
Rhopalosiphummaidis-43146-GCF003676215.2	41.400	6189
Rhopalosiphumpadi-40932-GCF020882245.1	41.100	6507
Rhynocorisfuscipes-488301-GCA040020575.1	43.750	3930
Rissatridactyla-75485-GCF028500815.1	42.400	18682
Sabethescyaneus-53552-GCF943734655.1	41.700	5526
Saguinusoedipus-9490-GCA031835075.1	48.900	7605
Salariasfasciatus-181472-GCF902148845.1	41.900	14029
Salmosalar-8030-GCF000233375.1	42.000	36257
Salmosalar-8030-GCF905237065.1	42.000	38623
Salmotrutta-8032-GCF901001165.1	41.900	33523
Salvelinusalpinus-8036-GCF045679555.1	42.000	36380
Salvelinusfontinalis-8038-GCF029448725.1	41.800	33044
Salvelinusnamaycush-8040-GCF016432855.1	43.500	21052
Salvelinussp-2691554-GCF002910315.2	42.700	19365
Sanderlucioperca-283035-GCF008315115.2	41.300	23029
Sarcophilusharrisii-9305-GCF902635505.1	42.100	18124
Sarcoptesscabiei-52283-GCA020844145.1	41.300	2727
Sardinapilchardus-27697-GCF963854185.1	42.700	14899
Sarotherodongalilaeus-8144-GCA046562855.1	42.000	8003
Scatophagusargus-75038-GCF020382885.2	41.600	19655
Sceloporusundulatus-8520-GCF019175285.1	42.100	16042
Schistocercaamericana-7009-GCF021461395.2	43.100	7098
Schistocercacancellata-274614-GCF023864275.1	42.300	7219
Schistocercagregaria-7010-GCF023897955.1	42.300	10393
Schistocercanitens-7011-GCF023898315.1	42.300	7385
Schistocercapiceifrons-274613-GCF021461385.2	42.600	6933
Schistocercaserialis-2023355-GCF023864345.2	42.600	7353
Schistosomabovis-6184-GCA944470425.2	39.500	5578
Schistosomabovis-6184-GCA944470445.2	39.800	5414
Schistosomacurassoni-6186-GCA944474815.3	39.600	5012
Schistosomaguineensis-393876-GCA944470375.2	39.200	4860
Schistosomahaematobium-6185-GCA000699445.3	41.100	4034
Schistosomahaematobium-6185-GCA944470455.2	39.100	6093
Schistosomahaematobium-6185-GCA944470465.2	38.800	6155
Schistosomahaematobium-6185-GCF000699445.3	41.100	4034
Schistosomaintercalatum-6187-GCA944470365.2	39.400	4871
Schistosomaintercalatum-6187-GCA944470385.2	39.600	4749
Schistosomajaponicum-6182-GCA021461655.1	40.400	9108
Schistosomamansoni-6183-GCA000237925.2	40.900	2311
Schistosomamargrebowiei-48269-GCA944470205.2	39.800	5151
Schistosomamattheei-31246-GCA944470405.2	40.000	4196
Schistosomamekongi-38744-GCA034768735.1	40.400	2728
Schistosomarodhaini-6188-GCA944470415.2	39.200	6562
Schistosomarodhaini-6188-GCA944470435.2	39.900	6182
Schistosomaspindalis-6189-GCA946903255.1	39.500	4689
Schistosomaturkestanicum-1163369-GCA944470395.2	40.500	3372
Sciuruscarolinensis-30640-GCF902686445.1	42.000	19526
Scleropagesformosus-113540-GCF900964775.1	42.400	20339
Scomberjaponicus-13676-GCF027409825.1	43.100	11452
Scomberscombrus-13677-GCF963691925.1	42.800	11764
Scophthalmusmaximus-52904-GCA003186165.1	43.000	8747
Scophthalmusmaximus-52904-GCF013347765.1	41.300	19433
Scophthalmusmaximus-52904-GCF022379125.1	41.200	21458
Scortumbarcoo-214431-GCA023238725.1	42.500	7072
Scyliorhinuscanicula-7830-GCF902713615.1	41.900	18269
Scyliorhinustorazame-75743-GCF047496885.1	42.100	18613
Scyllaparamamosain-85552-GCA038387795.1	42.900	9037
Scyllaparamamosain-85552-GCF035594125.1	42.200	12262
Sebastesumbrosus-72105-GCF015220745.1	41.400	20634
Semiaphisheraclei-796293-GCA046119115.1	41.700	3175
Serinuscanaria-9135-GCF022539315.1	42.600	14555
Seriolaaureovittata-2871759-GCF021018895.1	41.500	17705
Serrasalmusrhombeus-138556-GCA051861685.1	43.100	7983
Sigmodonhispidus-42415-GCA041721565.1	43.800	8591
Silurusmeridionalis-175797-GCA014805685.1	42.900	7471
Silurusmeridionalis-175797-GCA023972475.1	42.900	7281
Silurusmeridionalis-175797-GCF014805685.1	41.600	17157
Sinanodontawoodiana-1069815-GCA046254885.1	43.100	7431
Sinipercachuatsi-119488-GCF020085105.1	41.000	24275
Sminthopsiscrassicaudata-9301-GCF048593235.1	42.300	19809
Soleasenegalensis-28829-GCA019176455.1	42.500	15773
Soleasenegalensis-28829-GCF019176455.1	41.700	16020
Soleasolea-90069-GCF958295425.1	41.400	18019
Solenopsisinvicta-13686-GCF016802725.1	41.700	9188
Sorexaraneus-42254-GCF027595985.1	42.300	15481
Sparusaurata-8175-GCF900880675.1	41.100	20505
Speabombifrons-233779-GCF027358695.1	42.600	10734
Sphaeramiaorbicularis-375764-GCF902148855.1	42.100	16244
Sphaerodactylustownsendi-933632-GCF021028975.2	42.300	14160
Spirometrasp-3031171-GCA051168835.1	40.100	2797
Spodopteraexigua-7107-GCA902829305.4	42.000	3554
Spodopterafrugiperda-7108-GCF011064685.2	41.400	8295
Spodopterafrugiperda-7108-GCF023101765.2	41.200	9073
Spodopteralittoralis-7109-GCA902850265.1	41.750	3312
Spodopteralitura-69820-GCF002706865.2	41.800	6029
Stegostomatigrinum-3053191-GCF022316705.1	42.200	17553
Steinernemacarpocapsae-34508-GCA000757645.3	40.700	1192
Steinernemahermaphroditum-289476-GCA030435675.2	39.200	6946
Stomoxyscalcitrans-35570-GCF963082655.1	41.300	7350
Strixuralensis-36305-GCF047716275.1	42.500	18380
Strongyloidesratti-34506-GCA001040885.1	38.900	2254
Strongyloidesratti-34506-GCF001040885.1	38.900	2254
Suncusetruscus-109475-GCF024139225.1	43.400	9852
Suricatasuricatta-37032-GCF006229205.1	42.500	15814
Susscrofa-9823-GCF000003025.6	42.000	24761
Syconciliatum-27933-GCF964019385.1	39.000	5697
Sylviaatricapilla-48155-GCF009819655.1	43.400	11868
Symphalangussyndactylus-9590-GCF028878055.3	42.600	34667
Symsagittiferaroscoffensis-84072-GCF963678635.1	38.400	5057
Synaphobranchuskaupii-118154-GCA029718625.1	43.600	8978
Synchiropussplendidus-270530-GCF027744825.2	41.400	18687
Syngnathoidesbiaculeatus-300417-GCF019802595.1	41.600	19027
Syngnathusacus-161584-GCF901709675.1	41.200	17661
Syngnathusscovelli-161590-GCF024217435.2	41.100	18077
Syngnathustyphle-161592-GCF033458585.1	41.400	16712
Tachyglossusaculeatus-9261-GCF015852505.1	42.300	12474
Tachypleustridentatus-6853-GCF004210375.1	43.300	24337
Tachysurusfulvidraco-1234273-GCF022655615.1	41.700	21607
Tachysurusvachellii-175792-GCA033026395.1	42.600	7546
Tachysurusvachellii-175792-GCF030014155.1	42.200	15983
Taeniopygiaguttata-59729-GCF000151805.1	43.600	6475
Taeniopygiaguttata-59729-GCF003957565.2	42.100	17592
Taeniopygiaguttata-59729-GCF008822105.2	41.900	17717
Takifugubimaculatus-433685-GCA004026145.2	43.500	7331
Takifuguflavidus-433684-GCA003711565.2	42.800	7393
Takifuguflavidus-433684-GCF003711565.1	41.300	19442
Takifugurubripes-31033-GCF000180615.1	42.500	9955
Takifugurubripes-31033-GCF901000725.2	41.300	18643
Tegillarcagranosa-220873-GCA029721355.1	43.900	4768
Teleopsisdalmanni-139649-GCF002237135.1	42.600	8108
Temnothoraxlongispinosus-300112-GCF030848805.1	42.100	8760
Tenebriomolitor-7067-GCF963966145.1	40.600	8573
Thalassophryneamazonica-390379-GCF902500255.1	41.900	14054
Thamnophiselegans-35005-GCF009769535.1	43.200	11259
Theropithecusgelada-9565-GCF003255815.1	43.200	18445
Thunnusalbacares-8236-GCF914725855.1	41.500	18697
Thunnusmaccoyii-8240-GCF910596095.1	41.550	18664
Thunnusthynnus-8237-GCF963924715.1	41.900	17840
Tigriopuscalifornicus-6832-GCA007210705.1	41.600	3473
Tigriopuscalifornicus-6832-GCF007210705.1	41.200	5568
Topomyiayanbarensis-2498891-GCF030247195.1	40.900	8297
Toxorhynchitesrutilus-329112-GCF029784135.1	40.300	9008
Toxotesjaculatrix-941984-GCF017976425.1	42.000	15328
Trachemysscripta-31138-GCF013100865.1	42.200	16269
Triboliumcastaneum-7070-GCA000002335.3	42.100	4081
Triboliumcastaneum-7070-GCF000002335.3	41.200	6967
Triboliumcastaneum-7070-GCF031307605.1	41.200	7561
Trichobilharziaregenti-157069-GCA944472135.2	40.000	4771
Trichobilharziaszidati-157070-GCA944472155.2	40.100	5201
Trichoplusiani-7111-GCF003590095.1	41.900	6210
Trichosurusvulpecula-9337-GCF011100635.1	43.400	12935
Triplophysadalaica-1582913-GCF015846415.1	41.700	16407
Triplophysarosa-992332-GCA024868665.2	42.600	7551
Triplophysarosa-992332-GCF024868665.1	41.700	16637
Triplophysatibetana-1572043-GCA008369825.1	42.500	7509
Tubulanuspolymorphus-672921-GCF964204645.1	42.900	6879
Uloborusdiversus-327109-GCF026930045.1	43.600	5253
Umbrapygmaea-75934-GCA040894045.1	43.100	7728
Uranotaenialowii-190385-GCF029784155.1	40.950	7400
Ursusarctos-9644-GCF023065955.2	45.900	931
Vanessaatalanta-42275-GCF905147765.1	41.900	6210
Vanessacardui-171605-GCF905220365.1	42.200	6107
Vanessatameamea-334116-GCF037043105.1	41.700	6439
Venturiacanescens-32260-GCF019457755.1	41.800	8319
Vespacrabro-7445-GCF910589235.1	42.100	9909
Vespavelutina-202808-GCF912470025.1	41.600	10943
Vespulagermanica-30212-GCA014466195.1	43.400	3255
Vespulapensylvanica-30213-GCA014466175.1	42.900	3167
Vespulapensylvanica-30213-GCF014466175.1	42.100	9253
Vespulavulgaris-7454-GCA014466185.1	43.400	3006
Vespulavulgaris-7454-GCF905475345.1	42.300	10033
Vicugnapacos-30538-GCF048564905.1	42.200	20321
Viduachalybeata-81927-GCF026979565.1	42.600	15149
Viduamacroura-187451-GCF024509145.1	42.700	14477
Vulpeslagopus-494514-GCF018345385.1	42.000	20303
Vulpesvulpes-9627-GCF048418805.1	41.700	30071
Watersiporasubatra-2589382-GCF963576615.1	40.700	5913
Wyeomyiasmithii-174621-GCF029784165.1	40.500	8808
Xenopuslaevis-8355-GCA001663975.1	42.900	11194
Xenopuslaevis-8355-GCF001663975.1	42.700	21260
Xenopuslaevis-8355-GCF017654675.1	41.800	29324
Xenopustropicalis-8364-GCA000004195.4	42.200	22374
Xenopustropicalis-8364-GCF000004195.4	41.800	16938
Xiphiasgladius-8245-GCF016859285.1	41.900	17995
Xiphophoruscouchianus-32473-GCF001444195.1	41.400	18758
Xiphophorushellerii-8084-GCF003331165.1	41.300	17930
Xiphophorusmaculatus-8083-GCF002775205.1	41.300	17255
Xyrauchentexanus-154827-GCF025860055.1	42.500	26040
Xyrichtysnovacula-13765-GCA962446985.1	42.200	13616
Zalophuscalifornianus-9704-GCF009762305.2	42.100	23353
Zerenecesonia-33412-GCF012273895.1	41.900	5267
Zeugodacuscucurbitae-28588-GCF028554725.1	41.600	8447
Zoarcesviviparus-48416-GCA040110945.1	42.700	8190
Zonotrichialeucophrys-257770-GCF028769735.1	42.000	15579
Zootocavivipara-8524-GCF011800845.1	42.400	16757
Zootocavivipara-8524-GCF963506605.1	42.300	16643
