gene_id	symbol
10001	MED6
10007	GNPDA1
10011	SRA1
100130771	EFCAB10
10016	PDCD6
10021	HCN4
100287226	ZNF729
10036	CHAF1A
10048	RANBP9
10049	DNAJB6
100499483	CCDC180
10051	SMC4
10055	SAE1
10059	DNM1L
10061	ABCF2
10072	DPP3
10073	SNUPN
10081	PDCD7
10082	GPC6
10083	USH1C
10087	CERT1
10092	ARPC5
10094	ARPC3
10101	NUBP2
10109	ARPC2
10113	PREB
10126	DNAL4
10130	PDIA6
10131	TRAP1
10133	OPTN
10134	BCAP31
10144	FAM13A
10153	CEBPZ
10157	AASS
10159	ATP6AP2
10162	LPCAT3
10165	SLC25A13
10166	SLC25A15
10175	CNIH1
10181	RBM5
10184	LHFPL2
10188	TNK2
10189	ALYREF
10190	TXNDC9
10193	RNF41
10199	MPHOSPH10
10200	MPHOSPH6
10204	NUTF2
10210	TOPORS
10218	ANGPTL7
1022	CDK7
10228	STX6
10245	TIMM17B
10274	STAG1
10276	NET1
10277	UBE4B
10295	BCKDK
10299	MARCHF6
10318	TNIP1
10330	CNPY2
10342	TFG
1036	CDO1
10367	MICU1
10380	BPNT1
10389	SCML2
1039	CDR2
10395	DLC1
10396	ATP8A1
10412	NSA2
10413	YAP1
10424	PGRMC2
10426	TUBGCP3
10428	CFDP1
10430	TMEM147
10436	EMG1
10438	C1D
10444	ZER1
10449	ACAA2
10455	ECI2
10463	SLC30A9
10464	PIBF1
10469	TIMM44
10480	EIF3M
10484	SEC23A
10486	CAP2
10497	UNC13B
10498	CARM1
10513	APPBP2
10522	DEAF1
10524	KAT5
10525	HYOU1
10528	NOP56
10531	PITRM1
10533	ATG7
10539	GLRX3
10540	DCTN2
10541	ANP32B
10548	TM9SF1
10557	RPP38
10558	SPTLC1
10559	SLC35A1
10565	ARFGEF1
10569	SLU7
10574	CCT7
10575	CCT4
10577	NPC2
10580	SORBS1
10598	AHSA1
10605	PAIP1
10616	RBCK1
10617	STAMBP
10623	POLR3C
10629	TAF6L
10652	YKT6
10668	CGRRF1
10677	AVIL
10694	CCT8
10726	NUDC
10728	PTGES3
10730	YME1L1
10733	PLK4
10755	GIPC1
10758	TRAF3IP2
10762	NUP50
10777	ARPP21
10795	ZNF268
10802	SEC24A
10806	SDCCAG8
10807	ENTR1
10813	UTP14A
10827	FAM114A2
10845	CLPX
10847	SRCAP
10869	USP19
10884	MRPS30
10898	CPSF4
10905	MAN1A2
10914	PAPOLA
10923	SUB1
10948	STARD3
10951	CBX1
10952	SEC61B
10954	PDIA5
10959	TMED2
10960	LMAN2
10963	STIP1
10969	EBNA1BP2
10978	CLP1
10979	FERMT2
10980	COPS6
10981	RAB32
10985	GCN1
10987	COPS5
10988	METAP2
10989	IMMT
11022	TDRKH
11030	RBPMS
11047	ADRM1
11052	CPSF6
11059	WWP1
1106	CHD2
11068	CYB561D2
11079	RER1
11091	WDR5
11099	PTPN21
11103	KRR1
1111	CHEK1
11113	CIT
11116	CEP43
11129	CLASRP
11140	CDC37
11160	ERLIN2
11162	NUDT6
11169	WDHD1
11171	STRAP
11173	ADAMTS7
11180	WDR6
11186	RASSF1
11188	NISCH
1119	CHKA
1121	CHM
11221	DUSP10
11224	RPL35
11231	SEC63
11234	HPS5
11252	PACSIN2
11253	MAN1B1
11266	DUSP12
11267	SNF8
112752	IFT43
112770	GLMP
11285	B4GALT7
112942	CFAP36
1130	LYST
11311	VPS45
113251	LARP4
11334	TUSC2
11338	U2AF2
11340	EXOSC8
113444	SMIM12
114088	TRIM9
114327	EFHC1
114781	BTBD9
114790	STK11IP
114800	CCDC85A
114804	RNF157
114815	SORCS1
114823	LENG8
114876	OSBPL1A
114882	OSBPL8
114883	OSBPL9
114885	OSBPL11
114987	WDR31
115	ADCY9
115098	CCDC124
115106	HAUS1
115207	KCTD12
115265	DDIT4L
115286	SLC25A26
115294	PCMTD1
115399	LRRC56
1155	TBCB
115548	FCHO2
115825	WDFY2
115827	RAB3C
115948	ODAD3
116068	LYSMD3
116143	DNAAF10
116151	MIMS2
116224	PABIR1
116840	CNTROB
116931	MED12L
116984	ARAP2
116987	AGAP1
117143	TADA1
117246	FTSJ3
1173	AP2M1
1175	AP2S1
117584	RFFL
118424	UBE2J2
1186	CLCN7
118611	C10orf90
118987	PDZD8
1207	CLNS1A
121260	SLC15A4
121441	NEDD1
121512	FGD4
122402	TDRD9
122481	AK7
122830	NAA30
122961	ISCA2
123016	TTC8
124460	SNX20
124540	MSI2
124565	SLC38A10
124602	KIF19
124801	LSM12
125950	RAVER1
126133	ALDH16A1
126321	MFSD12
126402	TEKTL1
126526	C19orf47
126549	ANKLE1
1267	CNP
126820	DNAI3
126859	AXDND1
127003	CFAP276
127255	LRRIQ3
127262	TPRG1L
127700	OSCP1
128153	SPATA17
128387	TATDN3
128637	TBC1D20
128869	PIGU
129049	SGSM1
129831	RBM45
129880	BBS5
129881	CFAP210
130271	PLEKHH2
130507	UBR3
130589	GALM
130940	CCDC148
131076	MIX23
131405	TRIM71
131669	UROC1
131965	METTL6
132	ADK
132320	SCLT1
132660	LIN54
132851	SPATA4
1329	COX5B
133619	PRRC1
133690	CAPSL
133923	ZNF474
134510	UBLCP1
134957	STXBP5
136332	LRGUK
1374	CPT1A
137868	SGCZ
137964	GPAT4
1390	CREM
139221	PWWP3B
139341	FUNDC1
140733	MACROD2
140890	SREK1
142891	SAMD8
1431	CS
143241	DYDC1
143279	HECTD2
1434	CSE1L
143570	XRRA1
143684	FAM76B
143941	TTC36
144108	SPTY2D1
144110	TMEM86A
144193	AMDHD1
144404	TMEM120B
144455	E2F7
144717	PHETA1
145173	B3GLCT
145282	MIPOL1
1453	CSNK1D
145407	ARMH4
145508	CEP128
145567	TTC7B
146177	VWA3A
146705	TEPSIN
146713	RBFOX3
146754	DNAH2
146845	CFAP52
146849	CCDC42
147495	APCDD1
1478	CSTF2
1479	CSTF3
148362	BROX
148867	SLC30A7
149041	RC3H1
1491	CTH
149465	CFAP57
150737	IFT70B
150864	FAM117B
1515	CTSV
151531	UPP2
151651	EFHB
152098	ZCWPW2
152137	CCDC50
152185	SPICE1
152206	CCDC13
1523	CUX1
152503	SH3D19
152518	NFXL1
1528	CYB5A
153129	SLC38A9
153241	CEP120
1534	CYB561
1536	CYBB
1537	CYC1
154091	SLC2A12
154865	IQUB
157570	ESCO2
157657	CFAP418
157769	FAM91A1
157922	CAMSAP1
158067	AK8
158219	TTC39B
158747	MOSPD2
159195	USP54
159296	NKX2-3
159686	CFAP58
159989	DEUP1
16	AARS1
1601	DAB2
1603	DAD1
1607	DGKB
161	AP2A2
1615	DARS1
1617	DAZ1
161753	CIMAP1C
162282	ANKFN1
1629	DBT
1635	DCTD
163589	TDRD5
164	AP1G1
164118	TTC24
1642	DDB1
1650	DDOST
165055	CCDC138
165918	RNF168
166647	ADGRA3
167227	DCP2
167359	NIM1K
169200	TMEM64
170622	COMMD6
171023	ASXL1
171568	POLR3H
1737	DLAT
1738	DLD
1739	DLG1
1743	DLST
1745	DLX1
1756	DMD
1759	DNM1
1777	DNASE2
1783	DYNC1LI2
1798	DPAGT1
1801	DPH1
1820	ARID3A
1849	DUSP7
1859	DYRK1A
1871	E2F3
1889	ECE1
1890	TYMP
1894	ECT2
1911	PHC1
192111	PGAM5
1933	EEF1B2
1936	EEF1D
1937	EEF1G
1938	EEF2
1939	EIF2D
196441	ZFC3H1
196463	PLBD2
1965	EIF2S1
1974	EIF4A2
1977	EIF4E
1979	EIF4EBP2
1981	EIF4G1
1982	EIF4G2
1983	EIF5
1984	EIF5A
199221	DZIP1L
199953	TMEM201
2	A2M
200162	SPAG17
200185	KRTCAP2
200403	VWA3B
200424	TET3
200558	APLF
200728	TMEM17
200894	ARL13B
201164	PLD6
201266	SLC39A11
2017	CTTN
201965	RWDD4
202018	TAPT1
202500	DRC5
202559	KHDRBS2
2029	ENSA
203259	FAM219A
2033	EP300
2068	ERCC2
207063	DHRSX
2071	ERCC3
2079	ERH
2091	FBL
210	ALAD
2107	ETF1
2108	ETFA
211	ALAS1
2110	ETFDH
2115	ETV1
2131	EXT1
2138	EYA1
2182	ACSL4
2186	BPTF
2191	FAP
219409	GSX1
2195	FAT1
219670	ENKUR
219736	STOX1
219738	FAM241B
219771	CCNY
219931	TPCN2
22	ABCB7
2201	FBN2
220136	CFAP53
2203	FBP1
220388	CCDC89
221074	SLC39A12
221264	AK9
221302	ZUP1
221424	LRRC73
221443	OARD1
221656	KDM1B
221692	PHACTR1
221830	POLR1F
221895	JAZF1
221927	BRAT1
221937	FOXK1
222068	TMED4
222194	RSBN1L
222223	ELAPOR2
222255	ATXN7L1
222553	SLC35F1
2230	FDX1
2237	FEN1
225	ABCD2
2257	FGF12
2271	FH
22796	COG2
22803	XRN2
22826	DNAJC8
22828	SCAF8
22848	AAK1
22856	CHSY1
22858	CILK1
22872	SEC31A
22874	PLEKHA6
22876	INPP5F
22878	TRAPPC8
22884	WDR37
22887	FOXJ3
22889	KHDC4
22893	BAHD1
22906	TRAK1
22908	SACM1L
22909	FAN1
22911	WDR47
22920	KIFAP3
22926	ATF6
22937	SCAP
22938	SNW1
22948	CCT5
22950	SLC4A1AP
2296	FOXC1
22974	TPX2
22985	ACIN1
22990	PCNX1
22998	LIMCH1
23	ABCF1
230	ALDOC
23001	WDFY3
23002	DAAM1
23005	MAPKBP1
23013	SPEN
23019	CNOT1
2302	FOXJ1
23020	SNRNP200
23024	PDZRN3
23025	UNC13A
23028	KDM1A
23033	DOP1A
23034	SAMD4A
23042	PDXDC1
23049	SMG1
23063	WAPL
23067	SETD1B
23071	ERP44
23072	HECW1
23074	BLTP3B
23075	SWAP70
23085	ERC1
2309	FOXO3
23091	ZC3H13
23092	ARHGAP26
23102	TBC1D2B
23132	RAD54L2
23133	PHF8
23137	SMC5
23139	MAST2
23144	ZC3H3
23151	GRAMD4
23152	CIC
23158	TBC1D9
23161	SNX13
23168	RTF1
23169	SLC35D1
2317	FLNB
23172	ABRAXAS2
23173	METAP1
23177	CEP68
23179	RGL1
2318	FLNC
2319	FLOT2
23190	UBXN4
23192	ATG4B
23193	GANAB
23198	PSME4
23199	GSE1
23200	ATP11B
23207	PLEKHM2
23214	XPO6
23216	TBC1D1
23223	RRP12
23233	EXOC6B
23234	DNAJC9
23235	SIK2
23241	PACS2
23243	ANKRD28
23247	KATNIP
23248	RPRD2
23263	MCF2L
23265	EXOC7
23268	DNMBP
23272	TASOR
23274	CLEC16A
23275	POFUT2
23277	CLUH
23279	NUP160
23294	ANKS1A
23304	UBR2
23306	NEMP1
23307	FKBP15
23312	DMXL2
23318	TUT4
23322	RPGRIP1L
23325	WASHC4
23327	NEDD4L
23329	TBC1D30
23332	CLASP1
23350	U2SURP
23352	UBR4
23353	SUN1
23367	LARP1
23369	PUM2
23370	ARHGEF18
23378	RRP8
23381	SMG5
23382	AHCYL2
23383	MAU2
23387	SIK3
23389	MED13L
2339	FNTA
23390	ZDHHC17
23397	NCAPH
23398	PPWD1
23405	DICER1
23409	SIRT4
23411	SIRT1
23412	COMMD3
23440	OTP
23450	SF3B3
23451	SF3B1
23463	ICMT
23464	GCAT
23469	PHF3
23479	ISCU
23481	PES1
23498	HAAO
23499	MACF1
23504	RIMBP2
23505	TMEM131
23506	BICRAL
23515	MORC3
23517	MTREX
23522	KAT6B
23526	ARHGAP45
23531	MMD
23536	ADAT1
23558	WBP2
2356	FPGS
23560	GTPBP4
23587	ELP5
23590	PDSS1
23592	LEMD3
23595	ORC3
23600	AMACR
23603	CORO1C
23608	MKRN1
23621	BACE1
23633	KPNA6
23647	ARFIP2
23648	SSBP3
23649	POLA2
245711	SPDYA
246175	CNOT6L
246176	GAS2L2
246243	RNASEH1
2492	FSHR
25	ABL1
252983	STXBP4
2534	FYN
253769	WDR27
2539	G6PD
253959	RALGAPA1
254048	UBN2
2542	SLC37A4
254428	SLC41A1
254956	MORN5
2551	GABPA
255101	CFAP65
255252	LRRC57
255928	SYT14
255967	PAN3
256281	NUDT14
256297	PTF1A
257019	FRMD3
257177	CFAP126
257236	CFAP184
25778	DSTYK
25780	RASGRP3
25782	RAB3GAP2
25791	NGEF
25797	QPCT
2580	GAK
25816	TNFAIP8
2582	GALE
25820	ARIH1
25829	TMEM184B
25831	HECTD1
25839	COG4
25842	ASF1A
25843	MOB4
25852	ARMC8
25861	WHRN
25897	RNF19A
2590	GALNT2
25901	CCDC28A
25904	CNOT10
25926	NOL11
259266	ASPM
25927	CNRIP1
25930	PTPN23
25941	TPGS2
25949	SYF2
25970	SH2B1
25977	NECAP1
25998	IBTK
26015	RPAP1
26019	UPF2
26046	LTN1
26047	CNTNAP2
26051	PPP1R16B
26057	ANKRD17
26058	GIGYF2
26065	LSM14A
26074	CFAP61
26088	GGA1
26091	HERC4
26130	GAPVD1
26133	TRPC4AP
26140	TTLL3
26149	ZNF658
26150	RIBC2
26155	NOC2L
26160	IFT172
2617	GARS1
262	AMD1
26207	PITPNC1
2622	DRC4
26227	PHGDH
26234	FBXL5
26269	FBXO8
26272	FBXO4
26289	AK5
26292	MYCBP
2632	GBE1
2639	GCDH
2647	BLOC1S1
26509	MYOF
26511	CHIC2
26512	INTS6
26517	TIMM13
26519	TIMM10
266722	HS6ST3
267	AMFR
26747	NUFIP1
26750	RPS6KC1
26873	OPLAH
26959	HBP1
26973	CHORDC1
26994	RNF11
26999	CYFIP2
27000	DNAJC2
27019	DNAI1
27032	ATP2C1
27037	TRMT2A
27042	UTP25
27044	SND1
27067	STAU2
27086	FOXP1
27095	TRAPPC3
27102	EIF2AK1
27109	DMAC2L
27124	INPP5J
27241	BBS9
27244	SESN1
27246	RNF115
27250	PDCD4
27285	TEKT2
2729	GCLC
27292	DIMT1
27303	RBMS3
27304	MOCS3
2731	GLDC
27315	PGAP2
27333	GOLIM4
27335	EIF3K
27336	HTATSF1
27338	UBE2S
27339	PRPF19
2734	GLG1
27349	MCAT
27352	SGSM3
2737	GLI3
274	BIN1
27430	MAT2B
27443	CECR2
2746	GLUD1
275	AMT
2776	GNAQ
2801	GOLGA2
2803	GOLGA4
2806	GOT2
2819	GPD1
2820	GPD2
2821	GPI
282679	AQP11
283385	MORN3
283455	KSR2
284058	KANSL1
284071	MEIOC
284098	PIGW
284106	CISD3
284339	TMEM145
284352	PPP1R37
285141	ERICH2
285489	DOK7
285527	FRYL
285755	PPIL6
286	ANK1
286097	MICU3
286187	PPP1R42
286464	CFAP47
2869	GRK5
287	ANK2
2872	MKNK2
2873	GPS1
2885	GRB2
28952	CCDC22
2896	GRN
28969	BZW2
28972	SPCS1
28981	IFT81
28985	MCTS1
28987	NOB1
28996	HIPK2
29035	HAPSTR1
29062	WDR91
2907	GRINA
29070	CFAP263
29072	SETD2
29079	MED4
29085	PHPT1
29086	BABAM1
29090	TIMM21
29093	MRPL22
29098	RANGRF
29100	TMEM208
29102	DROSHA
29105	CFAP20
29116	MYLIP
29117	BRD7
29127	RACGAP1
2935	GSPT1
2956	MSH6
2959	GTF2B
2962	GTF2F1
2965	GTF2H1
2966	GTF2H2
2972	BRF1
29800	ZDHHC1
29801	ZDHHC8
29880	ALG5
29882	ANAPC2
29883	CNOT7
29886	SNX8
29894	CPSF1
2990	GUSB
29904	EEF2K
2992	GYG1
29922	NME7
29934	SNX12
29966	STRN3
29968	PSAT1
29974	A1CF
29994	BAZ2B
30011	SH3KBP1
3030	HADHA
3034	HAL
3035	HARS1
3052	HCCS
3069	HDLBP
30827	CXXC1
3087	HHEX
309	ANXA6
3092	HIP1
3156	HMGCR
3172	HNF4A
317649	EIF4E3
317671	RFESD
321	APBA2
323	APBB2
324	APC
3242	HPD
3251	HPRT1
3267	AGFG1
3270	HRC
3281	HSBP1
3297	HSF1
3329	HSPD1
3336	HSPE1
3376	IARS1
3382	ICA1
338692	ANKRD13D
339122	RAB43
339829	CCDC39
340719	NANOS1
341019	DCDC1
341640	FREM2
342892	ZNF850
343035	RD3
343099	CCDC18
345895	RSPH4A
347734	SLC35B2
351	APP
3516	RBPJ
353116	RILPL1
3550	IK
3611	ILK
3614	IMPDH1
3632	INPP5A
3633	INPP5B
3636	INPPL1
3646	EIF3E
3667	IRS1
3680	ITGA9
3685	ITGAV
37	ACADVL
3703	STT3A
3708	ITPR1
372	ARCN1
3735	KARS1
3737	KCNA2
374868	ATP9B
375056	MIA3
3752	KCND3
375307	CATIP
375346	STIMATE
3801	KIFC3
3831	KLC1
3839	KPNA3
3842	TNPO1
3843	IPO5
387521	PEDS1
387694	SH2D4B
389124	IQCF5
389541	LAMTOR4
389799	CFAP77
389840	MAP3K15
3899	AFF3
3912	LAMB1
3921	RPSA
394	ARHGAP5
395	ARHGAP6
396	ARHGDIA
3978	LIG1
3980	LIG3
3983	ABLIM1
3988	LIPA
3991	LIPE
399665	EEIG1
399687	MYO18A
4007	PRICKLE3
400954	EML6
400961	PAIP2B
401387	LRRD1
4026	LPP
403	ARL3
4035	LRP1
4036	LRP2
404093	CUEDC1
405	ARNT
4074	M6PR
4076	CAPRIN1
4084	MXD1
4089	SMAD4
4141	MARS1
4171	MCM2
4172	MCM3
4173	MCM4
4174	MCM5
4175	MCM6
4189	DNAJB9
4190	MDH1
4211	MEIS1
4214	MAP3K1
4215	MAP3K3
4236	MFAP1
4249	MGAT5
427	ASAH1
4285	MIPEP
4286	MITF
4288	MKI67
4291	MLF1
4301	AFDN
4329	ALDH6A1
4337	MOCS1
4351	MPI
440	ASNS
440275	EIF2AK4
440585	CFAP144
4430	MYO1B
4436	MSH2
4522	MTHFD1
4528	MTIF2
4548	MTR
4580	MTX1
4591	TRIM37
4628	MYH10
4646	MYO6
4647	MYO7A
4659	PPP1R12A
4673	NAP1L1
4678	NASP
468	ATF4
4682	NUBP1
4686	NCBP1
47	ACLY
4701	NDUFA7
4704	NDUFA9
4706	NDUFAB1
4720	NDUFS2
4722	NDUFS3
4723	NDUFV1
4724	NDUFS4
4733	DRG1
4736	RPL10A
4739	NEDD9
4774	NFIA
4779	NFE2L1
4790	NFKB1
4796	TONSL
4799	NFX1
4801	NFYB
4809	SNU13
481	ATP1B1
4839	NOP2
4849	CNOT3
4851	NOTCH1
4857	NOVA1
4860	PNP
4899	NRF1
4907	NT5E
491	ATP2B2
4921	DDR2
4925	NUCB2
4928	NUP98
493856	CISD2
494188	FBXO47
4957	ODF2
4967	OGDH
498	ATP5F1A
49856	WRAP73
4998	ORC1
50	ACO2
5007	OSBP
5015	OTX2
5018	OXA1L
5019	OXCT1
5025	P2RX4
5034	P4HB
5048	PAFAH1B1
50485	SMARCAL1
506	ATP5F1B
50649	ARHGEF4
5071	PRKN
50717	DCAF8
5087	PBX1
509	ATP5F1C
5091	PC
51000	SLC35B3
51004	COQ6
51006	SLC35H1
51009	DERL2
51020	HDDC2
5106	PCK2
51061	TXNDC11
51071	DERA
51072	MEMO1
51077	FCF1
51079	NDUFA13
5108	PCM1
51081	MRPS7
51091	SEPSECS
51098	IFT52
5110	PCMT1
51104	ABHD17B
51108	METTL9
51112	TRAPPC12
51115	RMDN1
51119	SBDS
51121	RPL26L1
51126	NAA20
51147	ING4
51150	SDF4
51160	VPS28
51164	DCTN4
51168	MYO15A
51181	DCXR
51185	CRBN
51187	RSL24D1
51194	IPO11
51201	ZDHHC2
51237	MZB1
51260	PBDC1
5130	PCYT1A
51304	ZDHHC3
51312	SLC25A37
51324	SPG21
51340	CRNKL1
51343	FZR1
51360	MBTPS2
51371	POMP
51377	UCHL5
51379	CRLF3
5138	PDE2A
51382	ATP6V1D
51386	EIF3L
51389	RWDD1
5139	PDE3A
51397	COMMD10
51398	WDR83OS
51400	PPME1
51422	PRKAG2
51430	SUCO
51441	YTHDF2
51454	GULP1
51473	DCDC2
51479	ANKFY1
51493	RTCB
51495	HACD3
51503	CWC15
51510	CHMP5
51512	GTSE1
51514	DTL
5152	PDE9A
51522	TMEM14C
51534	VTA1
51548	SIRT6
51571	CYRIB
51575	ESF1
51585	PCF11
5160	PDHA1
51602	NOP58
51608	GET4
5162	PDHB
51631	LUC7L2
51637	RTRAF
5164	PDK2
51643	TMBIM4
51647	CIAO2B
51651	PTRH2
51652	CHMP3
51659	GINS2
51663	ZFR
51691	LSM8
51692	CPSF3
51699	VPS29
5170	PDPK1
51701	NLK
51715	RAB23
51719	CAB39
51726	DNAJB11
51729	WBP11
5174	PDZK1
51741	WWOX
51742	ARID4B
51747	LUC7L3
51773	RSF1
51776	MAP3K20
51780	KDM3B
518	ATP5MC3
51804	SIX4
51805	COQ3
5210	PFKFB4
5214	PFKP
5229	PGGT1B
523	ATP6V1A
5230	PGK1
5236	PGM1
5243	ABCB1
5250	SLC25A3
5260	PHKG1
527	ATP6V0C
5279	PIGC
5289	PIK3C3
5308	PITX2
5310	PKD1
5311	PKD2
53343	NUDT9
53349	ZFYVE1
5335	PLCG1
53358	SHC3
53371	NUP54
535	ATP6V0A1
5356	PLRG1
539	ATP5PO
53904	MYO3A
53918	PELO
5393	EXOSC9
53938	PPIL3
540	ATP7B
5411	PNN
5414	SEPTIN4
5425	POLD2
5428	POLG
5429	POLH
5430	POLR2A
5431	POLR2B
5438	POLR2I
54431	DNAJC10
54432	YIPF1
54438	GFOD1
54443	ANLN
54454	ATAD2B
54455	FBXO42
54468	MIOS
54475	NLE1
54497	HEATR5B
54521	WDR44
54585	LZTFL1
5459	POU4F3
546	ATRX
54623	PAF1
5464	PPA1
54662	TBC1D13
54676	GTPBP2
5469	MED1
5471	PPAT
54777	CFAP46
5478	PPIA
54788	DNAJB12
54799	MBTD1
54801	HAUS6
54819	ZCCHC10
54823	SWT1
54845	ESRP1
54861	SNRK
54862	CC2D1A
54867	TMEM214
54881	TEX10
54890	ALKBH5
54891	INO80D
54899	PXK
54903	MKS1
54926	UBE2R2
54927	CHCHD3
54930	HAUS4
54932	EXD3
54947	LPCAT2
54956	PARP16
5496	PPM1G
54969	HPF1
54977	SLC25A38
5499	PPP1CA
550	AUP1
55004	LAMTOR1
55014	STX17
55015	PRPF39
55027	HEATR3
55031	USP47
55051	NRDE2
55054	ATG16L1
55066	PDPR
55072	RNF31
55082	ARGLU1
55083	KIF26B
55088	CCDC186
5510	PPP1R7
55102	ATG2B
55103	RALGPS2
5511	PPP1R8
55112	DYNC2I1
55122	AKIRIN2
55130	ODAD2
55139	ANKZF1
55152	DALRD3
55163	PNPO
55167	MSL2
55171	TBCCD1
55179	FAIM
5518	PPP2R1A
55183	RIF1
5520	PPP2R2A
55206	SBNO1
55215	FANCI
55219	MACO1
55229	PANK4
55231	CCDC87
55236	UBA6
55245	UQCC1
55253	TYW1
55254	TMEM39A
55259	DNAI7
55269	PSPC1
5527	PPP2R5C
55274	PHF10
55276	PGM2
55288	RHOT1
552900	BOLA2
55291	PPP6R3
55294	FBXW7
55298	RNF121
55299	BRIX1
55308	DDX19A
553115	PEF1
55316	RSAD1
55322	C5orf22
55324	ABCF3
55326	AGPAT5
55328	RNLS
55329	MNS1
55330	BLOC1S4
55339	WDR33
5534	PPP3R1
55346	TCP11L1
55351	STK32B
55361	PI4K2A
554235	ASPDH
5546	PRCC
55510	DDX43
55526	DHTKD1
55544	RBM38
5557	PRIM1
55572	FOXRED1
55573	CDV3
55578	SUPT20H
5558	PRIM2
55588	MED29
55593	OTUD5
55603	TENT5A
55611	OTUB1
55622	TTC27
55633	TBC1D22B
55636	CHD7
55656	INTS8
55666	NPLOC4
55671	PPP4R3A
55677	IWS1
55680	RUFY2
55681	SCYL2
55691	FRMD4A
55696	RBM22
55698	RADIL
55705	IPO9
55717	WDR11
55718	POLR3E
55726	INTS13
55727	BTBD7
55737	VPS35
55740	ENAH
55742	PARVA
55745	AP5M1
55746	NUP133
55748	CNDP2
55754	CDC50A
55758	RCOR3
55761	TTC17
55763	EXOC1
55764	IFT122
55773	TBC1D23
55777	MBD5
55779	CFAP44
55785	FGD6
55788	LMBRD1
55809	TRERF1
5581	PRKCE
55815	TSNAXIP1
55858	TMEM165
5586	PKN2
5587	PRKD1
55871	ZNG1A
5589	PRKCSH
55904	KMT2E
55969	RAB5IF
55972	SLC25A40
5598	MAPK7
5604	MAP2K1
56061	UBFD1
5611	DNAJC3
56159	TEX11
56163	RNF17
56164	STK31
56171	DNAH7
56180	MOSPD1
56252	YLPM1
56257	MEPCE
5631	PRPS1
56339	METTL3
5649	RELN
56605	ERO1B
56647	BCCIP
56654	NPDC1
56681	SAR1A
56683	CFAP298
5681	PSKH1
5683	PSMA2
56848	SPHK2
56850	GRIPAP1
56852	RAD18
5687	PSMA6
5688	PSMA7
56886	UGGT1
56888	KCMF1
56895	AGPAT4
56897	WRNIP1
56916	SMARCAD1
56928	SPPL2B
56934	CA10
5694	PSMB6
56940	DUSP22
56943	ENY2
56945	MRPS22
5695	PSMB7
56963	RGMA
56970	ATXN7L3
56993	TOMM22
56999	ADAMTS9
57002	YAE1
57016	AKR1B10
57018	CCNL1
57019	CIAPIN1
57020	VPS35L
5707	PSMD1
5709	PSMD3
57092	PCNP
57095	PITHD1
5710	PSMD4
5711	PSMD5
57120	GOPC
57130	ATP13A1
5714	PSMD8
57143	ADCK1
57144	PAK5
57148	RALGAPB
57153	SLC44A2
57171	DOLPP1
57178	ZMIZ1
5718	PSMD12
57189	DENND11
5719	PSMD13
57190	SELENON
57198	ATP8B2
57216	VANGL2
5725	PTBP1
5727	PTCH1
5728	PTEN
57332	CBX8
57410	SCYL1
57449	PLEKHG5
57455	REXO1
57476	GRAMD1B
57484	RNF150
57492	ARID1B
57498	KIDINS220
57508	INTS2
57510	XPO5
57522	SRGAP1
57534	MIB1
57539	WDR35
57553	MICAL3
57560	IFT80
57562	CEP126
57568	SIPA1L2
57569	ARHGAP20
57579	FAM135A
57584	ARHGAP21
57585	CRAMP1
57589	RIC1
57591	MRTFA
57599	WDR48
57600	FNIP2
57602	USP36
57614	RELCH
57619	SHROOM3
57630	SH3RF1
57639	CCDC146
57665	RDH14
57666	FBRSL1
57669	EPB41L5
57678	GPAM
5768	QSOX1
57697	FANCM
57698	SHTN1
57700	FHIP2A
57704	GBA2
57706	DENND1A
57713	SFMBT2
57727	NCOA5
57794	SUGP1
57798	GATAD1
578	BAK1
5780	PTPN9
5781	PTPN11
57821	CCDC181
5786	PTPRA
5789	PTPRD
5799	PTPRN2
580	BARD1
5810	RAD1
5813	PURA
582	BBS1
5822	PWP2
5825	ABCD3
5829	PXN
5830	PEX5
5837	PYGM
58490	RPRD1B
585	BBS4
58509	CACTIN
58517	RBM25
58533	SNX6
5859	QARS1
586	BCAT1
5860	QDPR
5877	RABIF
5885	RAD21
5887	RAD23B
5888	RAD51
5891	MOK
5909	RAP1GAP
5917	RARS1
5923	RASGRF1
5927	KDM5A
5928	RBBP4
5929	RBBP5
5933	RBL1
59338	PLEKHA1
5962	RDX
5976	UPF1
5981	RFC1
5985	RFC5
5991	RFX3
6002	RGS12
6046	BRD2
6047	RNF4
60494	CCDC81
60558	GUF1
6059	ABCE1
60682	SMAP1
6118	RPA2
6122	RPL3
6125	RPL5
6128	RPL6
613	BCR
6133	RPL9
6139	RPL17
6142	RPL18A
6144	RPL21
6147	RPL23A
6150	MRPL23
6157	RPL27A
6164	RPL34
6182	MRPL12
6184	RPN1
6185	RPN2
6188	RPS3
6189	RPS3A
6193	RPS5
6194	RPS6
6201	RPS7
6202	RPS8
6203	RPS9
6204	RPS10
6206	RPS12
6209	RPS15
6227	RPS21
6230	RPS25
6231	RPS26
6238	RRBP1
6240	RRM1
6249	CLIP1
6272	SORT1
6301	SARS1
6302	TSPAN31
6311	ATXN2
6341	SCO1
6345	SRL
636	BICD1
6386	SDCBP
63874	ABHD4
63876	PKNOX2
6389	SDHA
63894	VIPAS39
63897	HEATR6
63922	CHTF18
63967	CLSPN
6397	SEC14L1
63971	KIF13A
6400	SEL1L
64080	RBKS
64118	DUS1L
64145	RBSN
64170	CARD9
64215	DNAJC1
64225	ATL2
64282	TENT4B
64285	RHBDF1
64320	RNF25
64326	COP1
6433	SFSWAP
64374	SIL1
64397	ZNF106
64398	PALS1
64400	AKTIP
644186	SYCE3
64422	ATG3
64426	SUDS3
64518	TEKT3
6453	ITSN1
6455	SH3GL1
6461	SHB
64645	SLC71A1
64682	ANAPC1
6472	SHMT2
64743	WDR13
64746	ACBD3
64750	SMURF2
6477	SIAH1
64771	ILRUN
64772	ENGASE
64781	CERK
64783	RBM15
64785	GINS3
64786	TBC1D15
64792	IFT22
64793	CEP85
64799	IQCH
648	BMI1
64853	AIDA
64864	RFX7
64949	MRPS26
6496	SIX3
64963	MRPS11
64968	MRPS6
6497	SKI
64975	MRPL41
64978	MRPL38
6499	SKIC2
65003	MRPL11
65059	RAPH1
65065	NBEAL1
65095	KRI1
65110	UPF3A
65220	NADK
65265	C8orf33
65267	WNK3
653	BMP5
6546	SLC8A1
659	BMPR2
6595	SMARCA2
6598	SMARCB1
65985	AACS
6601	SMARCC2
6602	SMARCD1
6605	SMARCE1
6606	SMN1
6610	SMPD2
6616	SNAP25
6619	SNAPC3
6625	SNRNP70
6627	SNRPA1
6635	SNRPE
6641	SNTB1
6643	SNX2
6647	SOD1
6650	CAPN15
6659	SOX4
6709	SPTAN1
672	BRCA1
6722	SRF
6723	SRM
6727	SRP14
673	BRAF
6731	SRP72
6733	SRPK2
6741	SSB
6746	SSR2
6747	SSR3
677	ZFP36L1
6786	STIM1
6792	CDKL5
6804	STX1A
6809	STX3
6811	STX5
6829	SUPT5H
6836	SURF4
6840	SVIL
6845	VAMP7
6854	SYN2
6855	SYP
6857	SYT1
6862	TBXT
6872	TAF1
6874	TAF4
6885	MAP3K7
6897	TARS1
6898	TAT
6902	TBCA
6908	TBP
6917	TCEA1
6924	ELOA
6942	TCF20
6993	DYNLT1
7003	TEAD1
7009	TMBIM6
7024	TFCP2
7026	NR2F2
7038	TG
7046	TGFBR1
7072	TIA1
7074	TIAM1
7082	TJP1
7083	TK1
7091	TLE4
7102	TSPAN7
7107	GPR137B
7109	TRAPPC10
7110	TMF1
7111	TMOD1
7150	TOP1
7165	TPD52L2
7174	TPP2
7203	CCT3
7226	TRPM2
7248	TSC1
7251	TSG101
7257	TSNAX
726	CAPN5
7265	TTC1
7273	TTN
727957	MROH1
728661	SLC35E2B
7290	HIRA
730112	CIMIP2B
7307	U2AF1
7314	UBB
7316	UBC
7327	UBE2G2
7332	UBE2L3
7336	UBE2V2
734	OSGIN2
7357	UGCG
738	VPS51
7385	UQCRC2
7399	USH2A
7403	KDM6A
7405	UVRAG
7407	VARS1
7410	VAV2
7411	VBP1
7417	VDAC2
7443	VRK1
7453	WARS1
7465	WEE1
747	DAGLA
7474	WNT5A
7482	WNT2B
7508	XPC
7514	XPO1
7542	ZFPL1
7644	ZNF91
775	CACNA1C
7756	ZNF207
7757	ZNF208
7802	DNALI1
7818	DAP3
7855	FZD5
7862	BRPF1
7866	IFRD2
7871	SLMAP
7873	MANF
79018	GID4
79038	ZFYVE21
79058	ASPSCR1
79065	ATG9A
79066	METTL16
79074	C2orf49
79089	TMUB2
79102	RNF26
7913	DEK
79152	FA2H
79157	MFSD11
79174	CRELD2
79180	EFHD2
79188	TMEM43
7919	DDX39B
79190	IRX6
7920	ABHD16A
7936	NELFE
79441	HAUS3
79446	WDR25
79447	PAGR1
79575	ABHD8
79582	SPAG16
79585	CORO7
79591	ARMH3
79594	MUL1
79595	SAP130
79596	OBI1
79621	RNASEH2B
79631	EFL1
79633	FAT4
79641	ROGDI
79643	CHMP6
7965	AIMP2
79659	DYNC2H1
79676	OGFOD2
79683	ZDHHC14
79685	SAP30L
79691	QTRT2
79693	YRDC
79707	NOL9
79709	COLGALT1
79716	NPEPL1
79718	TBL1XR1
79723	SUV39H2
79726	WDR59
79745	CLIP4
79747	ADGB
79751	SLC25A22
79772	MCTP1
79774	GRTP1
79781	DRC11
79798	ARMC5
79809	TTC21B
79813	EHMT1
79819	DNAI4
7982	ST7
79829	NAA40
79840	NHEJ1
79871	RPAP2
79872	CBLL1
79879	CCDC134
79882	ZC3H14
79885	HDAC11
79892	MCMBP
79893	GGNBP2
79903	NAA60
7991	TUSC3
79922	MRM1
79932	KIAA0319L
7994	KAT6A
79944	L2HGDH
79955	PDZD7
79959	CEP76
79960	JADE1
79971	WLS
80018	NAA25
80020	FOXRED2
80021	TMEM62
80114	BICC1
80119	PIF1
80135	RPF1
80146	UXS1
80148	SLC66A2
80155	NAA15
80173	IFT74
80174	DBF4B
80176	SPSB1
80184	CEP290
80194	TMEM134
80198	MUS81
80204	FBXO11
80206	FHOD3
80217	CFAP43
80218	NAA50
80219	COQ10B
80227	PAAF1
80228	ORAI2
80232	WDR26
80255	SLC35F5
80258	EFHC2
8028	MLLT10
8030	CCDC6
80314	EPC1
80318	GKAP1
80335	WDR82
80725	SRCIN1
8073	PTP4A2
80772	CPTP
80774	LIMD2
8078	USP5
80789	INTS5
80790	CMIP
80821	DDHD1
80824	DUSP16
8085	KMT2D
80856	LNPK
8087	FXR1
8100	IFT88
8106	PABPN1
811	CALR
813	CALU
81502	HM13
81533	ITFG1
81537	SGPP1
81556	INTS14
81570	CLPB
81576	YJU2B
81609	SNX27
81671	VMP1
8178	ELL
81846	SBF2
81889	FAHD1
8189	SYMPK
81890	QTRT1
81930	KIF18A
8208	CHAF1B
821	CANX
8214	DGCR6
8220	ESS2
8239	USP9X
8243	SMC1A
825	CAPN3
829	CAPZA1
8295	TRRAP
8310	ACOX3
8314	BAP1
8315	BRAP
8318	CDC45
832	CAPZB
8322	FZD4
83440	ADPGK
83449	PMFBP1
83452	RAB33B
83478	ARHGAP24
83544	DNAL1
83594	NUDT12
83659	TEKT1
83660	TLN2
83734	ATG10
8379	MAD1L1
8382	NME5
83860	TAF3
83861	RSPH3
83892	KCTD10
83894	TTC29
83931	STK40
83938	LRMDA
83939	EIF2A
8396	PIP4K2B
8398	PLA2G6
83985	SPNS1
8405	SPOP
84059	ADGRV1
84060	RBM48
84067	FHIP1B
84077	C3orf20
84080	ENKD1
8411	EEA1
84128	WDR75
84140	FAM161A
84144	SYDE2
84154	RPF2
84162	BLTP1
8417	STX7
84172	POLR1B
84187	TMEM164
84188	FAR1
84206	MEX3B
84217	ZMYND12
84232	MAF1
84271	POLDIP3
84272	YIPF4
84274	COQ5
84280	BTBD10
84301	DDI2
84304	NUDT22
84324	SARNP
84334	COA8
8434	RECK
84364	ARFGAP2
84365	NIFK
84376	HOOK3
8440	NCK2
84447	SYVN1
8445	DYRK2
8447	DOC2B
8450	CUL4B
84516	DCTN5
8452	CUL3
8453	CUL2
8454	CUL1
84561	SLC12A8
84572	GNPTG
84612	PARD6B
84619	ZGPAT
8464	SUPT3H
84640	USP38
84660	CCDC62
84661	DPY30
84669	USP32
8467	SMARCA5
84678	KDM2B
84699	CREB3L3
84701	COX4I2
84706	GPT2
84720	PIGO
8476	CDC42BPA
84769	MPV17L2
84773	TMEM276
84817	TXNDC17
84823	LMNB2
84844	PHF5A
84885	ZDHHC12
84899	TMTC4
84900	RNFT2
84901	NFATC2IP
84902	CEP89
84912	SLC35B4
84916	UTP4
84928	TMEM209
84930	MASTL
84936	ZFYVE19
84938	ATG4C
84944	MAEL
84945	ABHD13
84955	NUDCD1
84961	FBXL20
84964	ALKBH6
8498	RANBP3
84986	ARHGAP19
84993	UBL7
8500	PPFIA1
85021	REPS1
8508	NIPSNAP1
8520	HAT1
8526	DGKE
8527	DGKD
85302	FBF1
85365	ALG2
85409	NKD2
85440	DOCK7
85444	LRRCC1
85459	CEP295
85465	SELENOI
85476	GFM1
85478	DRC2
8556	CDC14A
8560	DEGS1
8563	THOC5
8564	KMO
8565	YARS1
8567	MADD
8573	CASK
860	RUNX2
8615	USO1
8618	CADPS
8621	CDK13
8622	PDE8B
863	CBFA2T3
8632	DNAH17
8634	RTCA
865	CBFB
8658	TNKS
8663	EIF3C
8666	EIF3G
8667	EIF3H
8668	EIF3I
8669	EIF3J
8675	STX16
87	ACTN1
8720	MBTPS1
8721	EDF1
8723	SNX4
8725	URI1
8726	EED
8729	GBF1
8731	RNMT
8732	RNGTT
875	CBS
8760	CDS2
8775	NAPA
8777	MPDZ
8801	SUCLG2
8802	SUCLG1
8803	SUCLA2
8805	TRIM24
8812	CCNK
8813	DPM1
8826	IQGAP1
8834	TMEM11
8842	PROM1
8857	FCGBP
8867	SYNJ1
8874	ARHGEF7
8879	SGPL1
8880	FUBP1
8882	ZPR1
8890	EIF2B4
8897	MTMR3
8899	PRP4K
8914	TIMELESS
8924	HERC2
8925	HERC1
8932	MBD2
8934	RAB29
894	CCND2
8945	BTRC
8974	P4HA2
8976	WASL
89781	HPS4
89797	NAV2
8997	KALRN
90	ACVR1
90134	KCNH7
9016	SLC25A14
90231	KIAA2013
9025	RNF8
904	CCNT1
9040	UBE2M
90411	MCFD2
9043	SPAG9
9044	BTAF1
90441	ZNF622
90529	STPG1
9054	NFS1
90550	MCU
9066	SYT7
90678	LRSAM1
9079	LDB2
908	CCT6A
90826	PRMT9
90850	ZNF598
9086	EIF1AY
9093	DNAJA3
9097	USP14
9099	USP2
90993	CREB3L1
9100	USP10
9107	MTMR6
9112	MTA1
9117	SEC22C
9126	SMC3
91272	BOD1
91304	TMEM259
91408	BTF3L4
9141	PDCD5
91445	RNF185
9145	SYNGR1
91452	ACBD5
9147	NEMF
91526	ANKRD44
91544	UBXN11
9158	FIBP
91584	PLXNA4
91664	ZNF845
91746	YTHDC1
9175	MAP3K13
91833	WDR20
91875	TTC5
91942	NDUFAF2
9197	SLC33A1
9201	DCLK1
92017	SNX29
9209	LRRFIP2
92105	INTS4
9213	XPR1
9215	LARGE1
9218	VAPA
9223	MAGI1
9229	DLGAP1
92335	STRADA
92345	NAF1
9253	NUMBL
9267	CYTH1
92675	DTD1
9271	PIWIL1
92922	CCDC102A
9296	ATP6V1F
93100	NAPRT
9318	COPS2
9319	TRIP13
93190	CFAP107
9320	TRIP12
9321	TRIP11
93210	PGAP3
9348	NDST3
93624	TADA2B
9367	RAB9A
9372	ZFYVE9
9375	TM9SF2
9397	NMT2
93974	ATP5IF1
9400	RECQL5
9401	RECQL4
9403	SELENOF
9406	ZRANB2
94104	PAXBP1
94122	SYTL5
9429	ABCG2
9441	MED26
9444	QKI
9448	MAP4K4
9455	HOMER2
9463	PICK1
9470	EIF4E2
9479	MAPK8IP1
9512	PMPCB
9521	EEF1E1
9522	SCAMP1
9526	MPDU1
9528	TMEM59
9552	SPAG7
9554	SEC22B
9562	MINPP1
95681	CEP41
9576	SPAG6
9577	BABAM2
9601	PDIA4
9604	RNF14
9605	VPS9D1
9632	SEC24C
9637	FEZ2
9639	ARHGEF10
9644	SH3PXD2A
9646	CTR9
9652	SKIC3
9662	CEP135
9665	MARF1
9669	EIF5B
967	CD63
9682	KDM4A
9688	NUP93
9693	RAPGEF2
9696	CROCC
9699	RIMS2
9700	ESPL1
9703	BLTP2
9722	NOS1AP
9727	RAB11FIP3
9731	CEP104
9735	KNTC1
9736	USP34
9741	LAPTM4A
9743	ARHGAP32
977	CD151
9779	TBC1D5
9784	SNX17
9786	KIAA0586
9792	SERTAD2
9793	CKAP5
9797	TATDN2
9801	MRPL19
9810	RNF40
9813	EFCAB14
9814	SFI1
9818	NUP58
9819	TSC22D2
9826	ARHGEF11
9827	RGP1
9837	GINS1
9842	PLEKHM1
9855	FARP2
9857	CEP350
9861	PSMD6
9868	TOMM70
9869	SETDB1
9870	AREL1
9873	FCHSD2
9874	TLK1
9875	URB1
9878	TOX4
988	CDC5L
9886	RHOBTB1
9895	TECPR2
9896	FIG4
9897	WASHC5
990	CDC6
9904	RBM19
9908	G3BP2
9911	TMCC2
9912	ARHGAP44
9919	SEC16A
9921	RNF10
9922	IQSEC1
9927	MFN2
9929	JOSD1
9933	PUM3
9946	CRYZL1
9950	GOLGA5
9958	USP15
996	CDC27
9978	RBX1
9985	REC8
9989	PPP4R1
9990	SLC12A6
9993	DGCR2
