family_id	human_gene
Simakov2022BCnS_genefamily_5360	sp|Q96T92|INSM2_HUMAN
Simakov2022BCnS_genefamily_8311	sp|Q92859|NEO1_HUMAN
Simakov2022BCnS_genefamily_9615	sp|Q92546|RGP1_HUMAN
Simakov2022BCnS_genefamily_2408	sp|Q9Y2Y9|KLF13_HUMAN
Simakov2022BCnS_genefamily_7974	sp|Q8WWH4|ASZ1_HUMAN
Simakov2022BCnS_genefamily_10189	sp|Q6V1P9|PCD23_HUMAN
Simakov2022BCnS_genefamily_9400	sp|Q8N9V6|ANR53_HUMAN
Simakov2022BCnS_genefamily_6415	sp|Q58EX2|SDK2_HUMAN
Simakov2022BCnS_genefamily_9607	sp|Q9ULC3|RAB23_HUMAN
Simakov2022BCnS_genefamily_6201	sp|Q5TZF3|ANR45_HUMAN
Simakov2022BCnS_genefamily_4002	sp|Q9Y2G9|SBNO2_HUMAN
Simakov2022BCnS_genefamily_11000	sp|Q5H9F3|BCORL_HUMAN
Simakov2022BCnS_genefamily_4066	sp|P38571|LICH_HUMAN
