sample	fam1	fam2	coo_value	fam1_gene	fam1_scaf	fam1_pos	fam2_gene	fam2_scaf	fam2_pos	n_fam1_paralogs	n_fam2_paralogs	same_scaf	computed_distance_bp	matches_coo	note
Pterobdellasp-2926341-GCA964035795.1	Simakov2022BCnS_genefamily_1007	Simakov2022BCnS_genefamily_977	14972716.0							1	0				fam2 missing from RBH
Branchellionlobata-375517-GCA947562095.1	Simakov2022BCnS_genefamily_1831	Simakov2022BCnS_genefamily_3181	12312122.0	Simakov2022BCnS_genefamily_1831_PYE	OX387248.1	144660.0	Simakov2022BCnS_genefamily_3181_RES	OX387254.1	2674946.0	1	1	False			ok
Branchellionlobata-375517-GCA947562095.1	Simakov2022BCnS_genefamily_339	Simakov2022BCnS_genefamily_6391	8150700.0	Simakov2022BCnS_genefamily_339_PYE	OX387250.1	5982903.0	Simakov2022BCnS_genefamily_6391_RES	OX387255.1	756352.0	1	1	False			ok
Branchellionlobata-375517-GCA947562095.1	Simakov2022BCnS_genefamily_12320	Simakov2022BCnS_genefamily_2500	11067432.0	Simakov2022BCnS_genefamily_12320_PYE	OX387258.1	105392.0	Simakov2022BCnS_genefamily_2500_RES	OX387258.1	6000138.0	1	1	True	5894746	False	ok
Piscicolageometra-60958-GCA943735955.1	Simakov2022BCnS_genefamily_11953	Simakov2022BCnS_genefamily_7347	14773681.0							0	1				fam1 missing from RBH
Piscicolageometra-60958-GCA943735955.1	Simakov2022BCnS_genefamily_8684	Simakov2022BCnS_genefamily_9220	21957314.0	Simakov2022BCnS_genefamily_8684_RES	OX030956.1	13680460.0	Simakov2022BCnS_genefamily_9220_PYE	OX030955.1	11277697.0	1	1	False			ok
Erpobdellaoctoculata-39305-GCA963978895.1	Simakov2022BCnS_genefamily_3495	Simakov2022BCnS_genefamily_5845	535725.0	Simakov2022BCnS_genefamily_3495_PYE	OZ022242.1	4904355.0	Simakov2022BCnS_genefamily_5845_PYE	OZ022244.1	30192363.0	1	1	False			ok
Sinospelaeobdellacavatuses-933808-GCA041222645.1	Simakov2022BCnS_genefamily_11193	Simakov2022BCnS_genefamily_7536	12555971.0	Simakov2022BCnS_genefamily_11193_RES	CM083640.1	19857441.0	Simakov2022BCnS_genefamily_7536_PYE	CM083642.1	673290.0	1	1	False			ok
Sinospelaeobdellacavatuses-933808-GCA041222645.1	Simakov2022BCnS_genefamily_1640	Simakov2022BCnS_genefamily_6600	9165912.0							1	0				fam2 missing from RBH
Whitmaniaacranulata-1329092-GCA041381225.1	Simakov2022BCnS_genefamily_12470	Simakov2022BCnS_genefamily_3920	3377205.0	Simakov2022BCnS_genefamily_12470_PYE	CM084258.1	7892259.0	Simakov2022BCnS_genefamily_3920_PYE	CM084262.1	2801723.0	1	1	False			ok
Whitmaniaacranulata-1329092-GCA041381225.1	Simakov2022BCnS_genefamily_3635	Simakov2022BCnS_genefamily_5845	8504514.0	Simakov2022BCnS_genefamily_3635_PYE	CM084262.1	1147314.0	Simakov2022BCnS_genefamily_5845_PYE	CM084255.1	3434601.0	1	1	False			ok
Whitmanialaevis-307844-GCA041381185.1	Simakov2022BCnS_genefamily_379	Simakov2022BCnS_genefamily_5088	7681959.0	Simakov2022BCnS_genefamily_379_PYE	CM084285.1	5800925.0	Simakov2022BCnS_genefamily_5088_EMU	CM084282.1	12479965.0	1	1	False			ok
Whitmanialaevis-307844-GCA041381185.1	Simakov2022BCnS_genefamily_3046	Simakov2022BCnS_genefamily_7145	1016939.0	Simakov2022BCnS_genefamily_3046_PYE	CM084281.1	8245017.0	Simakov2022BCnS_genefamily_7145_PYE	CM084285.1	5437874.0	1	1	False			ok
Whitmanialaevis-307844-GCA041381185.1	Simakov2022BCnS_genefamily_11903	Simakov2022BCnS_genefamily_9673	4427752.0	Simakov2022BCnS_genefamily_11903_PYE	CM084282.1	1605210.0	Simakov2022BCnS_genefamily_9673_PYE	CM084285.1	10608125.0	1	1	False			ok
Whitmanialaevis-307844-GCA041381185.1	Simakov2022BCnS_genefamily_6109	Simakov2022BCnS_genefamily_969	132824.0							0	1				fam1 missing from RBH
Whitmanialaevis-307844-GCA041381185.1	Simakov2022BCnS_genefamily_12718	Simakov2022BCnS_genefamily_6196	5698511.0	Simakov2022BCnS_genefamily_12718_HVU	CM084284.1	12590379.0	Simakov2022BCnS_genefamily_6196_PYE	CM084286.1	1994734.0	1	1	False			ok
Whitmaniapigra-486152-GCA041430665.1	Simakov2022BCnS_genefamily_11749	Simakov2022BCnS_genefamily_6716	4000705.0	Simakov2022BCnS_genefamily_11749_PYE	CM084492.1	15752742.0	Simakov2022BCnS_genefamily_6716_PYE	CM084494.1	9752288.0	1	1	False			ok
Whitmaniapigra-486152-GCA041430665.1	Simakov2022BCnS_genefamily_6819	Simakov2022BCnS_genefamily_8353	8389833.0	Simakov2022BCnS_genefamily_6819_PYE	CM084490.1	16867945.0	Simakov2022BCnS_genefamily_8353_PYE	CM084492.1	17164867.0	1	1	False			ok
Whitmaniapigra-486152-GCA041430665.1	Simakov2022BCnS_genefamily_5239	Simakov2022BCnS_genefamily_9843	237362.0	Simakov2022BCnS_genefamily_5239_PYE	CM084490.1	13887662.0	Simakov2022BCnS_genefamily_9843_PYE	CM084494.1	5323744.0	1	1	False			ok
Hirudinariamanillensis-1348078-GCA034509925.1	Simakov2022BCnS_genefamily_12188	Simakov2022BCnS_genefamily_8200	15313637.0	Simakov2022BCnS_genefamily_12188_PYE	CM067534.1	7424469.0	Simakov2022BCnS_genefamily_8200_PYE	CM067530.1	5686681.0	1	1	False			ok
Hirudotianjinensis-2870509-GCA040113125.1	Simakov2022BCnS_genefamily_4000	Simakov2022BCnS_genefamily_5637	3228665.0	Simakov2022BCnS_genefamily_4000_PYE	CM079101.1	5612835.0	Simakov2022BCnS_genefamily_5637_PYE	CM079102.1	6550757.0	1	1	False			ok
Hirudoverbana-311461-GCA965178065.1	Simakov2022BCnS_genefamily_10707	Simakov2022BCnS_genefamily_3687	50864712.0							0	1				fam1 missing from RBH
Hirudoverbana-311461-GCA965178065.1	Simakov2022BCnS_genefamily_12754	Simakov2022BCnS_genefamily_7752	1573898.0	Simakov2022BCnS_genefamily_12754_PYE	OZ237788.1	4168501.0	Simakov2022BCnS_genefamily_7752_PYE	OZ237788.1	1298387.0	1	1	True	2870114	False	ok
Hirudoverbana-311461-GCA965178065.1	Simakov2022BCnS_genefamily_7592	Simakov2022BCnS_genefamily_8989	10141171.0	Simakov2022BCnS_genefamily_7592_PYE	OZ237784.1	5150118.0	Simakov2022BCnS_genefamily_8989_PYE	OZ237790.1	5864208.0	1	1	False			ok
Hirudoverbana-311461-GCA965178065.1	Simakov2022BCnS_genefamily_3491	Simakov2022BCnS_genefamily_9211	6095196.0	Simakov2022BCnS_genefamily_3491_PYE	OZ237786.1	7853992.0	Simakov2022BCnS_genefamily_9211_PYE	OZ237787.1	10880121.0	1	1	False			ok
Hirudonipponia-42736-GCA040113095.1	Simakov2022BCnS_genefamily_1790	Simakov2022BCnS_genefamily_6854	37840768.0	Simakov2022BCnS_genefamily_1790_PYE	CM079031.1	15611644.0	Simakov2022BCnS_genefamily_6854_PYE	CM079034.1	8727406.0	1	1	False			ok
Hirudonipponia-42736-GCA040113095.1	Simakov2022BCnS_genefamily_711	Simakov2022BCnS_genefamily_9914	41800249.0	Simakov2022BCnS_genefamily_711_PYE	CM079029.1	4563978.0	Simakov2022BCnS_genefamily_9914_PYE	CM079035.1	14201191.0	1	1	False			ok
Hirudonipponia-42736-GCA040113095.1	Simakov2022BCnS_genefamily_6048	Simakov2022BCnS_genefamily_7774	17934912.0	Simakov2022BCnS_genefamily_6048_PYE	CM079035.1	5315677.0	Simakov2022BCnS_genefamily_7774_PYE	CM079033.1	725074.0	1	1	False			ok
Hirudonipponia-42736-GCA040113095.1	Simakov2022BCnS_genefamily_4381	Simakov2022BCnS_genefamily_7471	15390028.0	Simakov2022BCnS_genefamily_4381_PYE	CM079036.1	5725135.0	Simakov2022BCnS_genefamily_7471_PYE	CM079036.1	5732526.0	1	1	True	7391	False	ok
Placobdellacostata-60953-GCA964276725.1	Simakov2022BCnS_genefamily_11925	Simakov2022BCnS_genefamily_8892	3185014.0	Simakov2022BCnS_genefamily_11925_PYE	OZ194485.1	553257.0	Simakov2022BCnS_genefamily_8892_PYE	OZ194478.1	26828588.0	1	1	False			ok
Placobdellacostata-60953-GCA964276725.1	Simakov2022BCnS_genefamily_1936	Simakov2022BCnS_genefamily_7085	25038472.0							0	1				fam1 missing from RBH
Placobdellacostata-60953-GCA964276725.1	Simakov2022BCnS_genefamily_12042	Simakov2022BCnS_genefamily_5931	6164112.0	Simakov2022BCnS_genefamily_12042_RES	OZ194472.1	23278635.0	Simakov2022BCnS_genefamily_5931_PYE	OZ194482.1	16975852.0	1	1	False			ok
Placobdellacostata-60953-GCA964276725.1	Simakov2022BCnS_genefamily_12737	Simakov2022BCnS_genefamily_4488	4033408.0	Simakov2022BCnS_genefamily_12737_RES	OZ194478.1	25913672.0	Simakov2022BCnS_genefamily_4488_PYE	OZ194480.1	1939818.0	1	1	False			ok
Placobdellacostata-60953-GCA964276725.1	Simakov2022BCnS_genefamily_792	Simakov2022BCnS_genefamily_9560	3487208.0	Simakov2022BCnS_genefamily_792_PYE	OZ194476.1	7872156.0	Simakov2022BCnS_genefamily_9560_PYE	OZ194482.1	3879887.0	1	1	False			ok
Amynthasaspergillum-320991-GCA049355025.1	Simakov2022BCnS_genefamily_12442	Simakov2022BCnS_genefamily_4454	7195767.0	Simakov2022BCnS_genefamily_12442_PYE	CM111880.1	734084.0	Simakov2022BCnS_genefamily_4454_PYE	CM111851.1	13653599.0	1	1	False			ok
Amynthasaspergillum-320991-GCA049355025.1	Simakov2022BCnS_genefamily_10268	Simakov2022BCnS_genefamily_393	21277361.0							1	0				fam2 missing from RBH
Metaphirevulgaris-1196096-GCA018105865.1	Simakov2022BCnS_genefamily_3871	Simakov2022BCnS_genefamily_4195	75835506.0	Simakov2022BCnS_genefamily_3871_PYE	CM030835.1	8469433.0	Simakov2022BCnS_genefamily_4195_PYE	CM030837.1	658225.0	1	1	False			ok
Metaphirevulgaris-1196096-GCA018105865.1	Simakov2022BCnS_genefamily_4077	Simakov2022BCnS_genefamily_869	4867940.0	Simakov2022BCnS_genefamily_4077_PYE	CM030833.1	21357716.0	Simakov2022BCnS_genefamily_869_PYE	CM030835.1	16947148.0	1	1	False			ok
Metaphirevulgaris-1196096-GCA018105865.1	Simakov2022BCnS_genefamily_2377	Simakov2022BCnS_genefamily_9791	3006860.0	Simakov2022BCnS_genefamily_2377_PYE	CM030846.1	9975628.0	Simakov2022BCnS_genefamily_9791_RES	CM030844.1	2266312.0	1	1	False			ok
Ailoscolexlacteospumosus-1046305-GCA965183755.1	Simakov2022BCnS_genefamily_1221	Simakov2022BCnS_genefamily_1239	29093809.0	Simakov2022BCnS_genefamily_1221_PYE	OZ238863.1	28652180.0	Simakov2022BCnS_genefamily_1239_PYE	OZ238863.1	25207691.0	1	1	True	3444489	False	ok
Ailoscolexlacteospumosus-1046305-GCA965183755.1	Simakov2022BCnS_genefamily_11840	Simakov2022BCnS_genefamily_7240	70370154.0	Simakov2022BCnS_genefamily_11840_PYE	OZ238871.1	14204307.0	Simakov2022BCnS_genefamily_7240_PYE	OZ238860.1	8286680.0	1	1	False			ok
Ailoscolexlacteospumosus-1046305-GCA965183755.1	Simakov2022BCnS_genefamily_157	Simakov2022BCnS_genefamily_8136	20188294.0	Simakov2022BCnS_genefamily_157_EMU	OZ238872.1	19116008.0	Simakov2022BCnS_genefamily_8136_PYE	OZ238865.1	5219886.0	1	1	False			ok
Ailoscolexlacteospumosus-1046305-GCA965183755.1	Simakov2022BCnS_genefamily_2587	Simakov2022BCnS_genefamily_7129	90889766.0	Simakov2022BCnS_genefamily_2587_PYE	OZ238868.1	14974408.0	Simakov2022BCnS_genefamily_7129_PYE	OZ238863.1	781372.0	1	1	False			ok
Bimastosrubidus-2866284-GCA964330305.1	Simakov2022BCnS_genefamily_11780	Simakov2022BCnS_genefamily_7607	45944187.0	Simakov2022BCnS_genefamily_11780_PYE	OZ201036.1	35159428.0	Simakov2022BCnS_genefamily_7607_PYE	OZ201042.1	5673313.0	1	1	False			ok
Bimastosrubidus-2866284-GCA964330305.1	Simakov2022BCnS_genefamily_6122	Simakov2022BCnS_genefamily_8686	29519750.0	Simakov2022BCnS_genefamily_6122_PYE	OZ201045.1	13526075.0	Simakov2022BCnS_genefamily_8686_PYE	OZ201035.1	32743696.0	1	1	False			ok
Bimastosrubidus-2866284-GCA964330305.1	Simakov2022BCnS_genefamily_1561	Simakov2022BCnS_genefamily_2662	48541663.0	Simakov2022BCnS_genefamily_1561_HVU	OZ201041.1	988552.0	Simakov2022BCnS_genefamily_2662_PYE	OZ201040.1	9300788.0	1	1	False			ok
Lumbricusterrestris-6398-GCA949752735.1	Simakov2022BCnS_genefamily_5664	Simakov2022BCnS_genefamily_7392	2559920.0	Simakov2022BCnS_genefamily_5664_PYE	OX457044.1	32066524.0	Simakov2022BCnS_genefamily_7392_PYE	OX457053.1	22837302.0	1	1	False			ok
Lumbricusterrestris-6398-GCA949752735.1	Simakov2022BCnS_genefamily_5492	Simakov2022BCnS_genefamily_5912	110185.0							0	1				fam1 missing from RBH
Lumbricusterrestris-6398-GCA949752735.1	Simakov2022BCnS_genefamily_10784	Simakov2022BCnS_genefamily_5245	942552.0	Simakov2022BCnS_genefamily_10784_PYE	OX457052.1	8232721.0	Simakov2022BCnS_genefamily_5245_PYE	OX457048.1	15463888.0	1	1	False			ok
Lumbricusrubellus-35632-GCA945859605.1	Simakov2022BCnS_genefamily_11377	Simakov2022BCnS_genefamily_12730	11938532.0	Simakov2022BCnS_genefamily_11377_PYE	OX243813.1	10057601.0	Simakov2022BCnS_genefamily_12730_PYE	OX243812.1	12116425.0	1	1	False			ok
Lumbricusrubellus-35632-GCA945859605.1	Simakov2022BCnS_genefamily_10795	Simakov2022BCnS_genefamily_12434	1405502.0	Simakov2022BCnS_genefamily_10795_PYE	OX243828.1	25195526.0	Simakov2022BCnS_genefamily_12434_PYE	OX243824.1	13627933.0	1	1	False			ok
Allolobophoraicterica-332519-GCA963556255.1	Simakov2022BCnS_genefamily_12442	Simakov2022BCnS_genefamily_5378	222178.0	Simakov2022BCnS_genefamily_12442_PYE	OY744613.1	32480137.0	Simakov2022BCnS_genefamily_5378_PYE	OY744609.1	33506583.0	1	1	False			ok
Ophelianeglecta-195260-GCA965285935.1	Simakov2022BCnS_genefamily_6505	Simakov2022BCnS_genefamily_9059	8364589.0	Simakov2022BCnS_genefamily_6505_RES	OZ260662.1	28159093.0	Simakov2022BCnS_genefamily_9059_PYE	OZ260663.1	46664490.0	1	1	False			ok
Ophelianeglecta-195260-GCA965285935.1	Simakov2022BCnS_genefamily_7972	Simakov2022BCnS_genefamily_9053	3636346.0	Simakov2022BCnS_genefamily_7972_PYE	OZ260667.1	57572864.0	Simakov2022BCnS_genefamily_9053_PYE	OZ260663.1	7194300.0	1	1	False			ok
Arenicolamarina-6344-GCA964019135.1	Simakov2022BCnS_genefamily_10702	Simakov2022BCnS_genefamily_1179	5591735.0	Simakov2022BCnS_genefamily_10702_PYE	OZ025248.1	28428854.0	Simakov2022BCnS_genefamily_1179_PYE	OZ025254.1	40064505.0	1	1	False			ok
Arenicolamarina-6344-GCA964019135.1	Simakov2022BCnS_genefamily_6148	Simakov2022BCnS_genefamily_9761	1885985.0	Simakov2022BCnS_genefamily_6148_PYE	OZ025248.1	26655228.0	Simakov2022BCnS_genefamily_9761_PYE	OZ025252.1	34805806.0	1	1	False			ok
Magelonajohnstoni-1436028-GCA963942565.1	Simakov2022BCnS_genefamily_11267	Simakov2022BCnS_genefamily_6736	5884820.0	Simakov2022BCnS_genefamily_11267_PYE	OZ012684.1	30860488.0	Simakov2022BCnS_genefamily_6736_PYE	OZ012684.1	29479547.0	1	1	True	1380941	False	ok
Magelonajohnstoni-1436028-GCA963942565.1	Simakov2022BCnS_genefamily_4842	Simakov2022BCnS_genefamily_6383	3310414.0	Simakov2022BCnS_genefamily_4842_PYE	OZ012686.1	14791104.0	Simakov2022BCnS_genefamily_6383_PYE	OZ012686.1	25298154.0	1	1	True	10507050	False	ok
Streblospiobenedicti-95538-GCA019095985.1	Simakov2022BCnS_genefamily_311	Simakov2022BCnS_genefamily_6415	1839780.0	Simakov2022BCnS_genefamily_311_HVU	CM032662.1	31024012.0	Simakov2022BCnS_genefamily_6415_PYE	CM032669.1	43212609.0	1	1	False			ok
Streblospiobenedicti-95538-GCA019095985.1	Simakov2022BCnS_genefamily_3025	Simakov2022BCnS_genefamily_3378	7009840.0	Simakov2022BCnS_genefamily_3025_PYE	CM032669.1	36730597.0	Simakov2022BCnS_genefamily_3378_PYE	CM032662.1	35048540.0	1	1	False			ok
Sclerolinumbrattstromi-167799-GCA964656415.1	Simakov2022BCnS_genefamily_2377	Simakov2022BCnS_genefamily_3778	2192594.0	Simakov2022BCnS_genefamily_2377_PYE	OZ210055.1	12865659.0	Simakov2022BCnS_genefamily_3778_PYE	OZ210045.1	23496686.0	1	1	False			ok
Paraescarpiaechinospica-2080241-GCA020002185.1	Simakov2022BCnS_genefamily_4965	Simakov2022BCnS_genefamily_9211	7254835.0	Simakov2022BCnS_genefamily_4965_PYE	CM034532.1	41707918.0	Simakov2022BCnS_genefamily_9211_PYE	CM034539.1	27751456.0	1	1	False			ok
Paraescarpiaechinospica-2080241-GCA020002185.1	Simakov2022BCnS_genefamily_12254	Simakov2022BCnS_genefamily_12477	2447660.0	Simakov2022BCnS_genefamily_12254_EMU	CM034535.1	39674740.0	Simakov2022BCnS_genefamily_12477_PYE	CM034535.1	11847556.0	1	1	True	27827184	False	ok
Siboglinumfiordicum-27908-GCA965260885.1	Simakov2022BCnS_genefamily_1998	Simakov2022BCnS_genefamily_8420	452083.0	Simakov2022BCnS_genefamily_1998_PYE	OZ253320.1	66102223.0	Simakov2022BCnS_genefamily_8420_PYE	OZ253322.1	9056822.0	1	1	False			ok
Escarpiaspicata-53617-GCA963995525.1	Simakov2022BCnS_genefamily_12442	Simakov2022BCnS_genefamily_12807	4281449.0	Simakov2022BCnS_genefamily_12442_PYE	OZ023218.1	5733957.0	Simakov2022BCnS_genefamily_12807_PYE	OZ023211.1	46058615.0	1	1	False			ok
Escarpiaspicata-53617-GCA963995525.1	Simakov2022BCnS_genefamily_12049	Simakov2022BCnS_genefamily_12875	113563.0	Simakov2022BCnS_genefamily_12049_PYE	OZ023217.1	49020583.0	Simakov2022BCnS_genefamily_12875_PYE	OZ023218.1	9058929.0	1	1	False			ok
Osedaxfenrisi-2741452-GCA964019155.1	Simakov2022BCnS_genefamily_11840	Simakov2022BCnS_genefamily_12561	8562210.0	Simakov2022BCnS_genefamily_11840_PYE	OZ025240.1	2595598.0	Simakov2022BCnS_genefamily_12561_RES	OZ025244.1	51378688.0	1	1	False			ok
Osedaxfenrisi-2741452-GCA964019155.1	Simakov2022BCnS_genefamily_5115	Simakov2022BCnS_genefamily_5456	5393002.0	Simakov2022BCnS_genefamily_5115_PYE	OZ025240.1	73868793.0	Simakov2022BCnS_genefamily_5456_PYE	OZ025242.1	70412320.0	1	1	False			ok
Oasisiasp-611778-GCA964017155.1	Simakov2022BCnS_genefamily_11738	Simakov2022BCnS_genefamily_7154	16193418.0	Simakov2022BCnS_genefamily_11738_PYE	OZ024859.1	25888575.0	Simakov2022BCnS_genefamily_7154_PYE	OZ024862.1	15633544.0	1	1	False			ok
Oasisiasp-611778-GCA964017155.1	Simakov2022BCnS_genefamily_12615	Simakov2022BCnS_genefamily_3858	4192091.0							0	1				fam1 missing from RBH
Lamellibrachiabarhami-53613-GCA965112235.1	Simakov2022BCnS_genefamily_434	Simakov2022BCnS_genefamily_817	955737.0	Simakov2022BCnS_genefamily_434_PYE	OZ218085.1	867040.0	Simakov2022BCnS_genefamily_817_PYE	OZ218088.1	22285891.0	1	1	False			ok
Lamellibrachiacolumna-53616-GCA963662155.1	Simakov2022BCnS_genefamily_10577	Simakov2022BCnS_genefamily_82	2810675.0	Simakov2022BCnS_genefamily_10577_PYE	OY759267.1	37136728.0	Simakov2022BCnS_genefamily_82_PYE	OY759267.1	50899042.0	1	1	True	13762314	False	ok
Lamellibrachiacolumna-53616-GCA963662155.1	Simakov2022BCnS_genefamily_1758	Simakov2022BCnS_genefamily_8287	5013584.0	Simakov2022BCnS_genefamily_1758_PYE	OY759267.1	45774516.0	Simakov2022BCnS_genefamily_8287_PYE	OY759267.1	39887972.0	1	1	True	5886544	False	ok
Lamellibrachiacolumna-53616-GCA963662155.1	Simakov2022BCnS_genefamily_10152	Simakov2022BCnS_genefamily_11654	3140136.0	Simakov2022BCnS_genefamily_10152_PYE	OY759273.1	21843587.0	Simakov2022BCnS_genefamily_11654_HVU	OY759267.1	48858822.0	1	1	False			ok
Lamellibrachiacolumna-53616-GCA963662155.1	Simakov2022BCnS_genefamily_4547	Simakov2022BCnS_genefamily_5395	7259745.0	Simakov2022BCnS_genefamily_4547_PYE	OY759272.1	34970255.0	Simakov2022BCnS_genefamily_5395_PYE	OY759271.1	1889952.0	1	1	False			ok
Serpulavermicularis-249369-GCA966197015.1	Simakov2022BCnS_genefamily_11566	Simakov2022BCnS_genefamily_3823	10626228.0	Simakov2022BCnS_genefamily_11566_PYE	OZ306391.1	26852363.0	Simakov2022BCnS_genefamily_3823_PYE	OZ306391.1	22340350.0	1	1	True	4512013	False	ok
Marifugiacavatica-488418-GCA964291435.1	Simakov2022BCnS_genefamily_1156	Simakov2022BCnS_genefamily_12737	169173.0	Simakov2022BCnS_genefamily_1156_PYE	OZ197798.1	68628143.0	Simakov2022BCnS_genefamily_12737_PYE	OZ197794.1	111478307.0	1	1	False			ok
Marifugiacavatica-488418-GCA964291435.1	Simakov2022BCnS_genefamily_6125	Simakov2022BCnS_genefamily_6269	3392000.0	Simakov2022BCnS_genefamily_6125_RES	OZ197802.1	6036811.0	Simakov2022BCnS_genefamily_6269_PYE	OZ197791.1	55264686.0	1	1	False			ok
Protulasp-2886755-GCA949752745.1	Simakov2022BCnS_genefamily_10927	Simakov2022BCnS_genefamily_167	15999769.0							1	0				fam2 missing from RBH
Protulasp-2886755-GCA949752745.1	Simakov2022BCnS_genefamily_12242	Simakov2022BCnS_genefamily_12555	37490023.0	Simakov2022BCnS_genefamily_12242_PYE	OX457034.1	18394358.0	Simakov2022BCnS_genefamily_12555_PYE	OX457025.1	1480719.0	1	1	False			ok
Protulasp-2886755-GCA949752745.1	Simakov2022BCnS_genefamily_5043	Simakov2022BCnS_genefamily_5088	89825683.0	Simakov2022BCnS_genefamily_5043_PYE	OX457031.1	56937316.0	Simakov2022BCnS_genefamily_5088_EMU	OX457034.1	14865915.0	1	1	False			ok
Protulasp-2886755-GCA949752745.1	Simakov2022BCnS_genefamily_11865	Simakov2022BCnS_genefamily_3611	1468775.0	Simakov2022BCnS_genefamily_11865_PYE	OX457026.1	66638588.0	Simakov2022BCnS_genefamily_3611_PYE	OX457030.1	46465818.0	1	1	False			ok
Protulasp-2886755-GCA949752745.1	Simakov2022BCnS_genefamily_2791	Simakov2022BCnS_genefamily_4768	45426529.0							1	0				fam2 missing from RBH
Protulasp-2886755-GCA949752745.1	Simakov2022BCnS_genefamily_1170	Simakov2022BCnS_genefamily_9312	8581804.0	Simakov2022BCnS_genefamily_1170_PYE	OX457028.1	29376526.0	Simakov2022BCnS_genefamily_9312_PYE	OX457024.1	17796530.0	1	1	False			ok
Protulasp-2886755-GCA949752745.1	Simakov2022BCnS_genefamily_2283	Simakov2022BCnS_genefamily_8170	758462.0	Simakov2022BCnS_genefamily_2283_PYE	OX457025.1	60948119.0	Simakov2022BCnS_genefamily_8170_PYE	OX457031.1	61488198.0	1	1	False			ok
Protulasp-2886755-GCA949752745.1	Simakov2022BCnS_genefamily_11813	Simakov2022BCnS_genefamily_8832	9725084.0	Simakov2022BCnS_genefamily_11813_PYE	OX457024.1	6586815.0	Simakov2022BCnS_genefamily_8832_PYE	OX457026.1	94531527.0	1	1	False			ok
Perkinsianarubra-3269394-GCA965742485.1	Simakov2022BCnS_genefamily_4588	Simakov2022BCnS_genefamily_8665	4134644.0	Simakov2022BCnS_genefamily_4588_RES	OZ297662.1	59682967.0	Simakov2022BCnS_genefamily_8665_PYE	OZ297655.1	81340288.0	1	1	False			ok
Perkinsianarubra-3269394-GCA965742485.1	Simakov2022BCnS_genefamily_11499	Simakov2022BCnS_genefamily_2774	7669085.0	Simakov2022BCnS_genefamily_11499_PYE	OZ297662.1	56662621.0	Simakov2022BCnS_genefamily_2774_PYE	OZ297662.1	21947445.0	1	1	True	34715176	False	ok
Sabellaspallanzanii-85702-GCA964340945.1	Simakov2022BCnS_genefamily_4605	Simakov2022BCnS_genefamily_9817	3682553.0	Simakov2022BCnS_genefamily_4605_PYE	OZ204553.1	36673351.0	Simakov2022BCnS_genefamily_9817_PYE	OZ204548.1	76445752.0	1	1	False			ok
Sabellaspallanzanii-85702-GCA964340945.1	Simakov2022BCnS_genefamily_2120	Simakov2022BCnS_genefamily_7618	14674043.0	Simakov2022BCnS_genefamily_2120_PYE	OZ204548.1	48495129.0	Simakov2022BCnS_genefamily_7618_PYE	OZ204546.1	128276127.0	1	1	False			ok
Sabellaspallanzanii-85702-GCA964340945.1	Simakov2022BCnS_genefamily_570	Simakov2022BCnS_genefamily_9685	11391713.0	Simakov2022BCnS_genefamily_570_PYE	OZ204546.1	100085758.0	Simakov2022BCnS_genefamily_9685_PYE	OZ204545.1	49231877.0	1	1	False			ok
Sabellastartesp-2886754-GCA964017235.1	Simakov2022BCnS_genefamily_6102	Simakov2022BCnS_genefamily_9377	10039625.0	Simakov2022BCnS_genefamily_6102_PYE	OZ024935.1	36158002.0	Simakov2022BCnS_genefamily_9377_PYE	OZ024940.1	7575199.0	1	1	False			ok
Sabellastartesp-2886754-GCA964017235.1	Simakov2022BCnS_genefamily_1681	Simakov2022BCnS_genefamily_9604	9719154.0	Simakov2022BCnS_genefamily_1681_PYE	OZ024927.1	25743585.0	Simakov2022BCnS_genefamily_9604_PYE	OZ024934.1	104502681.0	1	1	False			ok
Sabellastartesp-2886754-GCA964017235.1	Simakov2022BCnS_genefamily_3333	Simakov2022BCnS_genefamily_505	3802651.0	Simakov2022BCnS_genefamily_3333_PYE	OZ024928.1	88700996.0	Simakov2022BCnS_genefamily_505_PYE	OZ024928.1	189307360.0	1	1	True	100606364	False	ok
Sabellastartesp-2886754-GCA964017235.1	Simakov2022BCnS_genefamily_6786	Simakov2022BCnS_genefamily_9807	1432735.0	Simakov2022BCnS_genefamily_6786_PYE	OZ024932.1	101009613.0	Simakov2022BCnS_genefamily_9807_PYE	OZ024927.1	112725321.0	1	1	False			ok
Bispirapolyomma-2930579-GCA965649765.1	Simakov2022BCnS_genefamily_12010	Simakov2022BCnS_genefamily_3362	84562756.0							0	1				fam1 missing from RBH
Bispirapolyomma-2930579-GCA965649765.1	Simakov2022BCnS_genefamily_1935	Simakov2022BCnS_genefamily_3862	5488941.0	Simakov2022BCnS_genefamily_1935_PYE	OZ287751.1	58874168.0	Simakov2022BCnS_genefamily_3862_PYE	OZ287759.1	17959555.0	1	1	False			ok
Bispirapolyomma-2930579-GCA965649765.1	Simakov2022BCnS_genefamily_12737	Simakov2022BCnS_genefamily_3717	26004419.0							1	0				fam2 missing from RBH
Flabesymbioscommensalis-996417-GCA964017125.1	Simakov2022BCnS_genefamily_10845	Simakov2022BCnS_genefamily_7467	30776408.0							0	1				fam1 missing from RBH
Flabesymbioscommensalis-996417-GCA964017125.1	Simakov2022BCnS_genefamily_10251	Simakov2022BCnS_genefamily_8380	25840684.0	Simakov2022BCnS_genefamily_10251_PYE	OZ024906.1	20004629.0	Simakov2022BCnS_genefamily_8380_PYE	OZ024909.1	22218387.0	1	1	False			ok
Flabesymbioscommensalis-996417-GCA964017125.1	Simakov2022BCnS_genefamily_12196	Simakov2022BCnS_genefamily_5512	15827475.0	Simakov2022BCnS_genefamily_12196_PYE	OZ024913.1	77296671.0	Simakov2022BCnS_genefamily_5512_PYE	OZ024903.1	49321146.0	1	1	False			ok
Flabesymbioscommensalis-996417-GCA964017125.1	Simakov2022BCnS_genefamily_11459	Simakov2022BCnS_genefamily_9120	15037161.0	Simakov2022BCnS_genefamily_11459_RES	OZ024913.1	39241300.0	Simakov2022BCnS_genefamily_9120_PYE	OZ024903.1	56628118.0	1	1	False			ok
Flabesymbioscommensalis-996417-GCA964017125.1	Simakov2022BCnS_genefamily_8420	Simakov2022BCnS_genefamily_8560	13423550.0	Simakov2022BCnS_genefamily_8420_PYE	OZ024910.1	18223740.0	Simakov2022BCnS_genefamily_8560_PYE	OZ024907.1	93968844.0	1	1	False			ok
Terebellalapidaria-1131437-GCA949152475.1	Simakov2022BCnS_genefamily_5539	Simakov2022BCnS_genefamily_8368	20267237.0	Simakov2022BCnS_genefamily_5539_PYE	OX424557.1	11753119.0	Simakov2022BCnS_genefamily_8368_PYE	OX424564.1	5132548.0	1	1	False			ok
Terebellalapidaria-1131437-GCA949152475.1	Simakov2022BCnS_genefamily_11227	Simakov2022BCnS_genefamily_1920	30792562.0	Simakov2022BCnS_genefamily_11227_PYE	OX424560.1	35841367.0	Simakov2022BCnS_genefamily_1920_PYE	OX424569.1	251021.0	1	1	False			ok
Sthenelaislimicola-1210413-GCA942159475.1	Simakov2022BCnS_genefamily_10578	Simakov2022BCnS_genefamily_2244	21296463.0	Simakov2022BCnS_genefamily_10578_PYE	OW804098.1	83411018.0	Simakov2022BCnS_genefamily_2244_PYE	OW804095.1	97733763.0	1	1	False			ok
Sthenelaislimicola-1210413-GCA942159475.1	Simakov2022BCnS_genefamily_2680	Simakov2022BCnS_genefamily_467	2266774.0	Simakov2022BCnS_genefamily_2680_EMU	OW804095.1	19785354.0	Simakov2022BCnS_genefamily_467_PYE	OW804095.1	79626438.0	1	1	True	59841084	False	ok
Sthenelaislimicola-1210413-GCA942159475.1	Simakov2022BCnS_genefamily_12742	Simakov2022BCnS_genefamily_9860	15265225.0	Simakov2022BCnS_genefamily_12742_PYE	OW804096.1	49991247.0	Simakov2022BCnS_genefamily_9860_PYE	OW804098.1	91203114.0	1	1	False			ok
Sthenelaislimicola-1210413-GCA942159475.1	Simakov2022BCnS_genefamily_1218	Simakov2022BCnS_genefamily_5282	41524456.0	Simakov2022BCnS_genefamily_1218_PYE	OW804098.1	21621787.0	Simakov2022BCnS_genefamily_5282_PYE	OW804099.1	47220686.0	1	1	False			ok
Sthenelaislimicola-1210413-GCA942159475.1	Simakov2022BCnS_genefamily_10242	Simakov2022BCnS_genefamily_765	37392750.0	Simakov2022BCnS_genefamily_10242_PYE	OW804097.1	100509677.0	Simakov2022BCnS_genefamily_765_PYE	OW804100.1	52961955.0	1	1	False			ok
Sthenelaislimicola-1210413-GCA942159475.1	Simakov2022BCnS_genefamily_3517	Simakov2022BCnS_genefamily_5822	5319640.0	Simakov2022BCnS_genefamily_3517_PYE	OW804096.1	115969522.0	Simakov2022BCnS_genefamily_5822_PYE	OW804099.1	30317087.0	1	1	False			ok
Amphidurospacificus-1209993-GCA949316495.1	Simakov2022BCnS_genefamily_10566	Simakov2022BCnS_genefamily_885	8763908.0	Simakov2022BCnS_genefamily_10566_PYE	OX439011.1	39733792.0	Simakov2022BCnS_genefamily_885_HVU	OX439006.1	35173122.0	1	1	False			ok
Amphidurospacificus-1209993-GCA949316495.1	Simakov2022BCnS_genefamily_11196	Simakov2022BCnS_genefamily_1833	37077495.0	Simakov2022BCnS_genefamily_11196_PYE	OX439008.1	38697025.0	Simakov2022BCnS_genefamily_1833_PYE	OX439001.1	11909637.0	1	1	False			ok
Amphidurospacificus-1209993-GCA949316495.1	Simakov2022BCnS_genefamily_10946	Simakov2022BCnS_genefamily_9065	45807871.0	Simakov2022BCnS_genefamily_10946_PYE	OX439008.1	14008784.0	Simakov2022BCnS_genefamily_9065_PYE	OX439000.1	44834673.0	1	1	False			ok
Amphidurospacificus-1209993-GCA949316495.1	Simakov2022BCnS_genefamily_11697	Simakov2022BCnS_genefamily_12327	33604228.0	Simakov2022BCnS_genefamily_11697_PYE	OX439004.1	42932292.0	Simakov2022BCnS_genefamily_12327_RES	OX439010.1	10842950.0	1	1	False			ok
Amphidurospacificus-1209993-GCA949316495.1	Simakov2022BCnS_genefamily_11074	Simakov2022BCnS_genefamily_6274	12061306.0	Simakov2022BCnS_genefamily_11074_PYE	OX439002.1	19375260.0	Simakov2022BCnS_genefamily_6274_PYE	OX439002.1	33281239.0	1	1	True	13905979	False	ok
Haplosyllissp-3275449-GCA965117155.1	Simakov2022BCnS_genefamily_3009	Simakov2022BCnS_genefamily_3469	7446660.0	Simakov2022BCnS_genefamily_3009_RES	OZ221013.1	142374084.0	Simakov2022BCnS_genefamily_3469_PYE	OZ221016.1	61710821.0	1	1	False			ok
Phyllodocemedipapillata-868040-GCA964656445.1	Simakov2022BCnS_genefamily_10251	Simakov2022BCnS_genefamily_6330	15066679.0	Simakov2022BCnS_genefamily_10251_PYE	OZ210081.1	81786832.0	Simakov2022BCnS_genefamily_6330_PYE	OZ210081.1	61615624.0	1	1	True	20171208	False	ok
Phyllodocemedipapillata-868040-GCA964656445.1	Simakov2022BCnS_genefamily_7380	Simakov2022BCnS_genefamily_9761	71359698.0	Simakov2022BCnS_genefamily_7380_PYE	OZ210081.1	243150443.0	Simakov2022BCnS_genefamily_9761_PYE	OZ210081.1	131873420.0	1	1	True	111277023	False	ok
Alittavirens-880429-GCA932294295.1	Simakov2022BCnS_genefamily_8265	Simakov2022BCnS_genefamily_9248	141609105.0	Simakov2022BCnS_genefamily_8265_PYE	OW028579.1	26651118.0	Simakov2022BCnS_genefamily_9248_PYE	OW028577.1	38675632.0	1	1	False			ok
Alittavirens-880429-GCA932294295.1	Simakov2022BCnS_genefamily_3320	Simakov2022BCnS_genefamily_3513	52036773.0	Simakov2022BCnS_genefamily_3320_PYE	OW028577.1	40792778.0	Simakov2022BCnS_genefamily_3513_PYE	OW028575.1	8664025.0	1	1	False			ok
Alittavirens-880429-GCA932294295.1	Simakov2022BCnS_genefamily_142	Simakov2022BCnS_genefamily_1831	135270153.0	Simakov2022BCnS_genefamily_142_PYE	OW028573.1	65380576.0	Simakov2022BCnS_genefamily_1831_PYE	OW028575.1	25374538.0	1	1	False			ok
Alittavirens-880429-GCA932294295.1	Simakov2022BCnS_genefamily_7648	Simakov2022BCnS_genefamily_7900	31660401.0	Simakov2022BCnS_genefamily_7648_PYE	OW028574.1	64108618.0	Simakov2022BCnS_genefamily_7900_PYE	OW028573.1	60438285.0	1	1	False			ok
Alittavirens-880429-GCA932294295.1	Simakov2022BCnS_genefamily_3324	Simakov2022BCnS_genefamily_8444	864458.0	Simakov2022BCnS_genefamily_3324_PYE	OW028586.1	30162171.0	Simakov2022BCnS_genefamily_8444_PYE	OW028573.1	35251096.0	1	1	False			ok
Alittavirens-880429-GCA932294295.1	Simakov2022BCnS_genefamily_1570	Simakov2022BCnS_genefamily_7117	19504265.0	Simakov2022BCnS_genefamily_1570_PYE	OW028575.1	13933351.0	Simakov2022BCnS_genefamily_7117_RES	OW028586.1	20008994.0	1	1	False			ok
Glyceratridactyla-104710-GCA965644265.1	Simakov2022BCnS_genefamily_1239	Simakov2022BCnS_genefamily_7513	24369459.0	Simakov2022BCnS_genefamily_1239_PYE	OZ286467.1	59358333.0	Simakov2022BCnS_genefamily_7513_PYE	OZ286460.1	96264955.0	1	1	False			ok
Glyceratridactyla-104710-GCA965644265.1	Simakov2022BCnS_genefamily_1122	Simakov2022BCnS_genefamily_12777	5400730.0	Simakov2022BCnS_genefamily_1122_PYE	OZ286459.1	146830765.0	Simakov2022BCnS_genefamily_12777_PYE	OZ286467.1	69916549.0	1	1	False			ok
Glyceratridactyla-104710-GCA965644265.1	Simakov2022BCnS_genefamily_3315	Simakov2022BCnS_genefamily_7020	48978471.0	Simakov2022BCnS_genefamily_3315_PYE	OZ286475.1	68886913.0	Simakov2022BCnS_genefamily_7020_HVU	OZ286473.1	53236328.0	1	1	False			ok
Glyceratridactyla-104710-GCA965644265.1	Simakov2022BCnS_genefamily_12471	Simakov2022BCnS_genefamily_7921	65469363.0	Simakov2022BCnS_genefamily_12471_PYE	OZ286459.1	80614399.0	Simakov2022BCnS_genefamily_7921_PYE	OZ286468.1	19379741.0	1	1	False			ok
Glyceratridactyla-104710-GCA965644265.1	Simakov2022BCnS_genefamily_10056	Simakov2022BCnS_genefamily_7452	62485468.0	Simakov2022BCnS_genefamily_10056_PYE	OZ286464.1	23311290.0	Simakov2022BCnS_genefamily_7452_PYE	OZ286464.1	102119039.0	1	1	True	78807749	False	ok
Glyceratridactyla-104710-GCA965644265.1	Simakov2022BCnS_genefamily_10864	Simakov2022BCnS_genefamily_2693	11963291.0	Simakov2022BCnS_genefamily_10864_PYE	OZ286469.1	94510543.0	Simakov2022BCnS_genefamily_2693_PYE	OZ286459.1	129462602.0	1	1	False			ok
Glyceratridactyla-104710-GCA965644265.1	Simakov2022BCnS_genefamily_10225	Simakov2022BCnS_genefamily_8010	11434937.0	Simakov2022BCnS_genefamily_10225_PYE	OZ286464.1	53738856.0	Simakov2022BCnS_genefamily_8010_PYE	OZ286461.1	60941294.0	1	1	False			ok
Glyceratridactyla-104710-GCA965644265.1	Simakov2022BCnS_genefamily_6802	Simakov2022BCnS_genefamily_9468	19074356.0	Simakov2022BCnS_genefamily_6802_PYE	OZ286469.1	43469701.0	Simakov2022BCnS_genefamily_9468_PYE	OZ286466.1	20094927.0	1	1	False			ok
Glyceratridactyla-104710-GCA965644265.1	Simakov2022BCnS_genefamily_3611	Simakov2022BCnS_genefamily_5505	10646236.0	Simakov2022BCnS_genefamily_3611_PYE	OZ286473.1	59717890.0	Simakov2022BCnS_genefamily_5505_PYE	OZ286459.1	42645540.0	1	1	False			ok
Glyceratridactyla-104710-GCA965644265.1	Simakov2022BCnS_genefamily_3540	Simakov2022BCnS_genefamily_7003	7651612.0	Simakov2022BCnS_genefamily_3540_PYE	OZ286460.1	105322993.0	Simakov2022BCnS_genefamily_7003_PYE	OZ286471.1	29467198.0	1	1	False			ok
Glyceratridactyla-104710-GCA965644265.1	Simakov2022BCnS_genefamily_3540	Simakov2022BCnS_genefamily_6510	29009249.0	Simakov2022BCnS_genefamily_3540_PYE	OZ286460.1	105322993.0	Simakov2022BCnS_genefamily_6510_PYE	OZ286463.1	49419701.0	1	1	False			ok
Glyceratridactyla-104710-GCA965644265.1	Simakov2022BCnS_genefamily_3982	Simakov2022BCnS_genefamily_4802	30515464.0	Simakov2022BCnS_genefamily_3982_PYE	OZ286465.1	39358648.0	Simakov2022BCnS_genefamily_4802_PYE	OZ286459.1	128893664.0	1	1	False			ok
Glyceratridactyla-104710-GCA965644265.1	Simakov2022BCnS_genefamily_12838	Simakov2022BCnS_genefamily_7833	4171918.0	Simakov2022BCnS_genefamily_12838_PYE	OZ286467.1	51999654.0	Simakov2022BCnS_genefamily_7833_PYE	OZ286470.1	34381468.0	1	1	False			ok
Glyceratridactyla-104710-GCA965644265.1	Simakov2022BCnS_genefamily_12207	Simakov2022BCnS_genefamily_4591	11508844.0	Simakov2022BCnS_genefamily_12207_PYE	OZ286470.1	4600230.0	Simakov2022BCnS_genefamily_4591_PYE	OZ286460.1	39867894.0	1	1	False			ok
Glyceratridactyla-104710-GCA965644265.1	Simakov2022BCnS_genefamily_2174	Simakov2022BCnS_genefamily_765	9671024.0	Simakov2022BCnS_genefamily_2174_PYE	OZ286460.1	39823121.0	Simakov2022BCnS_genefamily_765_PYE	OZ286472.1	60142595.0	1	1	False			ok
Glycerafallax-1446102-GCA964657245.1	Simakov2022BCnS_genefamily_4465	Simakov2022BCnS_genefamily_8149	16018128.0	Simakov2022BCnS_genefamily_4465_PYE	OZ210867.1	233678877.0	Simakov2022BCnS_genefamily_8149_PYE	OZ210876.1	67747574.0	1	1	False			ok
Glycerafallax-1446102-GCA964657245.1	Simakov2022BCnS_genefamily_12022	Simakov2022BCnS_genefamily_9835	75138749.0	Simakov2022BCnS_genefamily_12022_PYE	OZ210870.1	156822180.0	Simakov2022BCnS_genefamily_9835_PYE	OZ210876.1	13242196.0	1	1	False			ok
Glycerafallax-1446102-GCA964657245.1	Simakov2022BCnS_genefamily_1338	Simakov2022BCnS_genefamily_7072	13054106.0							0	1				fam1 missing from RBH
Glycerafallax-1446102-GCA964657245.1	Simakov2022BCnS_genefamily_10404	Simakov2022BCnS_genefamily_8233	20323062.0	Simakov2022BCnS_genefamily_10404_PYE	OZ210871.1	89725672.0	Simakov2022BCnS_genefamily_8233_PYE	OZ210870.1	169102813.0	1	1	False			ok
Glycerafallax-1446102-GCA964657245.1	Simakov2022BCnS_genefamily_10444	Simakov2022BCnS_genefamily_9715	25594118.0	Simakov2022BCnS_genefamily_10444_PYE	OZ210865.1	145512215.0	Simakov2022BCnS_genefamily_9715_EMU	OZ210872.1	155730192.0	1	1	False			ok
Glycerafallax-1446102-GCA964657245.1	Simakov2022BCnS_genefamily_2633	Simakov2022BCnS_genefamily_9360	14142855.0	Simakov2022BCnS_genefamily_2633_PYE	OZ210867.1	188393013.0	Simakov2022BCnS_genefamily_9360_PYE	OZ210880.1	153475232.0	1	1	False			ok
Laetmonicehystrix-2029591-GCA965235115.1	Simakov2022BCnS_genefamily_11121	Simakov2022BCnS_genefamily_12570	300220930.0	Simakov2022BCnS_genefamily_11121_PYE	OZ249442.1	15944758.0	Simakov2022BCnS_genefamily_12570_PYE	OZ249445.1	9023609.0	1	1	False			ok
Laetmonicehystrix-2029591-GCA965235115.1	Simakov2022BCnS_genefamily_5560	Simakov2022BCnS_genefamily_5746	194565734.0	Simakov2022BCnS_genefamily_5560_PYE	OZ249441.1	9543273.0	Simakov2022BCnS_genefamily_5746_PYE	OZ249439.1	10761486.0	1	1	False			ok
Laetmonicehystrix-2029591-GCA965235115.1	Simakov2022BCnS_genefamily_1312	Simakov2022BCnS_genefamily_8128	303114205.0	Simakov2022BCnS_genefamily_1312_PYE	OZ249438.1	29114599.0	Simakov2022BCnS_genefamily_8128_PYE	OZ249439.1	21335646.0	1	1	False			ok
Laetmonicehystrix-2029591-GCA965235115.1	Simakov2022BCnS_genefamily_3482	Simakov2022BCnS_genefamily_6600	80466553.0	Simakov2022BCnS_genefamily_3482_PYE	OZ249446.1	13354061.0	Simakov2022BCnS_genefamily_6600_PYE	OZ249444.1	27650824.0	1	1	False			ok
Laetmonicehystrix-2029591-GCA965235115.1	Simakov2022BCnS_genefamily_12520	Simakov2022BCnS_genefamily_4732	94581334.0	Simakov2022BCnS_genefamily_12520_PYE	OZ249444.1	7310369.0	Simakov2022BCnS_genefamily_4732_PYE	OZ249451.1	4162065.0	1	1	False			ok
Laetmonicehystrix-2029591-GCA965235115.1	Simakov2022BCnS_genefamily_1043	Simakov2022BCnS_genefamily_12830	281330208.0							1	0				fam2 missing from RBH
Laetmonicehystrix-2029591-GCA965235115.1	Simakov2022BCnS_genefamily_10626	Simakov2022BCnS_genefamily_5046	143240865.0	Simakov2022BCnS_genefamily_10626_PYE	OZ249443.1	15414440.0	Simakov2022BCnS_genefamily_5046_PYE	OZ249437.1	35589016.0	1	1	False			ok
Laetmonicehystrix-2029591-GCA965235115.1	Simakov2022BCnS_genefamily_4605	Simakov2022BCnS_genefamily_8907	56304849.0	Simakov2022BCnS_genefamily_4605_PYE	OZ249443.1	3927105.0	Simakov2022BCnS_genefamily_8907_PYE	OZ249445.1	2095561.0	1	1	False			ok
Laetmonicehystrix-2029591-GCA965235115.1	Simakov2022BCnS_genefamily_11903	Simakov2022BCnS_genefamily_9113	2925824.0	Simakov2022BCnS_genefamily_11903_PYE	OZ249436.1	9136249.0	Simakov2022BCnS_genefamily_9113_PYE	OZ249436.1	15318283.0	1	1	True	6182034	False	ok
Laetmonicehystrix-2029591-GCA965235115.1	Simakov2022BCnS_genefamily_805	Simakov2022BCnS_genefamily_9901	123754455.0	Simakov2022BCnS_genefamily_805_PYE	OZ249436.1	15415278.0	Simakov2022BCnS_genefamily_9901_PYE	OZ249436.1	58440291.0	1	1	True	43025013	False	ok
Branchipolynoelongqiensis-2487007-GCA030323885.1	Simakov2022BCnS_genefamily_11650	Simakov2022BCnS_genefamily_329	804348.0							1	0				fam2 missing from RBH
Branchipolynoelongqiensis-2487007-GCA030323885.1	Simakov2022BCnS_genefamily_11688	Simakov2022BCnS_genefamily_12389	245449.0	Simakov2022BCnS_genefamily_11688_PYE	CM059189.1	33877058.0	Simakov2022BCnS_genefamily_12389_PYE	CM059189.1	40989309.0	1	1	True	7112251	False	ok
Branchipolynoelongqiensis-2487007-GCA030323885.1	Simakov2022BCnS_genefamily_3112	Simakov2022BCnS_genefamily_5560	347819.0	Simakov2022BCnS_genefamily_3112_PYE	CM059188.1	44049538.0	Simakov2022BCnS_genefamily_5560_PYE	CM059189.1	68243292.0	1	1	False			ok
Branchipolynoelongqiensis-2487007-GCA030323885.1	Simakov2022BCnS_genefamily_12518	Simakov2022BCnS_genefamily_12625	2011146.0	Simakov2022BCnS_genefamily_12518_PYE	CM059186.1	31653410.0	Simakov2022BCnS_genefamily_12625_PYE	CM059196.1	11533698.0	1	1	False			ok
Branchipolynoelongqiensis-2487007-GCA030323885.1	Simakov2022BCnS_genefamily_10637	Simakov2022BCnS_genefamily_7009	4308194.0	Simakov2022BCnS_genefamily_10637_PYE	CM059194.1	29794918.0	Simakov2022BCnS_genefamily_7009_PYE	CM059194.1	8637281.0	1	1	True	21157637	False	ok
Branchipolynoelongqiensis-2487007-GCA030323885.1	Simakov2022BCnS_genefamily_7807	Simakov2022BCnS_genefamily_8309	76327.0	Simakov2022BCnS_genefamily_7807_PYE	CM059197.1	66473361.0	Simakov2022BCnS_genefamily_8309_PYE	CM059187.1	22374426.0	1	1	False			ok
Branchipolynoelongqiensis-2487007-GCA030323885.1	Simakov2022BCnS_genefamily_2051	Simakov2022BCnS_genefamily_7912	612472.0	Simakov2022BCnS_genefamily_2051_PYE	CM059200.1	52634111.0	Simakov2022BCnS_genefamily_7912_PYE	CM059200.1	53092429.0	1	1	True	458318	False	ok
Lepidonotusclava-1210411-GCA936440205.1	Simakov2022BCnS_genefamily_1958	Simakov2022BCnS_genefamily_7162	58346952.0	Simakov2022BCnS_genefamily_1958_PYE	OW387133.1	60732877.0	Simakov2022BCnS_genefamily_7162_PYE	OW387141.1	20827967.0	1	1	False			ok
Lepidonotusclava-1210411-GCA936440205.1	Simakov2022BCnS_genefamily_12189	Simakov2022BCnS_genefamily_438	52586307.0							1	0				fam2 missing from RBH
Lepidonotusclava-1210411-GCA936440205.1	Simakov2022BCnS_genefamily_3905	Simakov2022BCnS_genefamily_8379	33970281.0	Simakov2022BCnS_genefamily_3905_PYE	OW387146.1	19260403.0	Simakov2022BCnS_genefamily_8379_PYE	OW387138.1	13615606.0	1	1	False			ok
Lepidonotusclava-1210411-GCA936440205.1	Simakov2022BCnS_genefamily_11559	Simakov2022BCnS_genefamily_379	3197285.0							0	1				fam1 missing from RBH
Alentiagelatinosa-271774-GCA950022655.1	Simakov2022BCnS_genefamily_12048	Simakov2022BCnS_genefamily_3303	51526747.0							1	0				fam2 missing from RBH
Alentiagelatinosa-271774-GCA950022655.1	Simakov2022BCnS_genefamily_10059	Simakov2022BCnS_genefamily_8167	16860668.0	Simakov2022BCnS_genefamily_10059_PYE	OX465581.1	65726425.0	Simakov2022BCnS_genefamily_8167_PYE	OX465580.1	76243727.0	1	1	False			ok
Alentiagelatinosa-271774-GCA950022655.1	Simakov2022BCnS_genefamily_11531	Simakov2022BCnS_genefamily_4467	3984026.0	Simakov2022BCnS_genefamily_11531_PYE	OX465579.1	114619534.0	Simakov2022BCnS_genefamily_4467_RES	OX465579.1	107588155.0	1	1	True	7031379	False	ok
Alentiagelatinosa-271774-GCA950022655.1	Simakov2022BCnS_genefamily_4253	Simakov2022BCnS_genefamily_8193	13330782.0	Simakov2022BCnS_genefamily_4253_PYE	OX465592.1	14732976.0	Simakov2022BCnS_genefamily_8193_RES	OX465581.1	50081147.0	1	1	False			ok
Acholoesquamosa-2922911-GCA949317995.1	Simakov2022BCnS_genefamily_12740	Simakov2022BCnS_genefamily_3926	7488966.0	Simakov2022BCnS_genefamily_12740_PYE	OX439048.1	6095185.0	Simakov2022BCnS_genefamily_3926_PYE	OX439038.1	51944113.0	1	1	False			ok
Acholoesquamosa-2922911-GCA949317995.1	Simakov2022BCnS_genefamily_12231	Simakov2022BCnS_genefamily_3385	14572346.0	Simakov2022BCnS_genefamily_12231_PYE	OX439037.1	61046095.0	Simakov2022BCnS_genefamily_3385_PYE	OX439049.1	27057751.0	1	1	False			ok
Acholoesquamosa-2922911-GCA949317995.1	Simakov2022BCnS_genefamily_11180	Simakov2022BCnS_genefamily_5560	3226235.0	Simakov2022BCnS_genefamily_11180_PYE	OX439036.1	61997966.0	Simakov2022BCnS_genefamily_5560_PYE	OX439037.1	40354168.0	1	1	False			ok
Acholoesquamosa-2922911-GCA949317995.1	Simakov2022BCnS_genefamily_12918	Simakov2022BCnS_genefamily_6632	2595457.0							0	1				fam1 missing from RBH
Acholoesquamosa-2922911-GCA949317995.1	Simakov2022BCnS_genefamily_5696	Simakov2022BCnS_genefamily_7395	6337482.0	Simakov2022BCnS_genefamily_5696_PYE	OX439044.1	47716047.0	Simakov2022BCnS_genefamily_7395_PYE	OX439042.1	26347794.0	1	1	False			ok
Acholoesquamosa-2922911-GCA949317995.1	Simakov2022BCnS_genefamily_1409	Simakov2022BCnS_genefamily_1886	2039536.0	Simakov2022BCnS_genefamily_1409_PYE	OX439038.1	74975382.0	Simakov2022BCnS_genefamily_1886_PYE	OX439038.1	64450451.0	1	1	True	10524931	False	ok
Acholoesquamosa-2922911-GCA949317995.1	Simakov2022BCnS_genefamily_1075	Simakov2022BCnS_genefamily_3491	1337458.0	Simakov2022BCnS_genefamily_1075_PYE	OX439039.1	86263188.0	Simakov2022BCnS_genefamily_3491_PYE	OX439041.1	73740522.0	1	1	False			ok
Acholoesquamosa-2922911-GCA949317995.1	Simakov2022BCnS_genefamily_11515	Simakov2022BCnS_genefamily_6115	2243643.0	Simakov2022BCnS_genefamily_11515_PYE	OX439047.1	39245533.0	Simakov2022BCnS_genefamily_6115_PYE	OX439038.1	70801875.0	1	1	False			ok
Acholoesquamosa-2922911-GCA949317995.1	Simakov2022BCnS_genefamily_11827	Simakov2022BCnS_genefamily_5182	10115614.0	Simakov2022BCnS_genefamily_11827_RES	OX439050.1	42806108.0	Simakov2022BCnS_genefamily_5182_PYE	OX439035.1	48526167.0	1	1	False			ok
Acholoesquamosa-2922911-GCA949317995.1	Simakov2022BCnS_genefamily_10235	Simakov2022BCnS_genefamily_7465	3999879.0	Simakov2022BCnS_genefamily_10235_PYE	OX439038.1	30790715.0	Simakov2022BCnS_genefamily_7465_PYE	OX439039.1	55113343.0	1	1	False			ok
Acholoesquamosa-2922911-GCA949317995.1	Simakov2022BCnS_genefamily_3997	Simakov2022BCnS_genefamily_7304	6299213.0	Simakov2022BCnS_genefamily_3997_EMU	OX439037.1	3377059.0	Simakov2022BCnS_genefamily_7304_PYE	OX439043.1	21451298.0	1	1	False			ok
Harmothoeimpar-46595-GCA947462335.1	Simakov2022BCnS_genefamily_12155	Simakov2022BCnS_genefamily_5921	2068632.0							1	0				fam2 missing from RBH
Harmothoeimpar-46595-GCA947462335.1	Simakov2022BCnS_genefamily_1008	Simakov2022BCnS_genefamily_11951	2518708.0	Simakov2022BCnS_genefamily_1008_PYE	OX381707.1	13504800.0	Simakov2022BCnS_genefamily_11951_PYE	OX381707.1	42406830.0	1	1	True	28902030	False	ok
Harmothoeimpar-46595-GCA947462335.1	Simakov2022BCnS_genefamily_11364	Simakov2022BCnS_genefamily_8609	23038610.0							0	1				fam1 missing from RBH
Harmothoeimpar-46595-GCA947462335.1	Simakov2022BCnS_genefamily_1013	Simakov2022BCnS_genefamily_2811	26619270.0	Simakov2022BCnS_genefamily_1013_PYE	OX381714.1	45460807.0	Simakov2022BCnS_genefamily_2811_PYE	OX381714.1	61836614.0	1	1	True	16375807	False	ok
Harmothoeimpar-46595-GCA947462335.1	Simakov2022BCnS_genefamily_4098	Simakov2022BCnS_genefamily_5354	61363705.0	Simakov2022BCnS_genefamily_4098_PYE	OX381712.1	56420978.0	Simakov2022BCnS_genefamily_5354_PYE	OX381712.1	42760754.0	1	1	True	13660224	False	ok
Hermodicecarunculata-259844-GCA964020975.1	Simakov2022BCnS_genefamily_12086	Simakov2022BCnS_genefamily_5502	76112196.0	Simakov2022BCnS_genefamily_12086_RES	OZ026625.1	10829581.0	Simakov2022BCnS_genefamily_5502_PYE	OZ026619.1	66351936.0	1	1	False			ok
Hermodicecarunculata-259844-GCA964020975.1	Simakov2022BCnS_genefamily_9290	Simakov2022BCnS_genefamily_9480	22825888.0	Simakov2022BCnS_genefamily_9290_PYE	OZ026617.1	54687573.0	Simakov2022BCnS_genefamily_9480_PYE	OZ026623.1	94394257.0	1	1	False			ok
Hermodicecarunculata-259844-GCA964020975.1	Simakov2022BCnS_genefamily_4440	Simakov2022BCnS_genefamily_5428	29629989.0	Simakov2022BCnS_genefamily_4440_PYE	OZ026613.1	33360424.0	Simakov2022BCnS_genefamily_5428_PYE	OZ026613.1	113722585.0	1	1	True	80362161	False	ok
Hermodicecarunculata-259844-GCA964020975.1	Simakov2022BCnS_genefamily_3414	Simakov2022BCnS_genefamily_9302	33220731.0	Simakov2022BCnS_genefamily_3414_PYE	OZ026618.1	30010100.0	Simakov2022BCnS_genefamily_9302_PYE	OZ026627.1	6514682.0	1	1	False			ok
Hermodicecarunculata-259844-GCA964020975.1	Simakov2022BCnS_genefamily_12153	Simakov2022BCnS_genefamily_5180	43754936.0	Simakov2022BCnS_genefamily_12153_PYE	OZ026624.1	14310627.0	Simakov2022BCnS_genefamily_5180_PYE	OZ026624.1	89004686.0	1	1	True	74694059	False	ok
Urechisunicinctus-6432-GCA034190875.2	Simakov2022BCnS_genefamily_5281	Simakov2022BCnS_genefamily_6758	7137090.0	Simakov2022BCnS_genefamily_5281_PYE	CM067345.1	19079.0	Simakov2022BCnS_genefamily_6758_PYE	CM067353.1	29943242.0	1	1	False			ok
Urechisunicinctus-6432-GCA034190875.2	Simakov2022BCnS_genefamily_11377	Simakov2022BCnS_genefamily_9734	2603386.0	Simakov2022BCnS_genefamily_11377_PYE	CM067344.1	8371134.0	Simakov2022BCnS_genefamily_9734_PYE	CM067346.1	57496437.0	1	1	False			ok
Urechisunicinctus-6432-GCA034190875.2	Simakov2022BCnS_genefamily_3495	Simakov2022BCnS_genefamily_9868	2079419.0	Simakov2022BCnS_genefamily_3495_PYE	CM067346.1	59247109.0	Simakov2022BCnS_genefamily_9868_PYE	CM067345.1	26307701.0	1	1	False			ok
Urechisunicinctus-6432-GCA034190875.2	Simakov2022BCnS_genefamily_10637	Simakov2022BCnS_genefamily_11079	21392993.0	Simakov2022BCnS_genefamily_10637_PYE	CM067342.1	30699873.0	Simakov2022BCnS_genefamily_11079_PYE	CM067344.1	40271245.0	1	1	False			ok
Themistelageniformis-216211-GCA964194385.1	Simakov2022BCnS_genefamily_6607	Simakov2022BCnS_genefamily_9883	4213563.0							0	1				fam1 missing from RBH
Themistelageniformis-216211-GCA964194385.1	Simakov2022BCnS_genefamily_5379	Simakov2022BCnS_genefamily_7505	3984117.0	Simakov2022BCnS_genefamily_5379_EMU	OZ077494.1	36778540.0	Simakov2022BCnS_genefamily_7505_PYE	OZ077498.1	1057990.0	1	1	False			ok
Sipunculusnudus-6446-GCA026874595.2	Simakov2022BCnS_genefamily_10566	Simakov2022BCnS_genefamily_2298	3343029.0	Simakov2022BCnS_genefamily_10566_PYE	CM049321.1	52288996.0	Simakov2022BCnS_genefamily_2298_PYE	CM049318.1	39985534.0	1	1	False			ok
Sipunculusnudus-6446-GCA026874595.2	Simakov2022BCnS_genefamily_12367	Simakov2022BCnS_genefamily_6459	4324196.0	Simakov2022BCnS_genefamily_12367_HVU	CM049308.1	17815778.0	Simakov2022BCnS_genefamily_6459_PYE	CM049311.1	53631996.0	1	1	False			ok
