sample	fam1	fam2	fam1_gene	fam1_scaf	fam1_pos	fam2_gene	fam2_scaf	fam2_pos	n_fam1_paralogs	n_fam2_paralogs	same_scaf	computed_distance_bp	note
Erpobdellaoctoculata-39305-GCA963978895.1	Simakov2022BCnS_genefamily_1207	Simakov2022BCnS_genefamily_3673	Simakov2022BCnS_genefamily_1207_PYE	OZ022239.1	50707783.0	Simakov2022BCnS_genefamily_3673_PYE	OZ022239.1	30628321.0	1	1	True	20079462	ok
Erpobdellaoctoculata-39305-GCA963978895.1	Simakov2022BCnS_genefamily_5552	Simakov2022BCnS_genefamily_9400	Simakov2022BCnS_genefamily_5552_PYE	OZ022243.1	36349640.0	Simakov2022BCnS_genefamily_9400_RES	OZ022243.1	10693102.0	1	1	True	25656538	ok
Erpobdellaoctoculata-39305-GCA963978895.1	Simakov2022BCnS_genefamily_4002	Simakov2022BCnS_genefamily_5512	Simakov2022BCnS_genefamily_4002_RES	OZ022239.1	1683055.0	Simakov2022BCnS_genefamily_5512_PYE	OZ022243.1	26289990.0	1	1	False		ok
Erpobdellaoctoculata-39305-GCA963978895.1	Simakov2022BCnS_genefamily_11504	Simakov2022BCnS_genefamily_6381	Simakov2022BCnS_genefamily_11504_PYE	OZ022238.1	41664369.0	Simakov2022BCnS_genefamily_6381_PYE	OZ022238.1	52178417.0	1	1	True	10514048	ok
Whitmaniaacranulata-1329092-GCA041381225.1	Simakov2022BCnS_genefamily_5302	Simakov2022BCnS_genefamily_7020	Simakov2022BCnS_genefamily_5302_PYE	CM084257.1	8988902.0	Simakov2022BCnS_genefamily_7020_HVU	CM084254.1	16540770.0	1	1	False		ok
Whitmaniaacranulata-1329092-GCA041381225.1	Simakov2022BCnS_genefamily_11875	Simakov2022BCnS_genefamily_4649	Simakov2022BCnS_genefamily_11875_PYE	CM084255.1	1814542.0	Simakov2022BCnS_genefamily_4649_HVU	CM084261.1	6275742.0	1	1	False		ok
Whitmaniaacranulata-1329092-GCA041381225.1	Simakov2022BCnS_genefamily_2731	Simakov2022BCnS_genefamily_5959	Simakov2022BCnS_genefamily_2731_HVU	CM084261.1	7031756.0	Simakov2022BCnS_genefamily_5959_PYE	CM084259.1	8059002.0	1	1	False		ok
Whitmaniaacranulata-1329092-GCA041381225.1	Simakov2022BCnS_genefamily_6918	Simakov2022BCnS_genefamily_9438	Simakov2022BCnS_genefamily_6918_PYE	CM084260.1	3400055.0	Simakov2022BCnS_genefamily_9438_PYE	CM084257.1	15147369.0	1	1	False		ok
Whitmanialaevis-307844-GCA041381185.1	Simakov2022BCnS_genefamily_11875	Simakov2022BCnS_genefamily_4649	Simakov2022BCnS_genefamily_11875_RES	CM084290.1	5161641.0	Simakov2022BCnS_genefamily_4649_RES	CM084289.1	7405048.0	1	1	False		ok
Whitmaniapigra-486152-GCA041430665.1	Simakov2022BCnS_genefamily_11875	Simakov2022BCnS_genefamily_4649	Simakov2022BCnS_genefamily_11875_EMU	CM084498.1	3841181.0	Simakov2022BCnS_genefamily_4649_RES	CM084499.1	6938769.0	1	1	False		ok
Whitmaniapigra-486152-GCA041430665.1	Simakov2022BCnS_genefamily_5778	Simakov2022BCnS_genefamily_969	Simakov2022BCnS_genefamily_5778_PYE	CM084490.1	4422954.0	Simakov2022BCnS_genefamily_969_PYE	CM084494.1	8303487.0	1	1	False		ok
Hirudinariamanillensis-1348078-GCA034509925.1	Simakov2022BCnS_genefamily_12875	Simakov2022BCnS_genefamily_3486	Simakov2022BCnS_genefamily_12875_PYE	CM067531.1	7119145.0	Simakov2022BCnS_genefamily_3486_PYE	CM067537.1	5433390.0	1	1	False		ok
Hirudinariamanillensis-1348078-GCA034509925.1	Simakov2022BCnS_genefamily_11875	Simakov2022BCnS_genefamily_4649	Simakov2022BCnS_genefamily_11875_RES	CM067533.1	4748780.0	Simakov2022BCnS_genefamily_4649_RES	CM067532.1	5475955.0	1	1	False		ok
Hirudotianjinensis-2870509-GCA040113125.1	Simakov2022BCnS_genefamily_2901	Simakov2022BCnS_genefamily_5529							0	1			fam1 missing from RBH
Hirudotianjinensis-2870509-GCA040113125.1	Simakov2022BCnS_genefamily_2086	Simakov2022BCnS_genefamily_7120							1	0			fam2 missing from RBH
Hirudotianjinensis-2870509-GCA040113125.1	Simakov2022BCnS_genefamily_11875	Simakov2022BCnS_genefamily_4649	Simakov2022BCnS_genefamily_11875_PYE	CM079104.1	7029489.0	Simakov2022BCnS_genefamily_4649_RES	CM079105.1	2956956.0	1	1	False		ok
Hirudoverbana-311461-GCA965178065.1	Simakov2022BCnS_genefamily_1673	Simakov2022BCnS_genefamily_5178	Simakov2022BCnS_genefamily_1673_PYE	OZ237791.1	2393846.0	Simakov2022BCnS_genefamily_5178_HVU	OZ237788.1	9352553.0	1	1	False		ok
Metaphirevulgaris-1196096-GCA018105865.1	Simakov2022BCnS_genefamily_12477	Simakov2022BCnS_genefamily_7154	Simakov2022BCnS_genefamily_12477_PYE	CM030855.1	5284990.0	Simakov2022BCnS_genefamily_7154_PYE	CM030842.1	13613408.0	1	1	False		ok
Metaphirevulgaris-1196096-GCA018105865.1	Simakov2022BCnS_genefamily_11515	Simakov2022BCnS_genefamily_3762	Simakov2022BCnS_genefamily_11515_PYE	CM030864.1	9960892.0	Simakov2022BCnS_genefamily_3762_PYE	CM030857.1	5565636.0	1	1	False		ok
Metaphirevulgaris-1196096-GCA018105865.1	Simakov2022BCnS_genefamily_2066	Simakov2022BCnS_genefamily_2408	Simakov2022BCnS_genefamily_2066_PYE	CM030832.1	16987982.0	Simakov2022BCnS_genefamily_2408_EMU	CM030836.1	6326472.0	1	1	False		ok
Metaphirevulgaris-1196096-GCA018105865.1	Simakov2022BCnS_genefamily_12335	Simakov2022BCnS_genefamily_5115	Simakov2022BCnS_genefamily_12335_PYE	CM030833.1	16459284.0	Simakov2022BCnS_genefamily_5115_PYE	CM030840.1	17203923.0	1	1	False		ok
Ailoscolexlacteospumosus-1046305-GCA965183755.1	Simakov2022BCnS_genefamily_5778	Simakov2022BCnS_genefamily_969	Simakov2022BCnS_genefamily_5778_PYE	OZ238868.1	14396568.0	Simakov2022BCnS_genefamily_969_PYE	OZ238862.1	22083740.0	1	1	False		ok
Ailoscolexlacteospumosus-1046305-GCA965183755.1	Simakov2022BCnS_genefamily_12335	Simakov2022BCnS_genefamily_5115	Simakov2022BCnS_genefamily_12335_PYE	OZ238862.1	1191794.0	Simakov2022BCnS_genefamily_5115_PYE	OZ238875.1	16616725.0	1	1	False		ok
Ailoscolexlacteospumosus-1046305-GCA965183755.1	Simakov2022BCnS_genefamily_12477	Simakov2022BCnS_genefamily_7154	Simakov2022BCnS_genefamily_12477_PYE	OZ238863.1	33058769.0	Simakov2022BCnS_genefamily_7154_PYE	OZ238869.1	2470398.0	1	1	False		ok
Ailoscolexlacteospumosus-1046305-GCA965183755.1	Simakov2022BCnS_genefamily_12570	Simakov2022BCnS_genefamily_8832	Simakov2022BCnS_genefamily_12570_PYE	OZ238865.1	11465485.0	Simakov2022BCnS_genefamily_8832_PYE	OZ238864.1	2494463.0	1	1	False		ok
Ailoscolexlacteospumosus-1046305-GCA965183755.1	Simakov2022BCnS_genefamily_1179	Simakov2022BCnS_genefamily_4977	Simakov2022BCnS_genefamily_1179_PYE	OZ238875.1	6237579.0	Simakov2022BCnS_genefamily_4977_PYE	OZ238863.1	22921242.0	1	1	False		ok
Bimastosrubidus-2866284-GCA964330305.1	Simakov2022BCnS_genefamily_5778	Simakov2022BCnS_genefamily_969	Simakov2022BCnS_genefamily_5778_PYE	OZ201032.1	61336100.0	Simakov2022BCnS_genefamily_969_PYE	OZ201034.1	33727730.0	1	1	False		ok
Bimastosrubidus-2866284-GCA964330305.1	Simakov2022BCnS_genefamily_7176	Simakov2022BCnS_genefamily_9647	Simakov2022BCnS_genefamily_7176_PYE	OZ201035.1	54662008.0	Simakov2022BCnS_genefamily_9647_HVU	OZ201042.1	28305491.0	1	1	False		ok
Bimastosrubidus-2866284-GCA964330305.1	Simakov2022BCnS_genefamily_2060	Simakov2022BCnS_genefamily_5517	Simakov2022BCnS_genefamily_2060_PYE	OZ201040.1	36725162.0	Simakov2022BCnS_genefamily_5517_PYE	OZ201035.1	62769100.0	1	1	False		ok
Bimastosrubidus-2866284-GCA964330305.1	Simakov2022BCnS_genefamily_1673	Simakov2022BCnS_genefamily_5178	Simakov2022BCnS_genefamily_1673_PYE	OZ201046.1	7371849.0	Simakov2022BCnS_genefamily_5178_PYE	OZ201033.1	44324660.0	1	1	False		ok
Bimastosrubidus-2866284-GCA964330305.1	Simakov2022BCnS_genefamily_12477	Simakov2022BCnS_genefamily_7154	Simakov2022BCnS_genefamily_12477_PYE	OZ201037.1	4036861.0	Simakov2022BCnS_genefamily_7154_PYE	OZ201040.1	9735356.0	1	1	False		ok
Bimastosrubidus-2866284-GCA964330305.1	Simakov2022BCnS_genefamily_12570	Simakov2022BCnS_genefamily_8832	Simakov2022BCnS_genefamily_12570_PYE	OZ201042.1	17848501.0	Simakov2022BCnS_genefamily_8832_PYE	OZ201036.1	49519557.0	1	1	False		ok
Bimastosrubidus-2866284-GCA964330305.1	Simakov2022BCnS_genefamily_1179	Simakov2022BCnS_genefamily_4977	Simakov2022BCnS_genefamily_1179_PYE	OZ201048.1	20811792.0	Simakov2022BCnS_genefamily_4977_PYE	OZ201037.1	18600793.0	1	1	False		ok
Bimastoseiseni-320977-GCA959347315.1	Simakov2022BCnS_genefamily_5466	Simakov2022BCnS_genefamily_9652	Simakov2022BCnS_genefamily_5466_PYE	OY365806.1	63131142.0	Simakov2022BCnS_genefamily_9652_PYE	OY365807.1	46760857.0	1	1	False		ok
Bimastoseiseni-320977-GCA959347315.1	Simakov2022BCnS_genefamily_4783	Simakov2022BCnS_genefamily_645							0	1			fam1 missing from RBH
Bimastoseiseni-320977-GCA959347315.1	Simakov2022BCnS_genefamily_405	Simakov2022BCnS_genefamily_4783							1	0			fam2 missing from RBH
Bimastoseiseni-320977-GCA959347315.1	Simakov2022BCnS_genefamily_405	Simakov2022BCnS_genefamily_645	Simakov2022BCnS_genefamily_405_RES	OY365806.1	68799474.0	Simakov2022BCnS_genefamily_645_PYE	OY365811.1	28566284.0	1	1	False		ok
Bimastoseiseni-320977-GCA959347315.1	Simakov2022BCnS_genefamily_1418	Simakov2022BCnS_genefamily_7970	Simakov2022BCnS_genefamily_1418_PYE	OY365813.1	20300219.0	Simakov2022BCnS_genefamily_7970_PYE	OY365814.1	15818445.0	1	1	False		ok
Bimastoseiseni-320977-GCA959347315.1	Simakov2022BCnS_genefamily_2408	Simakov2022BCnS_genefamily_4000	Simakov2022BCnS_genefamily_2408_PYE	OY365822.1	1432375.0	Simakov2022BCnS_genefamily_4000_PYE	OY365807.1	41277321.0	1	1	False		ok
Bimastoseiseni-320977-GCA959347315.1	Simakov2022BCnS_genefamily_303	Simakov2022BCnS_genefamily_6233							1	0			fam2 missing from RBH
Bimastoseiseni-320977-GCA959347315.1	Simakov2022BCnS_genefamily_5552	Simakov2022BCnS_genefamily_6233							0	0			both families missing from RBH
Bimastoseiseni-320977-GCA959347315.1	Simakov2022BCnS_genefamily_12991	Simakov2022BCnS_genefamily_6233							1	0			fam2 missing from RBH
Bimastoseiseni-320977-GCA959347315.1	Simakov2022BCnS_genefamily_303	Simakov2022BCnS_genefamily_5552							1	0			fam2 missing from RBH
Bimastoseiseni-320977-GCA959347315.1	Simakov2022BCnS_genefamily_12991	Simakov2022BCnS_genefamily_303	Simakov2022BCnS_genefamily_12991_PYE	OY365809.1	491891.0	Simakov2022BCnS_genefamily_303_PYE	OY365821.1	19766424.0	1	1	False		ok
Bimastoseiseni-320977-GCA959347315.1	Simakov2022BCnS_genefamily_2343	Simakov2022BCnS_genefamily_7020							0	1			fam1 missing from RBH
Bimastoseiseni-320977-GCA959347315.1	Simakov2022BCnS_genefamily_12991	Simakov2022BCnS_genefamily_5552							1	0			fam2 missing from RBH
Bimastoseiseni-320977-GCA959347315.1	Simakov2022BCnS_genefamily_11713	Simakov2022BCnS_genefamily_5854							0	0			both families missing from RBH
Bimastoseiseni-320977-GCA959347315.1	Simakov2022BCnS_genefamily_5959	Simakov2022BCnS_genefamily_8285	Simakov2022BCnS_genefamily_5959_PYE	OY365820.1	3572029.0	Simakov2022BCnS_genefamily_8285_PYE	OY365822.1	2092022.0	1	1	False		ok
Bimastoseiseni-320977-GCA959347315.1	Simakov2022BCnS_genefamily_8995	Simakov2022BCnS_genefamily_980							0	1			fam1 missing from RBH
Bimastoseiseni-320977-GCA959347315.1	Simakov2022BCnS_genefamily_5395	Simakov2022BCnS_genefamily_6415	Simakov2022BCnS_genefamily_5395_PYE	OY365809.1	20035270.0	Simakov2022BCnS_genefamily_6415_PYE	OY365809.1	43737036.0	1	1	True	23701766	ok
Bimastoseiseni-320977-GCA959347315.1	Simakov2022BCnS_genefamily_6364	Simakov2022BCnS_genefamily_6415	Simakov2022BCnS_genefamily_6364_PYE	OY365806.1	4909581.0	Simakov2022BCnS_genefamily_6415_PYE	OY365809.1	43737036.0	1	1	False		ok
Bimastoseiseni-320977-GCA959347315.1	Simakov2022BCnS_genefamily_5395	Simakov2022BCnS_genefamily_6364	Simakov2022BCnS_genefamily_5395_PYE	OY365809.1	20035270.0	Simakov2022BCnS_genefamily_6364_PYE	OY365806.1	4909581.0	1	1	False		ok
Ophelianeglecta-195260-GCA965285935.1	Simakov2022BCnS_genefamily_405	Simakov2022BCnS_genefamily_4783	Simakov2022BCnS_genefamily_405_PYE	OZ260664.1	80661838.0	Simakov2022BCnS_genefamily_4783_EMU	OZ260663.1	69201569.0	1	1	False		ok
Ophelianeglecta-195260-GCA965285935.1	Simakov2022BCnS_genefamily_393	Simakov2022BCnS_genefamily_645	Simakov2022BCnS_genefamily_393_PYE	OZ260662.1	46384988.0	Simakov2022BCnS_genefamily_645_PYE	OZ260667.1	19258206.0	1	1	False		ok
Ophelianeglecta-195260-GCA965285935.1	Simakov2022BCnS_genefamily_5062	Simakov2022BCnS_genefamily_821	Simakov2022BCnS_genefamily_5062_PYE	OZ260663.1	43873091.0	Simakov2022BCnS_genefamily_821_PYE	OZ260665.1	27311985.0	1	1	False		ok
Ophelianeglecta-195260-GCA965285935.1	Simakov2022BCnS_genefamily_1418	Simakov2022BCnS_genefamily_7970	Simakov2022BCnS_genefamily_1418_HVU	OZ260665.1	44888520.0	Simakov2022BCnS_genefamily_7970_PYE	OZ260666.1	41457481.0	1	1	False		ok
Ophelianeglecta-195260-GCA965285935.1	Simakov2022BCnS_genefamily_3203	Simakov2022BCnS_genefamily_7020	Simakov2022BCnS_genefamily_3203_PYE	OZ260661.1	121256229.0	Simakov2022BCnS_genefamily_7020_HVU	OZ260666.1	61603937.0	1	1	False		ok
Ophelianeglecta-195260-GCA965285935.1	Simakov2022BCnS_genefamily_11713	Simakov2022BCnS_genefamily_5854							0	1			fam1 missing from RBH
Ophelianeglecta-195260-GCA965285935.1	Simakov2022BCnS_genefamily_11713	Simakov2022BCnS_genefamily_3259							0	1			fam1 missing from RBH
Ophelianeglecta-195260-GCA965285935.1	Simakov2022BCnS_genefamily_3259	Simakov2022BCnS_genefamily_5854	Simakov2022BCnS_genefamily_3259_PYE	OZ260661.1	44870416.0	Simakov2022BCnS_genefamily_5854_HVU	OZ260662.1	103647113.0	1	1	False		ok
Ophelianeglecta-195260-GCA965285935.1	Simakov2022BCnS_genefamily_12937	Simakov2022BCnS_genefamily_7985							0	1			fam1 missing from RBH
Ophelianeglecta-195260-GCA965285935.1	Simakov2022BCnS_genefamily_12431	Simakov2022BCnS_genefamily_7985	Simakov2022BCnS_genefamily_12431_PYE	OZ260661.1	124168937.0	Simakov2022BCnS_genefamily_7985_PYE	OZ260665.1	9916606.0	1	1	False		ok
Ophelianeglecta-195260-GCA965285935.1	Simakov2022BCnS_genefamily_12431	Simakov2022BCnS_genefamily_12937							1	0			fam2 missing from RBH
Ophelianeglecta-195260-GCA965285935.1	Simakov2022BCnS_genefamily_3071	Simakov2022BCnS_genefamily_8462	Simakov2022BCnS_genefamily_3071_PYE	OZ260666.1	9061629.0	Simakov2022BCnS_genefamily_8462_PYE	OZ260664.1	93344916.0	1	1	False		ok
Arenicolamarina-6344-GCA964019135.1	Simakov2022BCnS_genefamily_1023	Simakov2022BCnS_genefamily_9607	Simakov2022BCnS_genefamily_1023_RES	OZ025256.1	14630828.0	Simakov2022BCnS_genefamily_9607_HVU	OZ025248.1	57454379.0	1	1	False		ok
Arenicolamarina-6344-GCA964019135.1	Simakov2022BCnS_genefamily_303	Simakov2022BCnS_genefamily_6233							1	0			fam2 missing from RBH
Arenicolamarina-6344-GCA964019135.1	Simakov2022BCnS_genefamily_5552	Simakov2022BCnS_genefamily_6233							0	0			both families missing from RBH
Arenicolamarina-6344-GCA964019135.1	Simakov2022BCnS_genefamily_11000	Simakov2022BCnS_genefamily_6233							1	0			fam2 missing from RBH
Arenicolamarina-6344-GCA964019135.1	Simakov2022BCnS_genefamily_6233	Simakov2022BCnS_genefamily_7974							0	0			both families missing from RBH
Arenicolamarina-6344-GCA964019135.1	Simakov2022BCnS_genefamily_303	Simakov2022BCnS_genefamily_5552							1	0			fam2 missing from RBH
Arenicolamarina-6344-GCA964019135.1	Simakov2022BCnS_genefamily_11000	Simakov2022BCnS_genefamily_303	Simakov2022BCnS_genefamily_11000_RES	OZ025257.1	11097038.0	Simakov2022BCnS_genefamily_303_PYE	OZ025251.1	31346067.0	1	1	False		ok
Arenicolamarina-6344-GCA964019135.1	Simakov2022BCnS_genefamily_303	Simakov2022BCnS_genefamily_7974							1	0			fam2 missing from RBH
Arenicolamarina-6344-GCA964019135.1	Simakov2022BCnS_genefamily_11000	Simakov2022BCnS_genefamily_5552							1	0			fam2 missing from RBH
Arenicolamarina-6344-GCA964019135.1	Simakov2022BCnS_genefamily_5552	Simakov2022BCnS_genefamily_7974							0	0			both families missing from RBH
Arenicolamarina-6344-GCA964019135.1	Simakov2022BCnS_genefamily_3203	Simakov2022BCnS_genefamily_7020	Simakov2022BCnS_genefamily_3203_PYE	OZ025248.1	13564939.0	Simakov2022BCnS_genefamily_7020_HVU	OZ025264.1	24111350.0	1	1	False		ok
Arenicolamarina-6344-GCA964019135.1	Simakov2022BCnS_genefamily_11000	Simakov2022BCnS_genefamily_7974							1	0			fam2 missing from RBH
Arenicolamarina-6344-GCA964019135.1	Simakov2022BCnS_genefamily_8995	Simakov2022BCnS_genefamily_980							0	1			fam1 missing from RBH
Arenicolamarina-6344-GCA964019135.1	Simakov2022BCnS_genefamily_1418	Simakov2022BCnS_genefamily_7970	Simakov2022BCnS_genefamily_1418_PYE	OZ025251.1	35986961.0	Simakov2022BCnS_genefamily_7970_PYE	OZ025261.1	11422997.0	1	1	False		ok
Arenicolamarina-6344-GCA964019135.1	Simakov2022BCnS_genefamily_4783	Simakov2022BCnS_genefamily_645							0	1			fam1 missing from RBH
Arenicolamarina-6344-GCA964019135.1	Simakov2022BCnS_genefamily_393	Simakov2022BCnS_genefamily_645	Simakov2022BCnS_genefamily_393_PYE	OZ025264.1	29950518.0	Simakov2022BCnS_genefamily_645_PYE	OZ025258.1	701240.0	1	1	False		ok
Arenicolamarina-6344-GCA964019135.1	Simakov2022BCnS_genefamily_405	Simakov2022BCnS_genefamily_645	Simakov2022BCnS_genefamily_405_PYE	OZ025260.1	14097052.0	Simakov2022BCnS_genefamily_645_PYE	OZ025258.1	701240.0	1	1	False		ok
Arenicolamarina-6344-GCA964019135.1	Simakov2022BCnS_genefamily_2996	Simakov2022BCnS_genefamily_558							0	1			fam1 missing from RBH
Arenicolamarina-6344-GCA964019135.1	Simakov2022BCnS_genefamily_393	Simakov2022BCnS_genefamily_4783							1	0			fam2 missing from RBH
Arenicolamarina-6344-GCA964019135.1	Simakov2022BCnS_genefamily_405	Simakov2022BCnS_genefamily_4783							1	0			fam2 missing from RBH
Arenicolamarina-6344-GCA964019135.1	Simakov2022BCnS_genefamily_393	Simakov2022BCnS_genefamily_405	Simakov2022BCnS_genefamily_393_PYE	OZ025264.1	29950518.0	Simakov2022BCnS_genefamily_405_PYE	OZ025260.1	14097052.0	1	1	False		ok
Arenicolamarina-6344-GCA964019135.1	Simakov2022BCnS_genefamily_5466	Simakov2022BCnS_genefamily_9652	Simakov2022BCnS_genefamily_5466_PYE	OZ025254.1	7182132.0	Simakov2022BCnS_genefamily_9652_PYE	OZ025248.1	31491888.0	1	1	False		ok
Arenicolamarina-6344-GCA964019135.1	Simakov2022BCnS_genefamily_2408	Simakov2022BCnS_genefamily_4000	Simakov2022BCnS_genefamily_2408_PYE	OZ025255.1	19434432.0	Simakov2022BCnS_genefamily_4000_PYE	OZ025262.1	1475207.0	1	1	False		ok
Arenicolamarina-6344-GCA964019135.1	Simakov2022BCnS_genefamily_12412	Simakov2022BCnS_genefamily_12449	Simakov2022BCnS_genefamily_12412_PYE	OZ025252.1	37603113.0	Simakov2022BCnS_genefamily_12449_PYE	OZ025248.1	67630899.0	1	1	False		ok
Arenicolamarina-6344-GCA964019135.1	Simakov2022BCnS_genefamily_3642	Simakov2022BCnS_genefamily_391							1	0			fam2 missing from RBH
Arenicolamarina-6344-GCA964019135.1	Simakov2022BCnS_genefamily_9053	Simakov2022BCnS_genefamily_9093	Simakov2022BCnS_genefamily_9053_PYE	OZ025249.1	58647011.0	Simakov2022BCnS_genefamily_9093_PYE	OZ025251.1	32938189.0	1	1	False		ok
Arenicolamarina-6344-GCA964019135.1	Simakov2022BCnS_genefamily_11713	Simakov2022BCnS_genefamily_5854							1	0			fam2 missing from RBH
Arenicolamarina-6344-GCA964019135.1	Simakov2022BCnS_genefamily_10379	Simakov2022BCnS_genefamily_6449	Simakov2022BCnS_genefamily_10379_PYE	OZ025262.1	21885670.0	Simakov2022BCnS_genefamily_6449_PYE	OZ025251.1	36957292.0	1	1	False		ok
Arenicolamarina-6344-GCA964019135.1	Simakov2022BCnS_genefamily_11159	Simakov2022BCnS_genefamily_6201	Simakov2022BCnS_genefamily_11159_PYE	OZ025264.1	2243842.0	Simakov2022BCnS_genefamily_6201_RES	OZ025264.1	28439030.0	1	1	True	26195188	ok
Arenicolamarina-6344-GCA964019135.1	Simakov2022BCnS_genefamily_11364	Simakov2022BCnS_genefamily_2120	Simakov2022BCnS_genefamily_11364_EMU	OZ025262.1	4745632.0	Simakov2022BCnS_genefamily_2120_PYE	OZ025248.1	35000630.0	1	1	False		ok
Arenicolamarina-6344-GCA964019135.1	Simakov2022BCnS_genefamily_7981	Simakov2022BCnS_genefamily_8285	Simakov2022BCnS_genefamily_7981_PYE	OZ025248.1	32045991.0	Simakov2022BCnS_genefamily_8285_PYE	OZ025250.1	55855437.0	1	1	False		ok
Arenicolamarina-6344-GCA964019135.1	Simakov2022BCnS_genefamily_10122	Simakov2022BCnS_genefamily_12266	Simakov2022BCnS_genefamily_10122_PYE	OZ025252.1	13072395.0	Simakov2022BCnS_genefamily_12266_PYE	OZ025258.1	1713867.0	1	1	False		ok
Magelonajohnstoni-1436028-GCA963942565.1	Simakov2022BCnS_genefamily_6918	Simakov2022BCnS_genefamily_9438	Simakov2022BCnS_genefamily_6918_PYE	OZ012687.1	27630744.0	Simakov2022BCnS_genefamily_9438_PYE	OZ012687.1	39443091.0	1	1	True	11812347	ok
Streblospiobenedicti-95538-GCA019095985.1	Simakov2022BCnS_genefamily_2576	Simakov2022BCnS_genefamily_8519	Simakov2022BCnS_genefamily_2576_PYE	CM032660.1	17402903.0	Simakov2022BCnS_genefamily_8519_PYE	CM032660.1	53084677.0	1	1	True	35681774	ok
Paraescarpiaechinospica-2080241-GCA020002185.1	Simakov2022BCnS_genefamily_6918	Simakov2022BCnS_genefamily_9438	Simakov2022BCnS_genefamily_6918_PYE	CM034531.1	21231161.0	Simakov2022BCnS_genefamily_9438_PYE	CM034531.1	34586563.0	1	1	True	13355402	ok
Siboglinumfiordicum-27908-GCA965260885.1	Simakov2022BCnS_genefamily_6918	Simakov2022BCnS_genefamily_9438	Simakov2022BCnS_genefamily_6918_PYE	OZ253320.1	170869302.0	Simakov2022BCnS_genefamily_9438_PYE	OZ253320.1	170869311.0	1	1	True	9	ok
Escarpiaspicata-53617-GCA963995525.1	Simakov2022BCnS_genefamily_6918	Simakov2022BCnS_genefamily_9438	Simakov2022BCnS_genefamily_6918_PYE	OZ023214.1	26691694.0	Simakov2022BCnS_genefamily_9438_PYE	OZ023205.1	30807406.0	1	1	False		ok
Osedaxfenrisi-2741452-GCA964019155.1	Simakov2022BCnS_genefamily_11524	Simakov2022BCnS_genefamily_11651	Simakov2022BCnS_genefamily_11524_RES	OZ025239.1	47911360.0	Simakov2022BCnS_genefamily_11651_EMU	OZ025239.1	68161059.0	1	1	True	20249699	ok
Oasisiasp-611778-GCA964017155.1	Simakov2022BCnS_genefamily_10268	Simakov2022BCnS_genefamily_6793	Simakov2022BCnS_genefamily_10268_PYE	OZ024862.1	8950599.0	Simakov2022BCnS_genefamily_6793_PYE	OZ024864.1	12685553.0	1	1	False		ok
Lamellibrachiabarhami-53613-GCA965112235.1	Simakov2022BCnS_genefamily_3889	Simakov2022BCnS_genefamily_7376	Simakov2022BCnS_genefamily_3889_PYE	OZ218094.1	30734750.0	Simakov2022BCnS_genefamily_7376_RES	OZ218092.1	5254779.0	1	1	False		ok
Lamellibrachiabarhami-53613-GCA965112235.1	Simakov2022BCnS_genefamily_11875	Simakov2022BCnS_genefamily_4649	Simakov2022BCnS_genefamily_11875_PYE	OZ218082.1	34707339.0	Simakov2022BCnS_genefamily_4649_PYE	OZ218083.1	48046173.0	1	1	False		ok
Lamellibrachiacolumna-53616-GCA963662155.1	Simakov2022BCnS_genefamily_11875	Simakov2022BCnS_genefamily_4649	Simakov2022BCnS_genefamily_11875_PYE	OY759262.1	42806991.0	Simakov2022BCnS_genefamily_4649_PYE	OY759265.1	5980396.0	1	1	False		ok
Marifugiacavatica-488418-GCA964291435.1	Simakov2022BCnS_genefamily_6746	Simakov2022BCnS_genefamily_7695	Simakov2022BCnS_genefamily_6746_PYE	OZ197792.1	58773580.0	Simakov2022BCnS_genefamily_7695_PYE	OZ197791.1	17791887.0	1	1	False		ok
Protulasp-2886755-GCA949752745.1	Simakov2022BCnS_genefamily_2731	Simakov2022BCnS_genefamily_5959	Simakov2022BCnS_genefamily_2731_PYE	OX457025.1	34633755.0	Simakov2022BCnS_genefamily_5959_PYE	OX457027.1	80660460.0	1	1	False		ok
Perkinsianarubra-3269394-GCA965742485.1	Simakov2022BCnS_genefamily_5778	Simakov2022BCnS_genefamily_969	Simakov2022BCnS_genefamily_5778_RES	OZ297656.1	117801848.0	Simakov2022BCnS_genefamily_969_PYE	OZ297656.1	117801860.0	1	1	True	12	ok
Perkinsianarubra-3269394-GCA965742485.1	Simakov2022BCnS_genefamily_2408	Simakov2022BCnS_genefamily_6866	Simakov2022BCnS_genefamily_2408_PYE	OZ297652.1	129148559.0	Simakov2022BCnS_genefamily_6866_PYE	OZ297653.1	12718606.0	1	1	False		ok
Sabellaspallanzanii-85702-GCA964340945.1	Simakov2022BCnS_genefamily_6918	Simakov2022BCnS_genefamily_9438	Simakov2022BCnS_genefamily_6918_PYE	OZ204548.1	32748625.0	Simakov2022BCnS_genefamily_9438_PYE	OZ204548.1	98557442.0	1	1	True	65808817	ok
Sabellastartesp-2886754-GCA964017235.1	Simakov2022BCnS_genefamily_2287	Simakov2022BCnS_genefamily_3514	Simakov2022BCnS_genefamily_2287_PYE	OZ024934.1	44142468.0	Simakov2022BCnS_genefamily_3514_PYE	OZ024935.1	61516258.0	1	1	False		ok
Sabellastartesp-2886754-GCA964017235.1	Simakov2022BCnS_genefamily_6918	Simakov2022BCnS_genefamily_9438	Simakov2022BCnS_genefamily_6918_PYE	OZ024930.1	43687145.0	Simakov2022BCnS_genefamily_9438_PYE	OZ024930.1	2179957.0	1	1	True	41507188	ok
Bispirapolyomma-2930579-GCA965649765.1	Simakov2022BCnS_genefamily_12367	Simakov2022BCnS_genefamily_804	Simakov2022BCnS_genefamily_12367_HVU	OZ287749.1	96901326.0	Simakov2022BCnS_genefamily_804_PYE	OZ287749.1	96897764.0	1	1	True	3562	ok
Flabesymbioscommensalis-996417-GCA964017125.1	Simakov2022BCnS_genefamily_12255	Simakov2022BCnS_genefamily_7981	Simakov2022BCnS_genefamily_12255_PYE	OZ024903.1	31453573.0	Simakov2022BCnS_genefamily_7981_PYE	OZ024911.1	83067774.0	1	1	False		ok
Flabesymbioscommensalis-996417-GCA964017125.1	Simakov2022BCnS_genefamily_10555	Simakov2022BCnS_genefamily_4077	Simakov2022BCnS_genefamily_10555_PYE	OZ024913.1	14746480.0	Simakov2022BCnS_genefamily_4077_PYE	OZ024918.1	58052957.0	1	1	False		ok
Terebellalapidaria-1131437-GCA949152475.1	Simakov2022BCnS_genefamily_11749	Simakov2022BCnS_genefamily_3259	Simakov2022BCnS_genefamily_11749_PYE	OX424569.1	25719348.0	Simakov2022BCnS_genefamily_3259_PYE	OX424555.1	59393434.0	1	1	False		ok
Terebellalapidaria-1131437-GCA949152475.1	Simakov2022BCnS_genefamily_10326	Simakov2022BCnS_genefamily_5552							0	0			both families missing from RBH
Terebellalapidaria-1131437-GCA949152475.1	Simakov2022BCnS_genefamily_10532	Simakov2022BCnS_genefamily_8311	Simakov2022BCnS_genefamily_10532_PYE	OX424562.1	41506276.0	Simakov2022BCnS_genefamily_8311_PYE	OX424559.1	26071933.0	1	1	False		ok
Terebellalapidaria-1131437-GCA949152475.1	Simakov2022BCnS_genefamily_3673	Simakov2022BCnS_genefamily_8311	Simakov2022BCnS_genefamily_3673_PYE	OX424555.1	7644175.0	Simakov2022BCnS_genefamily_8311_PYE	OX424559.1	26071933.0	1	1	False		ok
Terebellalapidaria-1131437-GCA949152475.1	Simakov2022BCnS_genefamily_6415	Simakov2022BCnS_genefamily_8311	Simakov2022BCnS_genefamily_6415_PYE	OX424555.1	38861590.0	Simakov2022BCnS_genefamily_8311_PYE	OX424559.1	26071933.0	1	1	False		ok
Terebellalapidaria-1131437-GCA949152475.1	Simakov2022BCnS_genefamily_5395	Simakov2022BCnS_genefamily_8311	Simakov2022BCnS_genefamily_5395_PYE	OX424570.1	28367564.0	Simakov2022BCnS_genefamily_8311_PYE	OX424559.1	26071933.0	1	1	False		ok
Terebellalapidaria-1131437-GCA949152475.1	Simakov2022BCnS_genefamily_10532	Simakov2022BCnS_genefamily_3673	Simakov2022BCnS_genefamily_10532_PYE	OX424562.1	41506276.0	Simakov2022BCnS_genefamily_3673_PYE	OX424555.1	7644175.0	1	1	False		ok
Terebellalapidaria-1131437-GCA949152475.1	Simakov2022BCnS_genefamily_10532	Simakov2022BCnS_genefamily_6415	Simakov2022BCnS_genefamily_10532_PYE	OX424562.1	41506276.0	Simakov2022BCnS_genefamily_6415_PYE	OX424555.1	38861590.0	1	1	False		ok
Terebellalapidaria-1131437-GCA949152475.1	Simakov2022BCnS_genefamily_10532	Simakov2022BCnS_genefamily_5395	Simakov2022BCnS_genefamily_10532_PYE	OX424562.1	41506276.0	Simakov2022BCnS_genefamily_5395_PYE	OX424570.1	28367564.0	1	1	False		ok
Terebellalapidaria-1131437-GCA949152475.1	Simakov2022BCnS_genefamily_3673	Simakov2022BCnS_genefamily_6415	Simakov2022BCnS_genefamily_3673_PYE	OX424555.1	7644175.0	Simakov2022BCnS_genefamily_6415_PYE	OX424555.1	38861590.0	1	1	True	31217415	ok
Terebellalapidaria-1131437-GCA949152475.1	Simakov2022BCnS_genefamily_3673	Simakov2022BCnS_genefamily_5395	Simakov2022BCnS_genefamily_3673_PYE	OX424555.1	7644175.0	Simakov2022BCnS_genefamily_5395_PYE	OX424570.1	28367564.0	1	1	False		ok
Terebellalapidaria-1131437-GCA949152475.1	Simakov2022BCnS_genefamily_5395	Simakov2022BCnS_genefamily_6415	Simakov2022BCnS_genefamily_5395_PYE	OX424570.1	28367564.0	Simakov2022BCnS_genefamily_6415_PYE	OX424555.1	38861590.0	1	1	False		ok
Terebellalapidaria-1131437-GCA949152475.1	Simakov2022BCnS_genefamily_2413	Simakov2022BCnS_genefamily_7974							1	0			fam2 missing from RBH
Terebellalapidaria-1131437-GCA949152475.1	Simakov2022BCnS_genefamily_2295	Simakov2022BCnS_genefamily_9005	Simakov2022BCnS_genefamily_2295_PYE	OX424555.1	30943834.0	Simakov2022BCnS_genefamily_9005_PYE	OX424564.1	8414336.0	1	1	False		ok
Terebellalapidaria-1131437-GCA949152475.1	Simakov2022BCnS_genefamily_11504	Simakov2022BCnS_genefamily_6381	Simakov2022BCnS_genefamily_11504_PYE	OX424570.1	9474211.0	Simakov2022BCnS_genefamily_6381_PYE	OX424560.1	41912554.0	1	1	False		ok
Euthalenessaoculata-3264069-GCA965113345.1	Simakov2022BCnS_genefamily_2060	Simakov2022BCnS_genefamily_5517	Simakov2022BCnS_genefamily_2060_PYE	OZ220385.1	90046771.0	Simakov2022BCnS_genefamily_5517_PYE	OZ220392.1	64647586.0	1	1	False		ok
Euthalenessaoculata-3264069-GCA965113345.1	Simakov2022BCnS_genefamily_5302	Simakov2022BCnS_genefamily_6586	Simakov2022BCnS_genefamily_5302_HVU	OZ220392.1	36346833.0	Simakov2022BCnS_genefamily_6586_PYE	OZ220395.1	15797461.0	1	1	False		ok
Euthalenessaoculata-3264069-GCA965113345.1	Simakov2022BCnS_genefamily_6918	Simakov2022BCnS_genefamily_9438	Simakov2022BCnS_genefamily_6918_PYE	OZ220386.1	104474973.0	Simakov2022BCnS_genefamily_9438_PYE	OZ220386.1	24446388.0	1	1	True	80028585	ok
Sthenelaislimicola-1210413-GCA942159475.1	Simakov2022BCnS_genefamily_5302	Simakov2022BCnS_genefamily_6586	Simakov2022BCnS_genefamily_5302_PYE	OW804094.1	128994862.0	Simakov2022BCnS_genefamily_6586_PYE	OW804100.1	42554565.0	1	1	False		ok
Sthenelaislimicola-1210413-GCA942159475.1	Simakov2022BCnS_genefamily_6918	Simakov2022BCnS_genefamily_9438	Simakov2022BCnS_genefamily_6918_PYE	OW804099.1	37918267.0	Simakov2022BCnS_genefamily_9438_PYE	OW804099.1	77244711.0	1	1	True	39326444	ok
Sthenelaislimicola-1210413-GCA942159475.1	Simakov2022BCnS_genefamily_1831	Simakov2022BCnS_genefamily_4465	Simakov2022BCnS_genefamily_1831_PYE	OW804095.1	65661447.0	Simakov2022BCnS_genefamily_4465_PYE	OW804098.1	27509738.0	1	1	False		ok
Amphidurospacificus-1209993-GCA949316495.1	Simakov2022BCnS_genefamily_6746	Simakov2022BCnS_genefamily_7695	Simakov2022BCnS_genefamily_6746_PYE	OX439003.1	18103899.0	Simakov2022BCnS_genefamily_7695_PYE	OX439005.1	21296482.0	1	1	False		ok
Amphidurospacificus-1209993-GCA949316495.1	Simakov2022BCnS_genefamily_6918	Simakov2022BCnS_genefamily_9438	Simakov2022BCnS_genefamily_6918_PYE	OX439009.1	15470940.0	Simakov2022BCnS_genefamily_9438_PYE	OX439009.1	41035749.0	1	1	True	25564809	ok
Amphidurospacificus-1209993-GCA949316495.1	Simakov2022BCnS_genefamily_1831	Simakov2022BCnS_genefamily_4465	Simakov2022BCnS_genefamily_1831_PYE	OX439002.1	43216880.0	Simakov2022BCnS_genefamily_4465_PYE	OX439005.1	25108650.0	1	1	False		ok
Alittavirens-880429-GCA932294295.1	Simakov2022BCnS_genefamily_12570	Simakov2022BCnS_genefamily_8832	Simakov2022BCnS_genefamily_12570_PYE	OW028581.1	31638463.0	Simakov2022BCnS_genefamily_8832_PYE	OW028573.1	49176996.0	1	1	False		ok
Alittavirens-880429-GCA932294295.1	Simakov2022BCnS_genefamily_1831	Simakov2022BCnS_genefamily_4465	Simakov2022BCnS_genefamily_1831_PYE	OW028575.1	25374538.0	Simakov2022BCnS_genefamily_4465_PYE	OW028574.1	57074976.0	1	1	False		ok
Alittavirens-880429-GCA932294295.1	Simakov2022BCnS_genefamily_6746	Simakov2022BCnS_genefamily_7695	Simakov2022BCnS_genefamily_6746_PYE	OW028579.1	15215821.0	Simakov2022BCnS_genefamily_7695_PYE	OW028574.1	10791981.0	1	1	False		ok
Glyceratridactyla-104710-GCA965644265.1	Simakov2022BCnS_genefamily_11690	Simakov2022BCnS_genefamily_3203	Simakov2022BCnS_genefamily_11690_PYE	OZ286462.1	93039356.0	Simakov2022BCnS_genefamily_3203_PYE	OZ286465.1	106218054.0	1	1	False		ok
Glyceratridactyla-104710-GCA965644265.1	Simakov2022BCnS_genefamily_11690	Simakov2022BCnS_genefamily_7020	Simakov2022BCnS_genefamily_11690_PYE	OZ286462.1	93039356.0	Simakov2022BCnS_genefamily_7020_HVU	OZ286473.1	53236328.0	1	1	False		ok
Glyceratridactyla-104710-GCA965644265.1	Simakov2022BCnS_genefamily_12937	Simakov2022BCnS_genefamily_7985							0	1			fam1 missing from RBH
Glyceratridactyla-104710-GCA965644265.1	Simakov2022BCnS_genefamily_3203	Simakov2022BCnS_genefamily_7020	Simakov2022BCnS_genefamily_3203_PYE	OZ286465.1	106218054.0	Simakov2022BCnS_genefamily_7020_HVU	OZ286473.1	53236328.0	1	1	False		ok
Glyceratridactyla-104710-GCA965644265.1	Simakov2022BCnS_genefamily_132	Simakov2022BCnS_genefamily_1790	Simakov2022BCnS_genefamily_132_PYE	OZ286471.1	47180502.0	Simakov2022BCnS_genefamily_1790_PYE	OZ286465.1	67499674.0	1	1	False		ok
Glyceratridactyla-104710-GCA965644265.1	Simakov2022BCnS_genefamily_4386	Simakov2022BCnS_genefamily_5552	Simakov2022BCnS_genefamily_4386_HVU	OZ286464.1	87672090.0	Simakov2022BCnS_genefamily_5552_PYE	OZ286462.1	77197380.0	1	1	False		ok
Glyceratridactyla-104710-GCA965644265.1	Simakov2022BCnS_genefamily_2008	Simakov2022BCnS_genefamily_7455							0	1			fam1 missing from RBH
Glyceratridactyla-104710-GCA965644265.1	Simakov2022BCnS_genefamily_2778	Simakov2022BCnS_genefamily_9065	Simakov2022BCnS_genefamily_2778_RES	OZ286469.1	9073770.0	Simakov2022BCnS_genefamily_9065_PYE	OZ286469.1	9073066.0	1	1	True	704	ok
Glyceratridactyla-104710-GCA965644265.1	Simakov2022BCnS_genefamily_405	Simakov2022BCnS_genefamily_645	Simakov2022BCnS_genefamily_405_PYE	OZ286462.1	52643171.0	Simakov2022BCnS_genefamily_645_PYE	OZ286466.1	29129609.0	1	1	False		ok
Glyceratridactyla-104710-GCA965644265.1	Simakov2022BCnS_genefamily_12412	Simakov2022BCnS_genefamily_2208	Simakov2022BCnS_genefamily_12412_PYE	OZ286460.1	12246851.0	Simakov2022BCnS_genefamily_2208_PYE	OZ286471.1	27174899.0	1	1	False		ok
Glyceratridactyla-104710-GCA965644265.1	Simakov2022BCnS_genefamily_3463	Simakov2022BCnS_genefamily_9461	Simakov2022BCnS_genefamily_3463_PYE	OZ286460.1	50898824.0	Simakov2022BCnS_genefamily_9461_PYE	OZ286476.1	653791.0	1	1	False		ok
Glyceratridactyla-104710-GCA965644265.1	Simakov2022BCnS_genefamily_3642	Simakov2022BCnS_genefamily_391	Simakov2022BCnS_genefamily_3642_PYE	OZ286460.1	101830306.0	Simakov2022BCnS_genefamily_391_PYE	OZ286469.1	66270564.0	1	1	False		ok
Glyceratridactyla-104710-GCA965644265.1	Simakov2022BCnS_genefamily_1207	Simakov2022BCnS_genefamily_6364	Simakov2022BCnS_genefamily_1207_PYE	OZ286475.1	23342071.0	Simakov2022BCnS_genefamily_6364_PYE	OZ286460.1	36949189.0	1	1	False		ok
Glyceratridactyla-104710-GCA965644265.1	Simakov2022BCnS_genefamily_1207	Simakov2022BCnS_genefamily_5395	Simakov2022BCnS_genefamily_1207_PYE	OZ286475.1	23342071.0	Simakov2022BCnS_genefamily_5395_PYE	OZ286476.1	3391071.0	1	1	False		ok
Glyceratridactyla-104710-GCA965644265.1	Simakov2022BCnS_genefamily_1207	Simakov2022BCnS_genefamily_6415	Simakov2022BCnS_genefamily_1207_PYE	OZ286475.1	23342071.0	Simakov2022BCnS_genefamily_6415_PYE	OZ286461.1	112761703.0	1	1	False		ok
Glyceratridactyla-104710-GCA965644265.1	Simakov2022BCnS_genefamily_5395	Simakov2022BCnS_genefamily_6364	Simakov2022BCnS_genefamily_5395_PYE	OZ286476.1	3391071.0	Simakov2022BCnS_genefamily_6364_PYE	OZ286460.1	36949189.0	1	1	False		ok
Glyceratridactyla-104710-GCA965644265.1	Simakov2022BCnS_genefamily_6364	Simakov2022BCnS_genefamily_6415	Simakov2022BCnS_genefamily_6364_PYE	OZ286460.1	36949189.0	Simakov2022BCnS_genefamily_6415_PYE	OZ286461.1	112761703.0	1	1	False		ok
Glyceratridactyla-104710-GCA965644265.1	Simakov2022BCnS_genefamily_5395	Simakov2022BCnS_genefamily_6415	Simakov2022BCnS_genefamily_5395_PYE	OZ286476.1	3391071.0	Simakov2022BCnS_genefamily_6415_PYE	OZ286461.1	112761703.0	1	1	False		ok
Glycerafallax-1446102-GCA964657245.1	Simakov2022BCnS_genefamily_10366	Simakov2022BCnS_genefamily_9312	Simakov2022BCnS_genefamily_10366_PYE	OZ210876.1	121526039.0	Simakov2022BCnS_genefamily_9312_PYE	OZ210879.1	175405132.0	1	1	False		ok
Glycerafallax-1446102-GCA964657245.1	Simakov2022BCnS_genefamily_4286	Simakov2022BCnS_genefamily_7154	Simakov2022BCnS_genefamily_4286_PYE	OZ210867.1	75194077.0	Simakov2022BCnS_genefamily_7154_PYE	OZ210866.1	127997141.0	1	1	False		ok
Branchipolynoelongqiensis-2487007-GCA030323885.1	Simakov2022BCnS_genefamily_3114	Simakov2022BCnS_genefamily_3185	Simakov2022BCnS_genefamily_3114_PYE	CM059202.1	22207600.0	Simakov2022BCnS_genefamily_3185_PYE	CM059202.1	30831510.0	1	1	True	8623910	ok
Branchipolynoelongqiensis-2487007-GCA030323885.1	Simakov2022BCnS_genefamily_2008	Simakov2022BCnS_genefamily_7455	Simakov2022BCnS_genefamily_2008_PYE	CM059187.1	43553702.0	Simakov2022BCnS_genefamily_7455_RES	CM059187.1	43556824.0	1	1	True	3122	ok
Branchipolynoelongqiensis-2487007-GCA030323885.1	Simakov2022BCnS_genefamily_10246	Simakov2022BCnS_genefamily_4333	Simakov2022BCnS_genefamily_10246_PYE	CM059199.1	65888151.0	Simakov2022BCnS_genefamily_4333_RES	CM059192.1	50143615.0	1	1	False		ok
Lepidonotusclava-1210411-GCA936440205.1	Simakov2022BCnS_genefamily_10366	Simakov2022BCnS_genefamily_9312	Simakov2022BCnS_genefamily_10366_PYE	OW387139.1	19632209.0	Simakov2022BCnS_genefamily_9312_PYE	OW387147.1	22704648.0	1	1	False		ok
Lepidonotusclava-1210411-GCA936440205.1	Simakov2022BCnS_genefamily_12477	Simakov2022BCnS_genefamily_7154	Simakov2022BCnS_genefamily_12477_PYE	OW387135.1	32223171.0	Simakov2022BCnS_genefamily_7154_PYE	OW387140.1	16909629.0	1	1	False		ok
Lepidonotusclava-1210411-GCA936440205.1	Simakov2022BCnS_genefamily_10738	Simakov2022BCnS_genefamily_3131	Simakov2022BCnS_genefamily_10738_RES	OW387150.1	10882790.0	Simakov2022BCnS_genefamily_3131_PYE	OW387135.1	20629946.0	1	1	False		ok
Lepidonotusclava-1210411-GCA936440205.1	Simakov2022BCnS_genefamily_5778	Simakov2022BCnS_genefamily_969	Simakov2022BCnS_genefamily_5778_PYE	OW387149.1	23092703.0	Simakov2022BCnS_genefamily_969_PYE	OW387149.1	30137927.0	1	1	True	7045224	ok
Lepidonotusclava-1210411-GCA936440205.1	Simakov2022BCnS_genefamily_10953	Simakov2022BCnS_genefamily_11339	Simakov2022BCnS_genefamily_10953_PYE	OW387137.1	38556782.0	Simakov2022BCnS_genefamily_11339_PYE	OW387134.1	45991951.0	1	1	False		ok
Alentiagelatinosa-271774-GCA950022655.1	Simakov2022BCnS_genefamily_10872	Simakov2022BCnS_genefamily_12018	Simakov2022BCnS_genefamily_10872_PYE	OX465581.1	21898519.0	Simakov2022BCnS_genefamily_12018_PYE	OX465580.1	141317153.0	1	1	False		ok
Alentiagelatinosa-271774-GCA950022655.1	Simakov2022BCnS_genefamily_1011	Simakov2022BCnS_genefamily_2870	Simakov2022BCnS_genefamily_1011_RES	OX465583.1	33055368.0	Simakov2022BCnS_genefamily_2870_PYE	OX465583.1	28135278.0	1	1	True	4920090	ok
Acholoesquamosa-2922911-GCA949317995.1	Simakov2022BCnS_genefamily_6746	Simakov2022BCnS_genefamily_7695	Simakov2022BCnS_genefamily_6746_PYE	OX439047.1	16078746.0	Simakov2022BCnS_genefamily_7695_PYE	OX439035.1	74274043.0	1	1	False		ok
Acholoesquamosa-2922911-GCA949317995.1	Simakov2022BCnS_genefamily_1705	Simakov2022BCnS_genefamily_2060	Simakov2022BCnS_genefamily_1705_PYE	OX439035.1	26066173.0	Simakov2022BCnS_genefamily_2060_PYE	OX439035.1	49996953.0	1	1	True	23930780	ok
Acholoesquamosa-2922911-GCA949317995.1	Simakov2022BCnS_genefamily_12018	Simakov2022BCnS_genefamily_8167	Simakov2022BCnS_genefamily_12018_PYE	OX439037.1	52708378.0	Simakov2022BCnS_genefamily_8167_PYE	OX439037.1	77195364.0	1	1	True	24486986	ok
Harmothoeareolata-3095174-GCA965276055.1	Simakov2022BCnS_genefamily_7176	Simakov2022BCnS_genefamily_9647	Simakov2022BCnS_genefamily_7176_PYE	OZ255034.1	10676032.0	Simakov2022BCnS_genefamily_9647_PYE	OZ255033.1	30010036.0	1	1	False		ok
Harmothoeimpar-46595-GCA947462335.1	Simakov2022BCnS_genefamily_12811	Simakov2022BCnS_genefamily_7618	Simakov2022BCnS_genefamily_12811_PYE	OX381719.1	38472796.0	Simakov2022BCnS_genefamily_7618_EMU	OX381716.1	65305173.0	1	1	False		ok
Leodiceharassii-1928866-GCA965649835.1	Simakov2022BCnS_genefamily_7362	Simakov2022BCnS_genefamily_7392	Simakov2022BCnS_genefamily_7362_PYE	OZ287878.1	79826529.0	Simakov2022BCnS_genefamily_7392_PYE	OZ287876.1	88195676.0	1	1	False		ok
Leodiceharassii-1928866-GCA965649835.1	Simakov2022BCnS_genefamily_12231	Simakov2022BCnS_genefamily_4066	Simakov2022BCnS_genefamily_12231_PYE	OZ287871.1	29613949.0	Simakov2022BCnS_genefamily_4066_RES	OZ287871.1	29613952.0	1	1	True	3	ok
Leodiceharassii-1928866-GCA965649835.1	Simakov2022BCnS_genefamily_311	Simakov2022BCnS_genefamily_5046	Simakov2022BCnS_genefamily_311_HVU	OZ287873.1	164623313.0	Simakov2022BCnS_genefamily_5046_PYE	OZ287876.1	128257035.0	1	1	False		ok
Urechisunicinctus-6432-GCA034190875.2	Simakov2022BCnS_genefamily_12231	Simakov2022BCnS_genefamily_4066	Simakov2022BCnS_genefamily_12231_PYE	CM067345.1	21694538.0	Simakov2022BCnS_genefamily_4066_PYE	CM067345.1	21694547.0	1	1	True	9	ok
Urechisunicinctus-6432-GCA034190875.2	Simakov2022BCnS_genefamily_2066	Simakov2022BCnS_genefamily_6866	Simakov2022BCnS_genefamily_2066_PYE	CM067350.1	76537098.0	Simakov2022BCnS_genefamily_6866_PYE	CM067355.1	35558914.0	1	1	False		ok
Sipunculusnudus-6446-GCA026874595.2	Simakov2022BCnS_genefamily_12231	Simakov2022BCnS_genefamily_4066	Simakov2022BCnS_genefamily_12231_PYE	CM049311.1	38302626.0	Simakov2022BCnS_genefamily_4066_PYE	CM049311.1	38302632.0	1	1	True	6	ok
Sipunculusnudus-6446-GCA026874595.2	Simakov2022BCnS_genefamily_12875	Simakov2022BCnS_genefamily_3486	Simakov2022BCnS_genefamily_12875_PYE	CM049311.1	80746423.0	Simakov2022BCnS_genefamily_3486_PYE	CM049321.1	2924744.0	1	1	False		ok
