clade	axis	N_threshold	go_id	go_name	go_namespace	pair_cohits_[k]	pair_count_[n]	fam_hits_[K]	fam_count_[N]	fold_enrichment	q_value	pair_either_hits	p_fam	p_co_null	expected_k_co	p_value	correction_method
Nematoda	intersection	6444	GO:0005524	ATP binding	MF	158	6289	227	2304	2.5881457357123008	3.39438518384724e-23	1757	0.09852430555555555	0.009707038785204476	61.04756692015095	1.723038164389462e-25	fdr_bh
Nematoda	intersection	6444	GO:0005829	cytosol	CC	1304	6289	918	2304	1.3060974566761845	1.6598302268340072e-22	4457	0.3984375	0.15875244140625	998.3941040039062	1.6851068292731038e-24	fdr_bh
Nematoda	intersection	6444	GO:0003723	RNA binding	MF	240	6289	341	2304	1.7421511763311792	5.786578006021037e-14	2060	0.1480034722222222	0.0219050277898341	137.76071977026666	8.812047724905133e-16	fdr_bh
Nematoda	intersection	6444	GO:0005794	Golgi apparatus	CC	106	6289	212	2304	1.9907535469237987	4.935655759463047e-09	1441	0.0920138888888889	0.008466555748456792	53.24616910204477	1.0021636059823445e-10	fdr_bh
Nematoda	intersection	6444	GO:0016020	membrane	CC	559	6289	609	2304	1.2722151921443567	2.6985493900934274e-07	3246	0.2643229166666667	0.06986660427517362	439.3910742865669	6.849110127140679e-09	fdr_bh
Nematoda	intersection	6444	GO:0005739	mitochondrion	CC	134	6289	260	2304	1.6731753479589138	6.231608591733316e-07	1570	0.11284722222222222	0.012734495563271605	80.08724259741513	1.8979518553502484e-08	fdr_bh
Nematoda	intersection	6444	GO:0005737	cytoplasm	CC	1501	6289	1057	2304	1.1340026577311164	9.904654966272314e-07	4575	0.4587673611111111	0.21046749162085263	1323.6300548035422	3.519420546391177e-08	fdr_bh
Nematoda	intersection	6444	GO:0016887	ATP hydrolysis activity	MF	29	6289	86	2304	3.3096681466975446	1.2861102001388173e-06	796	0.03732638888888889	0.0013932593074845677	8.762207784770446	5.222782538634791e-08	fdr_bh
Nematoda	intersection	6444	GO:0008569	minus-end-directed microtubule motor activity	MF	3	6289	4	2304	158.26490698044205	2.448537707001099e-05	36	0.001736111111111111	3.0140817901234566e-06	0.01895556037808642	1.118621287462431e-06	fdr_bh
Nematoda	intersection	6444	GO:0030286	dynein complex	CC	3	6289	5	2304	101.2895404674829	8.339543002197548e-05	36	0.002170138888888889	4.709502797067902e-06	0.029618063090760035	4.233270559491141e-06	fdr_bh
Nematoda	intersection	6444	GO:0098978	glutamatergic synapse	CC	25	6289	87	2304	2.787949213554271	0.00014303032558587368	672	0.037760416666666664	0.0014258490668402775	8.967164781358505	7.986464880429495e-06	fdr_bh
Nematoda	intersection	6444	GO:0006355	regulation of DNA-templated transcription	BP	42	6289	133	2304	2.0041460322018776	0.00040160556385696955	920	0.05772569444444445	0.0033322557990933645	20.95655672049817	3.26177107701092e-05	fdr_bh
Nematoda	intersection	6444	GO:0051959	dynein light intermediate chain binding	MF	3	6289	7	2304	51.67833697320557	0.00040160556385696955	36	0.0030381944444444445	9.230625482253087e-06	0.05805140365788966	3.1203810401377426e-05	fdr_bh
Nematoda	intersection	6444	GO:0060285	cilium-dependent cell motility	BP	3	6289	7	2304	51.67833697320557	0.00040160556385696955	36	0.0030381944444444445	9.230625482253087e-06	0.05805140365788966	3.1203810401377426e-05	fdr_bh
Nematoda	intersection	6444	GO:0005858	axonemal dynein complex	CC	3	6289	7	2304	51.67833697320557	0.00040160556385696955	32	0.0030381944444444445	9.230625482253087e-06	0.05805140365788966	3.1203810401377426e-05	fdr_bh
Nematoda	intersection	6444	GO:0003690	double-stranded DNA binding	MF	4	6289	12	2304	23.446652885991416	0.00040160556385696955	159	0.005208333333333333	2.712673611111111e-05	0.17060004340277776	3.077693506829284e-05	fdr_bh
Nematoda	intersection	6444	GO:0005634	nucleus	CC	1234	6289	970	2304	1.1070189263548547	0.0006202901132790843	4307	0.4210069444444444	0.1772468472704475	1114.7054224838444	5.35275732271291e-05	fdr_bh
Nematoda	intersection	6444	GO:0070062	extracellular exosome	CC	134	6289	282	2304	1.4222958292090764	0.000634538426523262	1787	0.12239583333333333	0.01498074001736111	94.21387396918402	5.7978130342226995e-05	fdr_bh
Nematoda	intersection	6444	GO:0045202	synapse	CC	29	6289	104	2304	2.263156953862337	0.0006451286233447789	781	0.04513888888888889	0.0020375192901234567	12.81395881558642	6.877005629563633e-05	fdr_bh
Nematoda	intersection	6444	GO:0045505	dynein intermediate chain binding	MF	3	6289	8	2304	39.56622674511051	0.0006451286233447789	68	0.003472222222222222	1.2056327160493826e-05	0.07582224151234568	6.861090608565885e-05	fdr_bh
Nematoda	intersection	6444	GO:0016459	myosin complex	CC	3	6289	8	2304	39.56622674511051	0.0006451286233447789	69	0.003472222222222222	1.2056327160493826e-05	0.07582224151234568	6.861090608565885e-05	fdr_bh
Nematoda	intersection	6444	GO:0032991	protein-containing complex	CC	44	6289	140	2304	1.894872355684204	0.0006793373402073865	964	0.06076388888888889	0.0036922501929012343	23.220561463155864	7.586508367798225e-05	fdr_bh
Nematoda	intersection	6444	GO:0005759	mitochondrial matrix	CC	22	6289	87	2304	2.4533953079277584	0.0014072665101072571	712	0.037760416666666664	0.0014258490668402775	8.967164781358505	0.00016430015092622799	fdr_bh
Nematoda	intersection	6444	GO:0000166	nucleotide binding	MF	7	6289	31	2304	6.148341859802119	0.0015002799257715345	281	0.013454861111111112	0.00018103328751929015	1.1385183452088157	0.00018277521938333416	fdr_bh
Nematoda	intersection	6444	GO:0046872	metal ion binding	MF	14	6289	61	2304	3.175789587352774	0.0016047603053773551	421	0.026475694444444444	0.0007009623963155864	4.408352510428723	0.00020364978494636485	fdr_bh
Nematoda	intersection	6444	GO:0048471	perinuclear region of cytoplasm	CC	37	6289	130	2304	1.8479847126710391	0.0028952787511230408	793	0.05642361111111111	0.0031836238908179012	20.02181064935378	0.0004214931824548341	fdr_bh
Nematoda	intersection	6444	GO:0003684	damaged DNA binding	MF	4	6289	17	2304	11.682761299594338	0.0028952787511230408	134	0.007378472222222222	5.4441852334104936e-05	0.34238480932918597	0.00043575258733340237	fdr_bh
Nematoda	intersection	6444	GO:0005925	focal adhesion	CC	17	6289	74	2304	2.620407517572452	0.0028952787511230408	522	0.03211805555555555	0.0010315694926697528	6.487540539400076	0.0004177327009934483	fdr_bh
Nematoda	intersection	6444	GO:0060294	cilium movement involved in cell motility	BP	3	6289	11	2304	20.927591005678284	0.0028952787511230408	36	0.004774305555555556	2.2793993537808645e-05	0.14335142535927856	0.0004409053935720367	fdr_bh
Nematoda	intersection	6444	GO:0003777	microtubule motor activity	MF	3	6289	11	2304	20.927591005678284	0.0028952787511230408	95	0.004774305555555556	2.2793993537808645e-05	0.14335142535927856	0.0004409053935720367	fdr_bh
Nematoda	intersection	6444	GO:0097729	9+2 motile cilium	CC	4	6289	18	2304	10.420734615996183	0.004233648495600124	63	0.0078125	6.103515625e-05	0.38385009765625	0.0006662086465157555	fdr_bh
Nematoda	intersection	6444	GO:0005515	protein binding	MF	4717	6289	1972	2304	1.023847819749303	0.005121580087985772	6166	0.8559027777777778	0.7325695650077161	4607.129994333526	0.0008568442360726661	fdr_bh
Nematoda	intersection	6444	GO:0015035	protein-disulfide reductase activity	MF	2	6289	6	2304	46.89330577198283	0.005121580087985772	45	0.0026041666666666665	6.781684027777777e-06	0.04265001085069444	0.0008839275278757169	fdr_bh
Nematoda	intersection	6444	GO:0000146	microfilament motor activity	MF	2	6289	6	2304	46.89330577198283	0.005121580087985772	54	0.0026041666666666665	6.781684027777777e-06	0.04265001085069444	0.0008839275278757169	fdr_bh
Nematoda	intersection	6444	GO:0005730	nucleolus	CC	50	6289	162	2304	1.6081380580241025	0.00596538627389021	1054	0.0703125	0.00494384765625	31.09185791015625	0.001059840200944961	fdr_bh
Nematoda	intersection	6444	GO:0000139	Golgi membrane	CC	33	6289	125	2304	1.7826959122276989	0.008035561489964933	855	0.054253472222222224	0.0029434392481674384	18.51128943172502	0.0014684274803996832	fdr_bh
Nematoda	intersection	6444	GO:0005886	plasma membrane	CC	258	6289	426	2304	1.2000072296341566	0.010819094496954838	2272	0.18489583333333334	0.03418646918402778	214.99870469835074	0.0020320126720168984	fdr_bh
Nematoda	intersection	6444	GO:0005802	trans-Golgi network	CC	8	6289	44	2304	3.4879318342797143	0.01281842761737555	403	0.019097222222222224	0.0003647038966049383	2.293622805748457	0.0025401941917264077	fdr_bh
Nematoda	intersection	6444	GO:0006298	mismatch repair	BP	2	6289	8	2304	26.37748449674034	0.01281842761737555	63	0.003472222222222222	1.2056327160493826e-05	0.07582224151234568	0.0027328627407602695	fdr_bh
Nematoda	intersection	6444	GO:0045332	phospholipid translocation	BP	2	6289	8	2304	26.37748449674034	0.01281842761737555	82	0.003472222222222222	1.2056327160493826e-05	0.07582224151234568	0.0027328627407602695	fdr_bh
Nematoda	intersection	6444	GO:0061608	nuclear import signal receptor activity	MF	2	6289	8	2304	26.37748449674034	0.01281842761737555	31	0.003472222222222222	1.2056327160493826e-05	0.07582224151234568	0.0027328627407602695	fdr_bh
Nematoda	intersection	6444	GO:0031032	actomyosin structure organization	BP	2	6289	8	2304	26.37748449674034	0.01281842761737555	52	0.003472222222222222	1.2056327160493826e-05	0.07582224151234568	0.0027328627407602695	fdr_bh
Nematoda	intersection	6444	GO:0005783	endoplasmic reticulum	CC	75	6289	213	2304	1.3953572437606472	0.014879918715364822	1237	0.09244791666666667	0.008546617296006946	53.749676174587684	0.003398966204017345	fdr_bh
Nematoda	intersection	6444	GO:0000287	magnesium ion binding	MF	8	6289	45	2304	3.334635077118779	0.014879918715364822	485	0.01953125	0.0003814697265625	2.3990631103515625	0.00332366106430021	fdr_bh
Nematoda	intersection	6444	GO:0051015	actin filament binding	MF	7	6289	40	2304	3.692847829543647	0.014879918715364822	265	0.017361111111111112	0.0003014081790123457	1.8955560378086422	0.003396930912677859	fdr_bh
Nematoda	intersection	6444	GO:0007018	microtubule-based movement	BP	3	6289	16	2304	9.891556686277628	0.015883215786882864	90	0.006944444444444444	4.8225308641975306e-05	0.3032889660493827	0.0037087711989675725	fdr_bh
Nematoda	intersection	6444	GO:0006281	DNA repair	BP	8	6289	46	2304	3.1912268578286995	0.016685395126814957	285	0.019965277777777776	0.0003986123167438271	2.5068728600019288	0.004306430854723652	fdr_bh
Nematoda	intersection	6444	GO:0055085	transmembrane transport	BP	8	6289	46	2304	3.1912268578286995	0.016685395126814957	319	0.019965277777777776	0.0003986123167438271	2.5068728600019288	0.004306430854723652	fdr_bh
Nematoda	intersection	6444	GO:0004222	metalloendopeptidase activity	MF	2	6289	9	2304	20.841469231992367	0.016685395126814957	60	0.00390625	1.52587890625e-05	0.0959625244140625	0.0043195692967896585	fdr_bh
Nematoda	intersection	6444	GO:0015030	Cajal body	CC	2	6289	9	2304	20.841469231992367	0.016685395126814957	109	0.00390625	1.52587890625e-05	0.0959625244140625	0.0043195692967896585	fdr_bh
Nematoda	intersection	6444	GO:0097110	scaffold protein binding	MF	2	6289	9	2304	20.841469231992367	0.016685395126814957	102	0.00390625	1.52587890625e-05	0.0959625244140625	0.0043195692967896585	fdr_bh
Nematoda	intersection	6444	GO:0005743	mitochondrial inner membrane	CC	19	6289	90	2304	1.979939577039275	0.017876477403258113	588	0.0390625	0.00152587890625	9.59625244140625	0.004718664086139197	fdr_bh
Nematoda	intersection	6444	GO:0005789	endoplasmic reticulum membrane	CC	67	6289	201	2304	1.399800172297995	0.018243412237129105	1231	0.08723958333333333	0.00761074490017361	47.863974677191834	0.00500073228835011	fdr_bh
Nematoda	intersection	6444	GO:0031966	mitochondrial membrane	CC	6	6289	36	2304	3.907775480998569	0.018243412237129105	272	0.015625	0.000244140625	1.535400390625	0.004970337647603319	fdr_bh
Nematoda	intersection	6444	GO:0004674	protein serine/threonine kinase activity	MF	14	6289	73	2304	2.217510424946458	0.019909537940787526	490	0.031684027777777776	0.0010038776162229937	6.313386328426407	0.0055585004403213905	fdr_bh
Nematoda	intersection	6444	GO:0003774	cytoskeletal motor activity	MF	2	6289	10	2304	16.881590077913817	0.022818756333032337	68	0.004340277777777778	1.8838011188271607e-05	0.11847225236304014	0.0064865500236031	fdr_bh
Nematoda	intersection	6444	GO:0106310	protein serine kinase activity	MF	12	6289	66	2304	2.32528788951981	0.023801777488629015	468	0.028645833333333332	0.000820583767361111	5.160651312934027	0.006886808714984029	fdr_bh
Nematoda	intersection	6444	GO:0015629	actin cytoskeleton	CC	7	6289	43	2304	3.195541658880388	0.024748795594793097	244	0.018663194444444444	0.00034831482687114194	2.1905519461926115	0.007286447433999998	fdr_bh
Nematoda	intersection	6444	GO:0003677	DNA binding	MF	45	6289	161	2304	1.4653592714519534	0.03010351710773059	1023	0.06987847222222222	0.004883000880111883	30.709192535023632	0.009015774159168046	fdr_bh
Nematoda	intersection	6444	GO:0019901	protein kinase binding	MF	13	6289	72	2304	2.116711718874225	0.03395869436944599	448	0.03125	0.0009765625	6.1416015625	0.01050207293404676	fdr_bh
Nematoda	intersection	6444	GO:0005509	calcium ion binding	MF	14	6289	76	2304	2.0458990745394168	0.03395869436944599	449	0.03298611111111111	0.001088083526234568	6.842957296489198	0.010687507872617519	fdr_bh
Nematoda	intersection	6444	GO:0006338	chromatin remodeling	BP	12	6289	68	2304	2.1905177436739383	0.03395869436944599	507	0.029513888888888888	0.000871069637345679	5.4781569492669755	0.01064643454015332	fdr_bh
Nematoda	intersection	6444	GO:0007015	actin filament organization	BP	3	6289	20	2304	6.330596279217681	0.03902885865645177	119	0.008680555555555556	7.535204475308643e-05	0.47388900945216056	0.012481310128713001	fdr_bh
Nematoda	intersection	6444	GO:0034220	monoatomic ion transmembrane transport	BP	2	6289	12	2304	11.723326442995708	0.0393900966942683	133	0.005208333333333333	2.712673611111111e-05	0.17060004340277776	0.012996732411814415	fdr_bh
Nematoda	intersection	6444	GO:0043531	ADP binding	MF	2	6289	12	2304	11.723326442995708	0.0393900966942683	133	0.005208333333333333	2.712673611111111e-05	0.17060004340277776	0.012996732411814415	fdr_bh
Nematoda	intersection	6444	GO:0000398	mRNA splicing, via spliceosome	BP	6	6289	41	2304	3.0127763375218	0.04848137041039396	357	0.017795138888888888	0.00031666696807484566	1.9915185622227043	0.016242489579116757	fdr_bh
Nematoda	intersection	6444	GO:0032580	Golgi cisterna membrane	CC	2	6289	13	2304	9.98910655497859	0.0508629068466905	142	0.005642361111111111	3.183623890817901e-05	0.2002181064935378	0.017556739419162203	fdr_bh
Nematoda	intersection	6444	GO:0000082	G1/S transition of mitotic cell cycle	BP	2	6289	13	2304	9.98910655497859	0.0508629068466905	80	0.005642361111111111	3.183623890817901e-05	0.2002181064935378	0.017556739419162203	fdr_bh
Nematoda	intersection	6444	GO:0005765	lysosomal membrane	CC	13	6289	75	2304	1.9507615201144852	0.054551510561682566	463	0.032552083333333336	0.001059638129340278	6.664064195421008	0.01910687425764516	fdr_bh
Nematoda	intersection	6444	GO:0043204	perikaryon	CC	3	6289	22	2304	5.231897751419571	0.057871971782810644	187	0.009548611111111112	9.117597415123458e-05	0.5734057014371142	0.020563644795922563	fdr_bh
Nematoda	intersection	6444	GO:0019894	kinesin binding	MF	2	6289	14	2304	8.613056162200927	0.06416541122826684	89	0.006076388888888889	3.692250192901235e-05	0.23220561463155864	0.02312560506196419	fdr_bh
Nematoda	intersection	6444	GO:0030425	dendrite	CC	8	6289	54	2304	2.3157188035547076	0.06745031186687413	319	0.0234375	0.00054931640625	3.45465087890625	0.024994278001430514	fdr_bh
Nematoda	intersection	6444	GO:0006468	protein phosphorylation	BP	5	6289	37	2304	3.0828323736146497	0.06745031186687413	306	0.016059027777777776	0.0002578923731674382	1.621885134850019	0.0248912370940705	fdr_bh
Nematoda	intersection	6444	GO:0016363	nuclear matrix	CC	3	6289	23	2304	4.786840286743049	0.06876289591205295	197	0.009982638888888888	9.965307918595677e-05	0.6267182150004822	0.025829717246151872	fdr_bh
Nematoda	intersection	6444	GO:0004812	aminoacyl-tRNA ligase activity	MF	2	6289	15	2304	7.502928923517252	0.07827380470260616	166	0.006510416666666667	4.2385525173611116e-05	0.2665625678168403	0.029799671841093715	fdr_bh
Nematoda	intersection	6444	GO:0005788	endoplasmic reticulum lumen	CC	5	6289	38	2304	2.9227129636277382	0.07849526256744604	191	0.016493055555555556	0.000272020881558642	1.7107393241222995	0.030282436320436038	fdr_bh
Nematoda	intersection	6444	GO:0071013	catalytic step 2 spliceosome	CC	3	6289	24	2304	4.396247416123391	0.08193915250765767	244	0.010416666666666666	0.00010850694444444444	0.682400173611111	0.03202697839131797	fdr_bh
Nematoda	intersection	6444	GO:1990904	ribonucleoprotein complex	CC	4	6289	32	2304	3.2971855620925425	0.08816047685927697	263	0.013888888888888888	0.00019290123456790122	1.2131558641975309	0.03490617865494215	fdr_bh
Nematoda	intersection	6444	GO:0006897	endocytosis	BP	3	6289	25	2304	4.051581618699316	0.09784495341679071	206	0.010850694444444444	0.00011773756992669753	0.7404515772690007	0.039237316344804395	fdr_bh
Nematoda	intersection	6444	GO:0005770	late endosome	CC	4	6289	33	2304	3.10038385269308	0.10367818845203289	261	0.014322916666666666	0.00020514594184027775	1.2901628282335067	0.04210281764549559	fdr_bh
Nematoda	intersection	6444	GO:0042803	protein homodimerization activity	MF	20	6289	105	2304	1.5312099843912763	0.10720895020915379	713	0.045572916666666664	0.002076890733506944	13.061565823025171	0.044192603727218095	fdr_bh
Nematoda	intersection	6444	GO:0006367	transcription initiation at RNA polymerase II promoter	BP	2	6289	17	2304	5.841380649797169	0.10720895020915379	105	0.007378472222222222	5.4441852334104936e-05	0.34238480932918597	0.04680187674105191	fdr_bh
Nematoda	intersection	6444	GO:0004672	protein kinase activity	MF	14	6289	84	2304	1.6747609204279579	0.10720895020915379	573	0.036458333333333336	0.0013292100694444447	8.359402126736112	0.045948553305370766	fdr_bh
Nematoda	intersection	6444	GO:0004722	protein serine/threonine phosphatase activity	MF	2	6289	17	2304	5.841380649797169	0.10720895020915379	170	0.007378472222222222	5.4441852334104936e-05	0.34238480932918597	0.04680187674105191	fdr_bh
Nematoda	intersection	6444	GO:0045177	apical part of cell	CC	2	6289	17	2304	5.841380649797169	0.10720895020915379	82	0.007378472222222222	5.4441852334104936e-05	0.34238480932918597	0.04680187674105191	fdr_bh
Nematoda	intersection	6444	GO:0006418	tRNA aminoacylation for protein translation	BP	2	6289	17	2304	5.841380649797169	0.10720895020915379	166	0.007378472222222222	5.4441852334104936e-05	0.34238480932918597	0.04680187674105191	fdr_bh
Nematoda	intersection	6444	GO:0030659	cytoplasmic vesicle membrane	CC	3	6289	26	2304	3.7459149581169715	0.10764153928132414	180	0.011284722222222222	0.00012734495563271605	0.8008724259741512	0.047537126484645684	fdr_bh
Nematoda	intersection	6444	GO:0098794	postsynapse	CC	5	6289	41	2304	2.5106469479348332	0.11610146681902078	334	0.017795138888888888	0.00031666696807484566	1.9915185622227043	0.051862584162811316	fdr_bh
Nematoda	intersection	6444	GO:0004725	protein tyrosine phosphatase activity	MF	2	6289	18	2304	5.210367307998092	0.12398007641480459	144	0.0078125	6.103515625e-05	0.38385009765625	0.0572699845367879	fdr_bh
Nematoda	intersection	6444	GO:0031902	late endosome membrane	CC	3	6289	27	2304	3.4735782053320614	0.12398007641480459	203	0.01171875	0.0001373291015625	0.8636627197265625	0.05699547044946743	fdr_bh
Nematoda	intersection	6444	GO:0016605	PML body	CC	2	6289	18	2304	5.210367307998092	0.12398007641480459	138	0.0078125	6.103515625e-05	0.38385009765625	0.0572699845367879	fdr_bh
Nematoda	intersection	6444	GO:0003924	GTPase activity	MF	4	6289	35	2304	2.7561779719042967	0.12774288966500685	277	0.015190972222222222	0.00023076563705632714	1.4512850914472415	0.05965657791462249	fdr_bh
Nematoda	intersection	6444	GO:0035861	site of double-strand break	CC	3	6289	28	2304	3.229896060825348	0.1389452391992777	188	0.012152777777777778	0.0001476900077160494	0.9288224585262346	0.06767232530946192	fdr_bh
Nematoda	intersection	6444	GO:0006364	rRNA processing	BP	3	6289	28	2304	3.229896060825348	0.1389452391992777	283	0.012152777777777778	0.0001476900077160494	0.9288224585262346	0.06767232530946192	fdr_bh
Nematoda	intersection	6444	GO:0051087	protein-folding chaperone binding	MF	3	6289	28	2304	3.229896060825348	0.1389452391992777	178	0.012152777777777778	0.0001476900077160494	0.9288224585262346	0.06767232530946192	fdr_bh
Nematoda	intersection	6444	GO:0005643	nuclear pore	CC	2	6289	19	2304	4.676340741804381	0.1389452391992777	90	0.008246527777777778	6.80052203896605e-05	0.42768483103057486	0.06911996670827013	fdr_bh
Nematoda	intersection	6444	GO:0006606	protein import into nucleus	BP	2	6289	19	2304	4.676340741804381	0.1389452391992777	67	0.008246527777777778	6.80052203896605e-05	0.42768483103057486	0.06911996670827013	fdr_bh
Nematoda	intersection	6444	GO:0005543	phospholipid binding	MF	2	6289	19	2304	4.676340741804381	0.1389452391992777	104	0.008246527777777778	6.80052203896605e-05	0.42768483103057486	0.06911996670827013	fdr_bh
Nematoda	intersection	6444	GO:0000981	DNA-binding transcription factor activity, RNA polymerase II-specific	MF	8	6289	61	2304	1.814736907058728	0.15751958414971232	415	0.026475694444444444	0.0007009623963155864	4.408352510428723	0.0791595879737133	fdr_bh
Nematoda	intersection	6444	GO:0005096	GTPase activator activity	MF	6	6289	50	2304	2.025790809349658	0.1577364384052147	302	0.021701388888888888	0.0004709502797067901	2.9618063090760027	0.08006925807371304	fdr_bh
Nematoda	intersection	6444	GO:0043565	sequence-specific DNA binding	MF	5	6289	44	2304	2.1799573964248213	0.16024744148833378	317	0.019097222222222224	0.0003647038966049383	2.293622805748457	0.08297075650664998	fdr_bh
Nematoda	intersection	6444	GO:0017148	negative regulation of translation	BP	2	6289	20	2304	4.220397519478454	0.16024744148833378	106	0.008680555555555556	7.535204475308643e-05	0.47388900945216056	0.08238571326513754	fdr_bh
Nematoda	intersection	6444	GO:0043161	proteasome-mediated ubiquitin-dependent protein catabolic process	BP	9	6289	67	2304	1.6922957306886206	0.1736062274275397	372	0.029079861111111112	0.0008456383222415123	5.318219408576871	0.09076873819815527	fdr_bh
Nematoda	intersection	6444	GO:0030424	axon	CC	6	6289	51	2304	1.9471268832657227	0.1748430810965807	301	0.022135416666666668	0.0004899766710069445	3.081463283962674	0.09230294636570759	fdr_bh
Nematoda	intersection	6444	GO:0045296	cadherin binding	MF	10	6289	72	2304	1.6282397837494038	0.17619981196716436	521	0.03125	0.0009765625	6.1416015625	0.09391360536320942	fdr_bh
Nematoda	intersection	6444	GO:0045121	membrane raft	CC	2	6289	21	2304	3.8280249609781896	0.18043119979137942	128	0.009114583333333334	8.30756293402778e-05	0.522462632921007	0.09708480800957471	fdr_bh
Nematoda	intersection	6444	GO:0006511	ubiquitin-dependent protein catabolic process	BP	9	6289	68	2304	1.6428883077554537	0.19093597904053017	454	0.029513888888888888	0.000871069637345679	5.4781569492669755	0.10370634394587172	fdr_bh
Nematoda	intersection	6444	GO:0003700	DNA-binding transcription factor activity	MF	6	6289	52	2304	1.8729574790584858	0.19290308899439704	353	0.022569444444444444	0.0005093798225308642	3.203489703896605	0.10575397772281665	fdr_bh
Nematoda	intersection	6444	GO:0005654	nucleoplasm	CC	613	6289	702	2304	1.0499523865229554	0.1934682940711144	3286	0.3046875	0.09283447265625	583.8359985351562	0.10704590890229172	fdr_bh
Nematoda	intersection	6444	GO:0005815	microtubule organizing center	CC	2	6289	22	2304	3.4879318342797143	0.2009364621886596	63	0.009548611111111112	9.117597415123458e-05	0.5734057014371142	0.11321800661391479	fdr_bh
Nematoda	intersection	6444	GO:0042734	presynaptic membrane	CC	2	6289	22	2304	3.4879318342797143	0.2009364621886596	185	0.009548611111111112	9.117597415123458e-05	0.5734057014371142	0.11321800661391479	fdr_bh
Nematoda	intersection	6444	GO:0000785	chromatin	CC	35	6289	154	2304	1.2456899408141837	0.20273092813872465	972	0.06684027777777778	0.004467622733410494	28.096879370418595	0.11525819264739676	fdr_bh
Nematoda	intersection	6444	GO:0008104	intracellular protein localization	BP	2	6289	23	2304	3.1912268578286995	0.22797790781530372	147	0.009982638888888888	9.965307918595677e-05	0.6267182150004822	0.13076905372146863	fdr_bh
Nematoda	intersection	6444	GO:0003676	nucleic acid binding	MF	17	6289	103	2304	1.352564008504736	0.233049221801412	583	0.04470486111111111	0.0019985246069637347	12.568721253194928	0.13486097099168004	fdr_bh
Nematoda	intersection	6444	GO:0030018	Z disc	CC	2	6289	24	2304	2.930831610748927	0.2520671124881712	156	0.010416666666666666	0.00010850694444444444	0.682400173611111	0.14970483330515752	fdr_bh
Nematoda	intersection	6444	GO:0042147	retrograde transport, endosome to Golgi	BP	2	6289	24	2304	2.930831610748927	0.2520671124881712	145	0.010416666666666666	0.00010850694444444444	0.682400173611111	0.14970483330515752	fdr_bh
Nematoda	intersection	6444	GO:0001227	DNA-binding transcription repressor activity, RNA polymerase II-specific	MF	2	6289	24	2304	2.930831610748927	0.2520671124881712	162	0.010416666666666666	0.00010850694444444444	0.682400173611111	0.14970483330515752	fdr_bh
Nematoda	intersection	6444	GO:0003697	single-stranded DNA binding	MF	2	6289	25	2304	2.701054412466211	0.2837732227066941	137	0.010850694444444444	0.00011773756992669753	0.7404515772690007	0.16997583898167462	fdr_bh
Nematoda	intersection	6444	GO:0000978	RNA polymerase II cis-regulatory region sequence-specific DNA binding	MF	9	6289	73	2304	1.4255424160370087	0.3089967813410167	517	0.031684027777777776	0.0010038776162229937	6.313386328426407	0.18665287806893902	fdr_bh
Nematoda	intersection	6444	GO:1902600	proton transmembrane transport	BP	2	6289	26	2304	2.4972766387446477	0.3144069832041284	164	0.011284722222222222	0.00012734495563271605	0.8008724259741512	0.19151694408373304	fdr_bh
Nematoda	intersection	6444	GO:0009986	cell surface	CC	4	6289	44	2304	1.7439659171398572	0.32453149668742354	177	0.019097222222222224	0.0003647038966049383	2.293622805748457	0.19933152842222462	fdr_bh
Nematoda	intersection	6444	GO:0043066	negative regulation of apoptotic process	BP	5	6289	52	2304	1.5607978992154048	0.35405116652746776	337	0.022569444444444444	0.0005093798225308642	3.203489703896605	0.21997307269982547	fdr_bh
Nematoda	intersection	6444	GO:0014069	postsynaptic density	CC	4	6289	45	2304	1.6673175385593895	0.35405116652746776	324	0.01953125	0.0003814697265625	2.3990631103515625	0.22105732732425654	fdr_bh
Nematoda	intersection	6444	GO:0003729	mRNA binding	MF	8	6289	70	2304	1.3780889859521483	0.36474064802679934	365	0.030381944444444444	0.0009230625482253086	5.805140365788966	0.2295829459661072	fdr_bh
Nematoda	intersection	6444	GO:0030672	synaptic vesicle membrane	CC	2	6289	28	2304	2.1532640405502317	0.3752098999967728	196	0.012152777777777778	0.0001476900077160494	0.9288224585262346	0.23807734771368833	fdr_bh
Nematoda	intersection	6444	GO:0008021	synaptic vesicle	CC	3	6289	38	2304	1.753627778176643	0.38097624677667674	233	0.016493055555555556	0.000272020881558642	1.7107393241222995	0.24560397634841596	fdr_bh
Nematoda	intersection	6444	GO:0043025	neuronal cell body	CC	3	6289	38	2304	1.753627778176643	0.38097624677667674	219	0.016493055555555556	0.000272020881558642	1.7107393241222995	0.24560397634841596	fdr_bh
Nematoda	intersection	6444	GO:0042802	identical protein binding	MF	80	6289	250	2304	1.0804217649864842	0.3894065788072616	1305	0.10850694444444445	0.011773756992669753	74.04515772690009	0.2581698943054428	fdr_bh
Nematoda	intersection	6444	GO:0007165	signal transduction	BP	23	6289	129	2304	1.1666263199087128	0.3894065788072616	792	0.055989583333333336	0.003134833441840278	19.71496751573351	0.2575235502386094	fdr_bh
Nematoda	intersection	6444	GO:0001650	fibrillar center	CC	2	6289	29	2304	2.0073234337590744	0.3894065788072616	239	0.012586805555555556	0.0001584276740933642	0.9963516423731675	0.2628988577734304	fdr_bh
Nematoda	intersection	6444	GO:0035556	intracellular signal transduction	BP	7	6289	66	2304	1.3564179355532224	0.3894065788072616	441	0.028645833333333332	0.000820583767361111	5.160651312934027	0.26161256986578263	fdr_bh
Nematoda	intersection	6444	GO:0006979	response to oxidative stress	BP	2	6289	29	2304	2.0073234337590744	0.3894065788072616	226	0.012586805555555556	0.0001584276740933642	0.9963516423731675	0.2628988577734304	fdr_bh
Nematoda	intersection	6444	GO:0003712	transcription coregulator activity	MF	2	6289	29	2304	2.0073234337590744	0.3894065788072616	144	0.012586805555555556	0.0001584276740933642	0.9963516423731675	0.2628988577734304	fdr_bh
Nematoda	intersection	6444	GO:1990837	sequence-specific double-stranded DNA binding	MF	3	6289	39	2304	1.664851092496432	0.39678889915382703	328	0.016927083333333332	0.00028652615017361107	1.80196295844184	0.26989701769854224	fdr_bh
Nematoda	intersection	6444	GO:0051082	unfolded protein binding	MF	2	6289	30	2304	1.875732230879313	0.4090202465500174	254	0.013020833333333334	0.00016954210069444447	1.0662502712673612	0.28859804198199196	fdr_bh
Nematoda	intersection	6444	GO:0006508	proteolysis	BP	2	6289	30	2304	1.875732230879313	0.4090202465500174	148	0.013020833333333334	0.00016954210069444447	1.0662502712673612	0.28859804198199196	fdr_bh
Nematoda	intersection	6444	GO:0036503	ERAD pathway	BP	2	6289	30	2304	1.875732230879313	0.4090202465500174	208	0.013020833333333334	0.00016954210069444447	1.0662502712673612	0.28859804198199196	fdr_bh
Nematoda	intersection	6444	GO:0006413	translational initiation	BP	2	6289	30	2304	1.875732230879313	0.4090202465500174	168	0.013020833333333334	0.00016954210069444447	1.0662502712673612	0.28859804198199196	fdr_bh
Nematoda	intersection	6444	GO:0002181	cytoplasmic translation	BP	2	6289	30	2304	1.875732230879313	0.4090202465500174	258	0.013020833333333334	0.00016954210069444447	1.0662502712673612	0.28859804198199196	fdr_bh
Nematoda	intersection	6444	GO:0000781	chromosome, telomeric region	CC	3	6289	40	2304	1.5826490698044202	0.41521379731560526	248	0.017361111111111112	0.0003014081790123457	1.8955560378086422	0.295075795046623	fdr_bh
Nematoda	intersection	6444	GO:0003682	chromatin binding	MF	17	6289	111	2304	1.164625563365534	0.41580918662986316	593	0.048177083333333336	0.0023210313585069445	14.596966213650173	0.297609620887364	fdr_bh
Nematoda	intersection	6444	GO:0044877	protein-containing complex binding	MF	5	6289	56	2304	1.3457900253438948	0.4380032952498816	453	0.024305555555555556	0.0005907600308641976	3.7152898341049383	0.31571811129686894	fdr_bh
Nematoda	intersection	6444	GO:0022626	cytosolic ribosome	CC	3	6289	41	2304	1.5063881687609	0.4422547452623856	309	0.017795138888888888	0.00031666696807484566	1.9915185622227043	0.32102755620569107	fdr_bh
Nematoda	intersection	6444	GO:0004842	ubiquitin-protein transferase activity	MF	6	6289	63	2304	1.2760083203260633	0.4540826447200994	366	0.02734375	0.0007476806640625	4.7021636962890625	0.3319182783740828	fdr_bh
Nematoda	intersection	6444	GO:0005694	chromosome	CC	18	6289	116	2304	1.1291194314894795	0.4552607777517144	641	0.050347222222222224	0.0025348427854938274	15.94162627797068	0.33509042017258167	fdr_bh
Nematoda	intersection	6444	GO:0043123	positive regulation of canonical NF-kappaB signal transduction	BP	2	6289	32	2304	1.6485927810462713	0.46164090577254036	134	0.013888888888888888	0.00019290123456790122	1.2131558641975309	0.34212980833904005	fdr_bh
Nematoda	intersection	6444	GO:0045892	negative regulation of DNA-templated transcription	BP	9	6289	80	2304	1.1869868023533152	0.46185129305979017	458	0.034722222222222224	0.0012056327160493829	7.582224151234569	0.34931899830410523	fdr_bh
Nematoda	intersection	6444	GO:0043065	positive regulation of apoptotic process	BP	3	6289	42	2304	1.435509360366821	0.46185129305979017	212	0.018229166666666668	0.0003323025173611112	2.089850531684028	0.347631515496482	fdr_bh
Nematoda	intersection	6444	GO:0003735	structural constituent of ribosome	MF	3	6289	42	2304	1.435509360366821	0.46185129305979017	277	0.018229166666666668	0.0003323025173611112	2.089850531684028	0.347631515496482	fdr_bh
Nematoda	intersection	6444	GO:0045944	positive regulation of transcription by RNA polymerase II	BP	28	6289	148	2304	1.0789913307651273	0.4791484479042282	815	0.0642361111111111	0.004126277970679011	25.950162157600303	0.36909376162441443	fdr_bh
Nematoda	intersection	6444	GO:0006396	RNA processing	BP	2	6289	33	2304	1.55019192634654	0.4791484479042282	165	0.014322916666666666	0.00020514594184027775	1.2901628282335067	0.3696982948296583	fdr_bh
Nematoda	intersection	6444	GO:0000776	kinetochore	CC	2	6289	33	2304	1.55019192634654	0.4791484479042282	220	0.014322916666666666	0.00020514594184027775	1.2901628282335067	0.3696982948296583	fdr_bh
Nematoda	intersection	6444	GO:0006457	protein folding	BP	3	6289	43	2304	1.3695178538058805	0.4794016077198898	328	0.018663194444444444	0.00034831482687114194	2.1905519461926115	0.37476064765920325	fdr_bh
Nematoda	intersection	6444	GO:0019904	protein domain specific binding	MF	3	6289	43	2304	1.3695178538058805	0.4794016077198898	310	0.018663194444444444	0.00034831482687114194	2.1905519461926115	0.37476064765920325	fdr_bh
Nematoda	intersection	6444	GO:0012505	endomembrane system	CC	4	6289	52	2304	1.2486383193723238	0.4965753926951913	299	0.022569444444444444	0.0005093798225308642	3.203489703896605	0.3982685890651788	fdr_bh
Nematoda	intersection	6444	GO:0005102	signaling receptor binding	MF	2	6289	34	2304	1.4603451624492922	0.4965753926951913	183	0.014756944444444444	0.00021776740933641974	1.3695392373167439	0.39762010254549973	fdr_bh
Nematoda	intersection	6444	GO:0010629	negative regulation of gene expression	BP	2	6289	34	2304	1.4603451624492922	0.4965753926951913	199	0.014756944444444444	0.00021776740933641974	1.3695392373167439	0.39762010254549973	fdr_bh
Nematoda	intersection	6444	GO:0030496	midbody	CC	2	6289	34	2304	1.4603451624492922	0.4965753926951913	179	0.014756944444444444	0.00021776740933641974	1.3695392373167439	0.39762010254549973	fdr_bh
Nematoda	intersection	6444	GO:0008270	zinc ion binding	MF	19	6289	122	2304	1.0775000385661198	0.49985736752691207	723	0.05295138888888889	0.0028038495852623457	17.633410041714892	0.40343817988212705	fdr_bh
Nematoda	intersection	6444	GO:0005930	axoneme	CC	8	6289	78	2304	1.1099007283309548	0.5321991875867012	275	0.033854166666666664	0.0011461046006944443	7.20785183376736	0.43224299499427504	fdr_bh
Nematoda	intersection	6444	GO:0006886	intracellular protein transport	BP	7	6289	73	2304	1.108755212473229	0.543188783804412	522	0.031684027777777776	0.0010038776162229937	6.313386328426407	0.44392585884523017	fdr_bh
Nematoda	intersection	6444	GO:0000122	negative regulation of transcription by RNA polymerase II	BP	17	6289	117	2304	1.0482395767570125	0.5506949418150962	672	0.05078125	0.0025787353515625	16.217666625976562	0.4556511447505618	fdr_bh
Nematoda	intersection	6444	GO:0005525	GTP binding	MF	2	6289	36	2304	1.302591826999523	0.5506949418150962	279	0.015625	0.000244140625	1.535400390625	0.4539738470917766	fdr_bh
Nematoda	intersection	6444	GO:0006412	translation	BP	4	6289	55	2304	1.1161381869695086	0.5782306236702787	369	0.023871527777777776	0.000569849838445216	3.5837856339819636	0.48136965625343	fdr_bh
Nematoda	intersection	6444	GO:0031514	motile cilium	CC	3	6289	47	2304	1.146327981750599	0.5801051702529254	120	0.020399305555555556	0.00041613166714891974	2.617052054699556	0.48587488879052126	fdr_bh
Nematoda	intersection	6444	GO:0008285	negative regulation of cell population proliferation	BP	2	6289	38	2304	1.1690851854510953	0.6053741380960842	180	0.016493055555555556	0.000272020881558642	1.7107393241222995	0.5101122178880709	fdr_bh
Nematoda	intersection	6444	GO:0098793	presynapse	CC	2	6289	39	2304	1.1099007283309548	0.6192042913079765	325	0.016927083333333332	0.00028652615017361107	1.80196295844184	0.53778107267768	fdr_bh
Nematoda	intersection	6444	GO:0016567	protein ubiquitination	BP	13	6289	105	2304	0.9952864898543295	0.6192042913079765	577	0.045572916666666664	0.002076890733506944	13.061565823025171	0.5437682355141114	fdr_bh
Nematoda	intersection	6444	GO:0001228	DNA-binding transcription activator activity, RNA polymerase II-specific	MF	2	6289	39	2304	1.1099007283309548	0.6192042913079765	276	0.016927083333333332	0.00028652615017361107	1.80196295844184	0.53778107267768	fdr_bh
Nematoda	intersection	6444	GO:0031965	nuclear membrane	CC	3	6289	49	2304	1.0546599382286848	0.6192042913079765	262	0.021267361111111112	0.0004523006486304013	2.844518779236594	0.541135366146701	fdr_bh
Nematoda	intersection	6444	GO:0005768	endosome	CC	5	6289	64	2304	1.0303704881539195	0.6192042913079765	334	0.027777777777777776	0.0007716049382716049	4.852623456790123	0.5333369555353515	fdr_bh
Nematoda	intersection	6444	GO:0019899	enzyme binding	MF	5	6289	64	2304	1.0303704881539195	0.6192042913079765	390	0.027777777777777776	0.0007716049382716049	4.852623456790123	0.5333369555353515	fdr_bh
Nematoda	intersection	6444	GO:0010628	positive regulation of gene expression	BP	2	6289	39	2304	1.1099007283309548	0.6192042913079765	247	0.016927083333333332	0.00028652615017361107	1.80196295844184	0.53778107267768	fdr_bh
Nematoda	intersection	6444	GO:0061630	ubiquitin protein ligase activity	MF	7	6289	78	2304	0.9711631372895854	0.6576604798136301	391	0.033854166666666664	0.0011461046006944443	7.20785183376736	0.5808777842008712	fdr_bh
Nematoda	intersection	6444	GO:0016604	nuclear body	CC	4	6289	59	2304	0.9699276114859994	0.6646733464491356	342	0.025607638888888888	0.0006557511694637345	4.124019104757426	0.5904458661350189	fdr_bh
Nematoda	intersection	6444	GO:0046982	protein heterodimerization activity	MF	2	6289	42	2304	0.9570062402445474	0.6915314863132266	257	0.018229166666666668	0.0003323025173611112	2.089850531684028	0.6178149319346593	fdr_bh
Nematoda	intersection	6444	GO:0030674	protein-macromolecule adaptor activity	MF	3	6289	53	2304	0.9014733042673806	0.7192311750752785	268	0.023003472222222224	0.0005291597342785495	3.327885568877798	0.6462127816666208	fdr_bh
Nematoda	intersection	6444	GO:0006888	endoplasmic reticulum to Golgi vesicle-mediated transport	BP	2	6289	44	2304	0.8719829585699286	0.7307903403198056	232	0.019097222222222224	0.0003647038966049383	2.293622805748457	0.6677272145054061	fdr_bh
Nematoda	intersection	6444	GO:0005764	lysosome	CC	2	6289	44	2304	0.8719829585699286	0.7307903403198056	220	0.019097222222222224	0.0003647038966049383	2.293622805748457	0.6677272145054061	fdr_bh
Nematoda	intersection	6444	GO:0005769	early endosome	CC	4	6289	62	2304	0.8783345514003026	0.7307903403198056	387	0.026909722222222224	0.0007241331500771606	4.554073380835263	0.6668380696059688	fdr_bh
Nematoda	intersection	6444	GO:0006357	regulation of transcription by RNA polymerase II	BP	21	6289	139	2304	0.9174302355887122	0.7425800106327088	767	0.06032986111111111	0.0036396921416859567	22.890023879062984	0.6822689437792908	fdr_bh
Nematoda	intersection	6444	GO:0005819	spindle	CC	2	6289	45	2304	0.8336587692796947	0.7443080500075435	181	0.01953125	0.0003814697265625	2.3990631103515625	0.6914130616821343	fdr_bh
Nematoda	intersection	6444	GO:0005635	nuclear envelope	CC	2	6289	45	2304	0.8336587692796947	0.7443080500075435	179	0.01953125	0.0003814697265625	2.3990631103515625	0.6914130616821343	fdr_bh
Nematoda	intersection	6444	GO:0031410	cytoplasmic vesicle	CC	5	6289	72	2304	0.8141198918747019	0.7854128795819216	423	0.03125	0.0009765625	6.1416015625	0.7335836032643329	fdr_bh
Nematoda	intersection	6444	GO:0030027	lamellipodium	CC	2	6289	48	2304	0.7327079026872317	0.8058128496692594	197	0.020833333333333332	0.00043402777777777775	2.729600694444444	0.7567278029888983	fdr_bh
Nematoda	intersection	6444	GO:0007283	spermatogenesis	BP	3	6289	59	2304	0.7274457086144995	0.8257128193368399	323	0.025607638888888888	0.0006557511694637345	4.124019104757426	0.7796070273941738	fdr_bh
Nematoda	intersection	6444	GO:0005576	extracellular region	CC	21	6289	145	2304	0.8430758421788114	0.8535725392110709	832	0.06293402777777778	0.003960691852334105	24.908791059329186	0.8102439839211688	fdr_bh
Nematoda	intersection	6444	GO:0016607	nuclear speck	CC	7	6289	90	2304	0.7294514231197329	0.8828106911431445	510	0.0390625	0.00152587890625	9.59625244140625	0.8424792382482801	fdr_bh
Nematoda	intersection	6444	GO:0005856	cytoskeleton	CC	18	6289	138	2304	0.7978067144571747	0.8942504347673469	580	0.059895833333333336	0.003587510850694445	22.561855740017364	0.858814977146553	fdr_bh
Nematoda	intersection	6444	GO:0010008	endosome membrane	CC	3	6289	64	2304	0.6182222928923518	0.8942504347673469	348	0.027777777777777776	0.0007716049382716049	4.852623456790123	0.862475038608101	fdr_bh
Nematoda	intersection	6444	GO:0005085	guanyl-nucleotide exchange factor activity	MF	2	6289	58	2304	0.5018308584397686	0.9359220944441657	206	0.025173611111111112	0.0006337106963734568	3.98540656949267	0.9074168529890134	fdr_bh
Nematoda	intersection	6444	GO:0045893	positive regulation of DNA-templated transcription	BP	11	6289	118	2304	0.6668252328966245	0.9577015040234804	548	0.051215277777777776	0.002623004677854938	16.496076419029706	0.9382557882057447	fdr_bh
Nematoda	intersection	6444	GO:0060271	cilium assembly	BP	3	6289	71	2304	0.502328607753833	0.9577015040234804	230	0.030815972222222224	0.0009496241440007717	5.972186241620854	0.9368643715106548	fdr_bh
Nematoda	intersection	6444	GO:0003713	transcription coactivator activity	MF	3	6289	74	2304	0.46242485604219746	0.9714341830681812	314	0.03211805555555555	0.0010315694926697528	6.487540539400076	0.9566407691128281	fdr_bh
Nematoda	intersection	6444	GO:0006974	DNA damage response	BP	2	6289	70	2304	0.3445222464880371	0.9895880450567822	278	0.030381944444444444	0.0009230625482253086	5.805140365788966	0.9795414659191499	fdr_bh
Nematoda	intersection	6444	GO:0005813	centrosome	CC	9	6289	139	2304	0.39318438668087663	0.9996863690781246	481	0.06032986111111111	0.0036396921416859567	22.890023879062984	0.9996863690781246	fdr_bh
Nematoda	intersection	6444	GO:0005929	cilium	CC	3	6289	92	2304	0.29917751792144054	0.9996863690781246	321	0.03993055555555555	0.0015944492669753084	10.027491440007715	0.9973065185510266	fdr_bh
