nodename	pair_label	pair_key	species_key	ortholog1	ortholog2	gene1	gene2	scaffold1	scaffold2	strand1	strand2	start1	end1	start2	end2	tss1	tss2	tss_to_tss_bp	edge_to_edge_bp	orientation	same_scaffold	status
Arthropoda	MIX23/KPNA6	Simakov2022BCnS_genefamily_3226|Simakov2022BCnS_genefamily_4977	Drosophilamelanogaster-7227-GCF000001215.4	Simakov2022BCnS_genefamily_3226	Simakov2022BCnS_genefamily_4977	NP_730454.2	NP_524167.1	NT_037436.4	NT_037436.4	+	+	19806202	19806790	19807937	19809820	19806202	19807937	1735	1147	tandem_same_strand	True	ok
Arthropoda	MIX23/KPNA6	Simakov2022BCnS_genefamily_3226|Simakov2022BCnS_genefamily_4977	Anophelesfunestus-62324-GCF943734845.2	Simakov2022BCnS_genefamily_3226	Simakov2022BCnS_genefamily_4977	XP_049295719.1	XP_049294289.1	NC_064599.1	NC_064599.1	-	-	25464642	25465255	43762545	43764772	25465255	43764772	18299517	18297290	tandem_same_strand	True	ok
Arthropoda	MIX23/KPNA6	Simakov2022BCnS_genefamily_3226|Simakov2022BCnS_genefamily_4977	Aedesaegypti-7159-GCF002204515.2	Simakov2022BCnS_genefamily_3226	Simakov2022BCnS_genefamily_4977	XP_001661137.1	XP_021697593.1	NC_035108.1	NC_035108.1	-	+	108496291	108497935	108510084	108520102	108497935	108510084	12149	12149	divergent	True	ok
Arthropoda	MIX23/KPNA6	Simakov2022BCnS_genefamily_3226|Simakov2022BCnS_genefamily_4977	Apismellifera-7460-GCF000002195.4	Simakov2022BCnS_genefamily_3226	Simakov2022BCnS_genefamily_4977	XP_001121747.1	XP_393050.2	NC_007073.3	NC_007073.3	-	-	8025735	8026554	424372	426594	8026554	426594	7599960	7599141	tandem_same_strand	True	ok
Arthropoda	MIX23/KPNA6	Simakov2022BCnS_genefamily_3226|Simakov2022BCnS_genefamily_4977	Bombusterrestris-30195-GCF000214255.1	Simakov2022BCnS_genefamily_3226	Simakov2022BCnS_genefamily_4977	XP_020718482.1	XP_003395168.1	NC_015765.1	NC_015765.1	+	-	8605442	8606416	5905153	5907252	8605442	5907252	2698190	2698190	divergent	True	ok
Arthropoda	MIX23/KPNA6	Simakov2022BCnS_genefamily_3226|Simakov2022BCnS_genefamily_4977	Triboliumcastaneum-7070-GCF000002335.3	Simakov2022BCnS_genefamily_3226	Simakov2022BCnS_genefamily_4977	XP_968190.1	XP_968505.1	NC_007417.3	NC_007417.3	-	+	8965997	8966467	8976464	8979802	8966467	8976464	9997	9997	divergent	True	ok
Arthropoda	MIX23/KPNA6	Simakov2022BCnS_genefamily_3226|Simakov2022BCnS_genefamily_4977	Bombyxmori-7091-GCF014905235.1	Simakov2022BCnS_genefamily_3226	Simakov2022BCnS_genefamily_4977	XP_037868914.1	XP_004925200.1	NC_051366.1	NC_051366.1	-	-	7030204	7031224	7011337	7020062	7031224	7020062	11162	10142	tandem_same_strand	True	ok
Arthropoda	MIX23/KPNA6	Simakov2022BCnS_genefamily_3226|Simakov2022BCnS_genefamily_4977	Daphniapulex-6669-GCF021134715.1	Simakov2022BCnS_genefamily_3226	Simakov2022BCnS_genefamily_4977	XP_046461654.1	XP_046438536.1	NC_060027.1	NC_060019.1	+	-	2582428	2583251	11559910	11562019						False	different_scaffold
Arthropoda	MIX23/KPNA6	Simakov2022BCnS_genefamily_3226|Simakov2022BCnS_genefamily_4977	Penaeusmonodon-6687-GCF015228065.2	Simakov2022BCnS_genefamily_3226	Simakov2022BCnS_genefamily_4977	XP_037774201.1	XP_037794630.1	NC_051389.1	NC_051411.1	-	+	17059675	17066364	22232449	22245157						False	different_scaffold
Arthropoda	MIX23/KPNA6	Simakov2022BCnS_genefamily_3226|Simakov2022BCnS_genefamily_4977	Parasteatodatepidariorum-114398-GCF043381705.1	Simakov2022BCnS_genefamily_3226	Simakov2022BCnS_genefamily_4977	XP_015930790.3	XP_042908518.1	NC_092212.1	NC_092212.1	+	-	65767465	65777698	65747765	65767477	65767465	65767477	12	0	convergent	True	ok
Arthropoda	BRAF/PBX1	Simakov2022BCnS_genefamily_2752|Simakov2022BCnS_genefamily_9294	Drosophilamelanogaster-7227-GCF000001215.4	Simakov2022BCnS_genefamily_2752	Simakov2022BCnS_genefamily_9294	NP_001096867.3	NP_001259592.1	NC_004354.4	NC_004354.4	+	+	2340886	2343431	15993509	15994972	2340886	15993509	13652623	13650078	tandem_same_strand	True	ok
Arthropoda	BRAF/PBX1	Simakov2022BCnS_genefamily_2752|Simakov2022BCnS_genefamily_9294	Anophelesfunestus-62324-GCF943734845.2	Simakov2022BCnS_genefamily_2752	Simakov2022BCnS_genefamily_9294	XP_049295263.1	XP_049295270.1	NC_064599.1	NC_064599.1	-	+	44255430	44257783	44277848	44285226	44257783	44277848	20065	20065	divergent	True	ok
Arthropoda	BRAF/PBX1	Simakov2022BCnS_genefamily_2752|Simakov2022BCnS_genefamily_9294	Aedesaegypti-7159-GCF002204515.2	Simakov2022BCnS_genefamily_2752	Simakov2022BCnS_genefamily_9294	XP_021710700.1	XP_021709157.1	NC_035109.1	NC_035109.1	-	+	275466878	275506118	275650203	275745330	275506118	275650203	144085	144085	divergent	True	ok
Arthropoda	BRAF/PBX1	Simakov2022BCnS_genefamily_2752|Simakov2022BCnS_genefamily_9294	Apismellifera-7460-GCF000002195.4	Simakov2022BCnS_genefamily_2752	Simakov2022BCnS_genefamily_9294	XP_396892.2	XP_006558038.2	NC_007072.3	NC_007072.3	+	-	1825352	1827499	1215781	1266369	1825352	1266369	558983	558983	divergent	True	ok
Arthropoda	BRAF/PBX1	Simakov2022BCnS_genefamily_2752|Simakov2022BCnS_genefamily_9294	Bombusterrestris-30195-GCF000214255.1	Simakov2022BCnS_genefamily_2752	Simakov2022BCnS_genefamily_9294	XP_020718251.1	XP_012176192.1	NC_015764.1	NC_015764.1	-	-	1081005	1083353	595084	629561	1083353	629561	453792	451444	tandem_same_strand	True	ok
Arthropoda	BRAF/PBX1	Simakov2022BCnS_genefamily_2752|Simakov2022BCnS_genefamily_9294	Triboliumcastaneum-7070-GCF000002335.3	Simakov2022BCnS_genefamily_2752	Simakov2022BCnS_genefamily_9294	XP_008198803.1	NP_001034501.1	NC_007425.3	NC_007425.3	-	+	5747375	5753118	3154634	3154955	5753118	3154634	2598484	2592420	convergent	True	ok
Arthropoda	BRAF/PBX1	Simakov2022BCnS_genefamily_2752|Simakov2022BCnS_genefamily_9294	Bombyxmori-7091-GCF014905235.1	Simakov2022BCnS_genefamily_2752	Simakov2022BCnS_genefamily_9294	XP_012547726.2	XP_004928670.1	NC_051372.1	NC_051372.1	-	-	947121	958650	1629744	1643863	958650	1643863	685213	671094	tandem_same_strand	True	ok
Arthropoda	BRAF/PBX1	Simakov2022BCnS_genefamily_2752|Simakov2022BCnS_genefamily_9294	Daphniapulex-6669-GCF021134715.1	Simakov2022BCnS_genefamily_2752	Simakov2022BCnS_genefamily_9294	XP_046444053.1	XP_046450737.1	NC_060021.1	NC_060023.1	+	+	7351925	7356836	11357936	11359644						False	different_scaffold
Arthropoda	BRAF/PBX1	Simakov2022BCnS_genefamily_2752|Simakov2022BCnS_genefamily_9294	Penaeusmonodon-6687-GCF015228065.2	Simakov2022BCnS_genefamily_2752	Simakov2022BCnS_genefamily_9294	XP_037802534.1	XP_037797470.1	NC_051423.1	NC_051415.1	-	-	2135140	2157585	22411612	22449117						False	different_scaffold
Arthropoda	BRAF/PBX1	Simakov2022BCnS_genefamily_2752|Simakov2022BCnS_genefamily_9294	Parasteatodatepidariorum-114398-GCF043381705.1	Simakov2022BCnS_genefamily_2752	Simakov2022BCnS_genefamily_9294	XP_015915865.1	XP_021001008.1														False	missing_chrom_gene
Arthropoda	WDR59/DNAH7	Simakov2022BCnS_genefamily_12561|Simakov2022BCnS_genefamily_3762	Drosophilamelanogaster-7227-GCF000001215.4	Simakov2022BCnS_genefamily_12561	Simakov2022BCnS_genefamily_3762	NP_609485.4	NP_523591.2	NT_033779.5	NT_033779.5	+	+	11091567	11094837	17501467	17525454	11091567	17501467	6409900	6406630	tandem_same_strand	True	ok
Arthropoda	WDR59/DNAH7	Simakov2022BCnS_genefamily_12561|Simakov2022BCnS_genefamily_3762	Anophelesfunestus-62324-GCF943734845.2	Simakov2022BCnS_genefamily_12561	Simakov2022BCnS_genefamily_3762	XP_049282105.1	XP_049288600.1	NC_064598.1	NC_064598.1	-	+	86390917	86395418	74496758	74510269	86395418	74496758	11898660	11880648	convergent	True	ok
Arthropoda	WDR59/DNAH7	Simakov2022BCnS_genefamily_12561|Simakov2022BCnS_genefamily_3762	Aedesaegypti-7159-GCF002204515.2	Simakov2022BCnS_genefamily_12561	Simakov2022BCnS_genefamily_3762	XP_021701961.1	XP_021702305.1	NC_035108.1	NC_035108.1	+	+	351064228	351078200	369621258	369639636	351064228	369621258	18557030	18543058	tandem_same_strand	True	ok
Arthropoda	WDR59/DNAH7	Simakov2022BCnS_genefamily_12561|Simakov2022BCnS_genefamily_3762	Apismellifera-7460-GCF000002195.4	Simakov2022BCnS_genefamily_12561	Simakov2022BCnS_genefamily_3762	XP_006566465.1	XP_016770761.1	NC_007080.3	NC_007080.3	+	-	11473406	11478573	10400537	10414632	11473406	10414632	1058774	1058774	divergent	True	ok
Arthropoda	WDR59/DNAH7	Simakov2022BCnS_genefamily_12561|Simakov2022BCnS_genefamily_3762	Bombusterrestris-30195-GCF000214255.1	Simakov2022BCnS_genefamily_12561	Simakov2022BCnS_genefamily_3762	XP_012169722.1	XP_020721195.1	NC_015772.1	NC_015772.1	+	-	15441684	15446918	11826326	11845048	15441684	11845048	3596636	3596636	divergent	True	ok
Arthropoda	WDR59/DNAH7	Simakov2022BCnS_genefamily_12561|Simakov2022BCnS_genefamily_3762	Triboliumcastaneum-7070-GCF000002335.3	Simakov2022BCnS_genefamily_12561	Simakov2022BCnS_genefamily_3762	XP_008194273.1	XP_015835680.1	NC_007420.3	NC_007420.3	+	+	12644817	12649990	13704445	13719764	12644817	13704445	1059628	1054455	tandem_same_strand	True	ok
Arthropoda	WDR59/DNAH7	Simakov2022BCnS_genefamily_12561|Simakov2022BCnS_genefamily_3762	Bombyxmori-7091-GCF014905235.1	Simakov2022BCnS_genefamily_12561	Simakov2022BCnS_genefamily_3762	XP_012550057.1	XP_037866676.1	NC_051361.1	NC_051361.1	+	+	12963485	12974750	14014773	14069139	12963485	14014773	1051288	1040023	tandem_same_strand	True	ok
Arthropoda	WDR59/DNAH7	Simakov2022BCnS_genefamily_12561|Simakov2022BCnS_genefamily_3762	Daphniapulex-6669-GCF021134715.1	Simakov2022BCnS_genefamily_12561	Simakov2022BCnS_genefamily_3762	XP_046440628.1	XP_046452373.1	NC_060019.1	NC_060024.1	-	+	12028443	12033969	10696806	10711301						False	different_scaffold
Arthropoda	WDR59/DNAH7	Simakov2022BCnS_genefamily_12561|Simakov2022BCnS_genefamily_3762	Penaeusmonodon-6687-GCF015228065.2	Simakov2022BCnS_genefamily_12561	Simakov2022BCnS_genefamily_3762	XP_037786124.1	XP_037775624.1	NC_051400.1	NC_051389.1	-	-	36884101	36902615	50551126	50632303						False	different_scaffold
Arthropoda	WDR59/DNAH7	Simakov2022BCnS_genefamily_12561|Simakov2022BCnS_genefamily_3762	Parasteatodatepidariorum-114398-GCF043381705.1	Simakov2022BCnS_genefamily_12561	Simakov2022BCnS_genefamily_3762	XP_071035553.1	XP_071036884.1	NC_092207.1	NC_092208.1	-	+	14631259	14669826	90812396	90917947						False	different_scaffold
Arthropoda	SF3B1/CDR2	Simakov2022BCnS_genefamily_10682|Simakov2022BCnS_genefamily_2543	Drosophilamelanogaster-7227-GCF000001215.4	Simakov2022BCnS_genefamily_10682	Simakov2022BCnS_genefamily_2543	NP_001259837.1	NP_610049.1	NT_033779.5	NT_033779.5	+	-	568406	572650	20679120	20681492	568406	20681492	20113086	20106470	convergent	True	ok
Arthropoda	SF3B1/CDR2	Simakov2022BCnS_genefamily_10682|Simakov2022BCnS_genefamily_2543	Anophelesfunestus-62324-GCF943734845.2	Simakov2022BCnS_genefamily_10682	Simakov2022BCnS_genefamily_2543	XP_049290654.1	XP_049300429.1	NC_064597.1	NC_064597.1	-	-	10919901	10924559	7221850	7234487	10924559	7234487	3690072	3685414	tandem_same_strand	True	ok
Arthropoda	SF3B1/CDR2	Simakov2022BCnS_genefamily_10682|Simakov2022BCnS_genefamily_2543	Aedesaegypti-7159-GCF002204515.2	Simakov2022BCnS_genefamily_10682	Simakov2022BCnS_genefamily_2543	XP_001657046.1	XP_021695902.1														False	missing_chrom_gene
Arthropoda	SF3B1/CDR2	Simakov2022BCnS_genefamily_10682|Simakov2022BCnS_genefamily_2543	Apismellifera-7460-GCF000002195.4	Simakov2022BCnS_genefamily_10682	Simakov2022BCnS_genefamily_2543	XP_623732.1	XP_006569923.1	NC_007072.3	NC_007072.3	+	-	7383792	7391428	12913621	12949079	7383792	12949079	5565287	5522193	convergent	True	ok
Arthropoda	SF3B1/CDR2	Simakov2022BCnS_genefamily_10682|Simakov2022BCnS_genefamily_2543	Bombusterrestris-30195-GCF000214255.1	Simakov2022BCnS_genefamily_10682	Simakov2022BCnS_genefamily_2543	XP_003394583.1	XP_020721295.1	NC_015764.1	NC_015772.1	+	-	11106595	11114103	15946358	15946964						False	different_scaffold
Arthropoda	SF3B1/CDR2	Simakov2022BCnS_genefamily_10682|Simakov2022BCnS_genefamily_2543	Triboliumcastaneum-7070-GCF000002335.3	Simakov2022BCnS_genefamily_10682	Simakov2022BCnS_genefamily_2543	XP_971484.2	XP_008199921.1	NC_007424.3	NC_007424.3	+	-	5900042	5904810	7860655	7892865	5900042	7892865	1992823	1955845	convergent	True	ok
Arthropoda	SF3B1/CDR2	Simakov2022BCnS_genefamily_10682|Simakov2022BCnS_genefamily_2543	Bombyxmori-7091-GCF014905235.1	Simakov2022BCnS_genefamily_10682	Simakov2022BCnS_genefamily_2543	XP_004924832.1	XP_012552996.1	NC_051367.1	NC_051367.1	+	-	8219850	8233593	12491603	12564750	8219850	12564750	4344900	4258010	convergent	True	ok
Arthropoda	SF3B1/CDR2	Simakov2022BCnS_genefamily_10682|Simakov2022BCnS_genefamily_2543	Daphniapulex-6669-GCF021134715.1	Simakov2022BCnS_genefamily_10682	Simakov2022BCnS_genefamily_2543	XP_046461193.1	XP_046457684.1	NC_060027.1	NC_060026.1	-	+	4648775	4654283	980030	985038						False	different_scaffold
Arthropoda	SF3B1/CDR2	Simakov2022BCnS_genefamily_10682|Simakov2022BCnS_genefamily_2543	Penaeusmonodon-6687-GCF015228065.2	Simakov2022BCnS_genefamily_10682	Simakov2022BCnS_genefamily_2543	XP_037780171.1	XP_037805209.1	NC_051386.1	NC_051428.1	-	-	34149049	34152535	6542963	6595490						False	different_scaffold
Arthropoda	SF3B1/CDR2	Simakov2022BCnS_genefamily_10682|Simakov2022BCnS_genefamily_2543	Parasteatodatepidariorum-114398-GCF043381705.1	Simakov2022BCnS_genefamily_10682	Simakov2022BCnS_genefamily_2543	XP_015922847.2	XP_042898401.1	NC_092208.1	NC_092208.1	+	+	23856000	23892765	79444026	79525861	23856000	79444026	55588026	55551261	tandem_same_strand	True	ok
Arthropoda	CDK13/HPD	Simakov2022BCnS_genefamily_11602|Simakov2022BCnS_genefamily_4874	Drosophilamelanogaster-7227-GCF000001215.4	Simakov2022BCnS_genefamily_11602	Simakov2022BCnS_genefamily_4874	NP_001262167.1	NP_730536.1	NT_037436.4	NT_037436.4	+	-	21517582	21521781	20438226	20439774	21517582	20439774	1077808	1077808	divergent	True	ok
Arthropoda	CDK13/HPD	Simakov2022BCnS_genefamily_11602|Simakov2022BCnS_genefamily_4874	Anophelesfunestus-62324-GCF943734845.2	Simakov2022BCnS_genefamily_11602	Simakov2022BCnS_genefamily_4874	XP_049295898.1	XP_049296122.1	NC_064599.1	NC_064599.1	-	+	26884595	26890068	27170015	27171343	26890068	27170015	279947	279947	divergent	True	ok
Arthropoda	CDK13/HPD	Simakov2022BCnS_genefamily_11602|Simakov2022BCnS_genefamily_4874	Aedesaegypti-7159-GCF002204515.2	Simakov2022BCnS_genefamily_11602	Simakov2022BCnS_genefamily_4874	XP_001659986.2	XP_001649088.2	NC_035109.1	NC_035109.1	-	-	297773018	297801096	313919303	313926494	297801096	313926494	16125398	16118207	tandem_same_strand	True	ok
Arthropoda	CDK13/HPD	Simakov2022BCnS_genefamily_11602|Simakov2022BCnS_genefamily_4874	Apismellifera-7460-GCF000002195.4	Simakov2022BCnS_genefamily_11602	Simakov2022BCnS_genefamily_4874	XP_006564021.1	XP_001121254.2	NC_007072.3	NC_007072.3	-	+	7334534	7343553	9589145	9591735	7343553	9589145	2245592	2245592	divergent	True	ok
Arthropoda	CDK13/HPD	Simakov2022BCnS_genefamily_11602|Simakov2022BCnS_genefamily_4874	Bombusterrestris-30195-GCF000214255.1	Simakov2022BCnS_genefamily_11602	Simakov2022BCnS_genefamily_4874	XP_020724385.1	XP_003394711.1	NC_015764.1	NC_015764.1	-	-	11034087	11044363	14220400	14222652	11044363	14222652	3178289	3176037	tandem_same_strand	True	ok
Arthropoda	CDK13/HPD	Simakov2022BCnS_genefamily_11602|Simakov2022BCnS_genefamily_4874	Triboliumcastaneum-7070-GCF000002335.3	Simakov2022BCnS_genefamily_11602	Simakov2022BCnS_genefamily_4874	XP_015839095.1	XP_973835.1	NC_007424.3	NC_007424.3	-	+	14218153	14221847	13444329	13446996	14221847	13444329	777518	771157	convergent	True	ok
Arthropoda	CDK13/HPD	Simakov2022BCnS_genefamily_11602|Simakov2022BCnS_genefamily_4874	Bombyxmori-7091-GCF014905235.1	Simakov2022BCnS_genefamily_11602	Simakov2022BCnS_genefamily_4874	XP_012553370.1	XP_012544109.2	NC_051365.1	NC_051365.1	+	-	14210746	14224676	3998129	4009344	14210746	4009344	10201402	10201402	divergent	True	ok
Arthropoda	CDK13/HPD	Simakov2022BCnS_genefamily_11602|Simakov2022BCnS_genefamily_4874	Daphniapulex-6669-GCF021134715.1	Simakov2022BCnS_genefamily_11602	Simakov2022BCnS_genefamily_4874	XP_046436883.1	XP_046447668.1	NC_060018.1	NC_060023.1	-	-	7196752	7201250	11961739	11963629						False	different_scaffold
Arthropoda	CDK13/HPD	Simakov2022BCnS_genefamily_11602|Simakov2022BCnS_genefamily_4874	Penaeusmonodon-6687-GCF015228065.2	Simakov2022BCnS_genefamily_11602	Simakov2022BCnS_genefamily_4874	XP_037777429.1	XP_037799122.1	NC_051391.1	NC_051418.1	+	+	17826741	17837337	20738401	20752334						False	different_scaffold
Arthropoda	CDK13/HPD	Simakov2022BCnS_genefamily_11602|Simakov2022BCnS_genefamily_4874	Parasteatodatepidariorum-114398-GCF043381705.1	Simakov2022BCnS_genefamily_11602	Simakov2022BCnS_genefamily_4874	XP_015918218.2	XP_042909661.1	NC_092213.1	NC_092208.1	+	-	7918517	7937371	42381255	42396479						False	different_scaffold
Arthropoda	BPTF/RNF40	Simakov2022BCnS_genefamily_6525|Simakov2022BCnS_genefamily_8065	Drosophilamelanogaster-7227-GCF000001215.4	Simakov2022BCnS_genefamily_6525	Simakov2022BCnS_genefamily_8065	NP_001163304.1	NP_001286950.1	NT_037436.4	NT_037436.4	-	-	234299	246216	5790545	5793845	246216	5793845	5547629	5544329	tandem_same_strand	True	ok
Arthropoda	BPTF/RNF40	Simakov2022BCnS_genefamily_6525|Simakov2022BCnS_genefamily_8065	Anophelesfunestus-62324-GCF943734845.2	Simakov2022BCnS_genefamily_6525	Simakov2022BCnS_genefamily_8065	XP_049296408.1	XP_049297695.1	NC_064599.1	NC_064599.1	-	-	8251453	8269039	10413422	10417017	8269039	10417017	2147978	2144383	tandem_same_strand	True	ok
Arthropoda	BPTF/RNF40	Simakov2022BCnS_genefamily_6525|Simakov2022BCnS_genefamily_8065	Aedesaegypti-7159-GCF002204515.2	Simakov2022BCnS_genefamily_6525	Simakov2022BCnS_genefamily_8065	XP_021697849.1	XP_001650655.1	NC_035108.1	NC_035108.1	-	+	121866880	121907566	55678076	55692313	121907566	55678076	66229490	66174567	convergent	True	ok
Arthropoda	BPTF/RNF40	Simakov2022BCnS_genefamily_6525|Simakov2022BCnS_genefamily_8065	Apismellifera-7460-GCF000002195.4	Simakov2022BCnS_genefamily_6525	Simakov2022BCnS_genefamily_8065	XP_006568023.1	XP_016767002.1	NC_007072.3	NC_007072.3	+	-	9563333	9574495	2530479	2535148	9563333	2535148	7028185	7028185	divergent	True	ok
Arthropoda	BPTF/RNF40	Simakov2022BCnS_genefamily_6525|Simakov2022BCnS_genefamily_8065	Bombusterrestris-30195-GCF000214255.1	Simakov2022BCnS_genefamily_6525	Simakov2022BCnS_genefamily_8065	XP_012176634.1	XP_020724266.1	NC_015764.1	NC_015764.1	-	+	14241098	14251981	8879367	8883855	14251981	8879367	5372614	5357243	convergent	True	ok
Arthropoda	BPTF/RNF40	Simakov2022BCnS_genefamily_6525|Simakov2022BCnS_genefamily_8065	Triboliumcastaneum-7070-GCF000002335.3	Simakov2022BCnS_genefamily_6525	Simakov2022BCnS_genefamily_8065	XP_015838690.1	XP_971710.2	NC_007424.3	NC_007424.3	+	-	5190057	5203976	5937807	5942350	5190057	5942350	752293	733831	convergent	True	ok
Arthropoda	BPTF/RNF40	Simakov2022BCnS_genefamily_6525|Simakov2022BCnS_genefamily_8065	Bombyxmori-7091-GCF014905235.1	Simakov2022BCnS_genefamily_6525	Simakov2022BCnS_genefamily_8065	XP_004924858.2	XP_021206385.1	NC_051367.1	NC_051367.1	-	+	8731057	8752583	4022043	4033294	8752583	4022043	4730540	4697763	convergent	True	ok
Arthropoda	BPTF/RNF40	Simakov2022BCnS_genefamily_6525|Simakov2022BCnS_genefamily_8065	Daphniapulex-6669-GCF021134715.1	Simakov2022BCnS_genefamily_6525	Simakov2022BCnS_genefamily_8065	XP_046449620.1	XP_046446400.1	NC_060023.1	NC_060022.1	+	+	9236860	9243992	3873975	3877554						False	different_scaffold
Arthropoda	BPTF/RNF40	Simakov2022BCnS_genefamily_6525|Simakov2022BCnS_genefamily_8065	Penaeusmonodon-6687-GCF015228065.2	Simakov2022BCnS_genefamily_6525	Simakov2022BCnS_genefamily_8065	XP_037782430.1	XP_037782894.1	NC_051396.1	NC_051397.1	-	+	24891826	24904301	6700721	6724452						False	different_scaffold
Arthropoda	BPTF/RNF40	Simakov2022BCnS_genefamily_6525|Simakov2022BCnS_genefamily_8065	Parasteatodatepidariorum-114398-GCF043381705.1	Simakov2022BCnS_genefamily_6525	Simakov2022BCnS_genefamily_8065	XP_042904894.1	XP_042898597.1	NC_092207.1	NC_092205.1	+	+	61310609	61354395	44653928	44686716						False	different_scaffold
Vertebrata	ATP6V1D/EIF2S1	Simakov2022BCnS_genefamily_1312|Simakov2022BCnS_genefamily_3869	Homosapiens-9606-GCF000001405.40	Simakov2022BCnS_genefamily_1312	Simakov2022BCnS_genefamily_3869	NP_057078.1	NP_004085.1	NC_000014.9	NC_000014.9	-	+	67338621	67359658	67364768	67383315	67359658	67364768	5110	5110	divergent	True	ok
Vertebrata	ATP6V1D/EIF2S1	Simakov2022BCnS_genefamily_1312|Simakov2022BCnS_genefamily_3869	Musmusculus-10090-GCF000001635.27	Simakov2022BCnS_genefamily_1312	Simakov2022BCnS_genefamily_3869	NP_076210.1	NP_080390.1	NC_000078.7	NC_000078.7	-	+	78890243	78908233	78913301	78931690	78908233	78913301	5068	5068	divergent	True	ok
Vertebrata	ATP6V1D/EIF2S1	Simakov2022BCnS_genefamily_1312|Simakov2022BCnS_genefamily_3869	Rattusnorvegicus-10116-GCF000001895.5	Simakov2022BCnS_genefamily_1312	Simakov2022BCnS_genefamily_3869	NP_955418.1	NP_062229.1	NC_005105.4	NC_005105.4	-	+	102032746	102047638	102052813	102072514	102047638	102052813	5175	5175	divergent	True	ok
Vertebrata	ATP6V1D/EIF2S1	Simakov2022BCnS_genefamily_1312|Simakov2022BCnS_genefamily_3869	Pantroglodytes-9598-GCF000001515.7	Simakov2022BCnS_genefamily_1312	Simakov2022BCnS_genefamily_3869	XP_001136552.1	XP_510016.1	NC_006481.4	NC_006481.4	-	+	51710569	51732104	51737156	51755561	51732104	51737156	5052	5052	divergent	True	ok
Vertebrata	ATP6V1D/EIF2S1	Simakov2022BCnS_genefamily_1312|Simakov2022BCnS_genefamily_3869	Gallusgallus-9031-GCF000002315.6	Simakov2022BCnS_genefamily_1312	Simakov2022BCnS_genefamily_3869	NP_001264368.1	XP_025006491.1	NC_006092.5	NC_006092.5	+	-	29180700	29187871	29171145	29178507	29180700	29178507	2193	2193	divergent	True	ok
Vertebrata	ATP6V1D/EIF2S1	Simakov2022BCnS_genefamily_1312|Simakov2022BCnS_genefamily_3869	Anoliscarolinensis-28377-GCF000090745.2	Simakov2022BCnS_genefamily_1312	Simakov2022BCnS_genefamily_3869		XP_008102492.1														False	missing_rbh_gene
Vertebrata	ATP6V1D/EIF2S1	Simakov2022BCnS_genefamily_1312|Simakov2022BCnS_genefamily_3869	Xenopustropicalis-8364-GCF000004195.4	Simakov2022BCnS_genefamily_1312	Simakov2022BCnS_genefamily_3869	NP_001017075.1	NP_001005630.1	NC_030684.2	NC_030684.2	+	-	119234653	119245788	119227363	119232189	119234653	119232189	2464	2464	divergent	True	ok
Vertebrata	ATP6V1D/EIF2S1	Simakov2022BCnS_genefamily_1312|Simakov2022BCnS_genefamily_3869	Daniorerio-7955-GCF000002035.6	Simakov2022BCnS_genefamily_1312	Simakov2022BCnS_genefamily_3869	NP_001161426.1	NP_571875.1	NC_007131.7	NC_007131.7	-	+	51089862	51100491	51108367	51123017	51100491	51108367	7876	7876	divergent	True	ok
Vertebrata	ATP6V1D/EIF2S1	Simakov2022BCnS_genefamily_1312|Simakov2022BCnS_genefamily_3869	Lepisosteusoculatus-7918-GCF000242695.1	Simakov2022BCnS_genefamily_1312	Simakov2022BCnS_genefamily_3869	XP_006632750.1	XP_006632751.1	NC_023185.1	NC_023185.1	-	+	35387984	35401042	35405860	35412596	35401042	35405860	4818	4818	divergent	True	ok
Vertebrata	ATP6V1D/EIF2S1	Simakov2022BCnS_genefamily_1312|Simakov2022BCnS_genefamily_3869	Petromyzonmarinus-7757-GCF010993605.1	Simakov2022BCnS_genefamily_1312	Simakov2022BCnS_genefamily_3869	XP_032813860.1	XP_032803509.1	NC_046089.1	NC_046074.1	+	-	3185573	3193940	1662889	1667876						False	different_scaffold
Vertebrata	FBXO11/MSH6	Simakov2022BCnS_genefamily_2021|Simakov2022BCnS_genefamily_3029	Homosapiens-9606-GCF000001405.40	Simakov2022BCnS_genefamily_2021	Simakov2022BCnS_genefamily_3029	NP_001361254.1	NP_000170.1	NC_000002.12	NC_000002.12	-	+	47808118	47839642	47783234	47806779	47839642	47783234	56408	1339	convergent	True	ok
Vertebrata	FBXO11/MSH6	Simakov2022BCnS_genefamily_2021|Simakov2022BCnS_genefamily_3029	Musmusculus-10090-GCF000001635.27	Simakov2022BCnS_genefamily_2021	Simakov2022BCnS_genefamily_3029	NP_001335177.1	NP_034960.1	NC_000083.7	NC_000083.7	-	+	88299474	88323123	88282577	88298233	88323123	88282577	40546	1241	convergent	True	ok
Vertebrata	FBXO11/MSH6	Simakov2022BCnS_genefamily_2021|Simakov2022BCnS_genefamily_3029	Rattusnorvegicus-10116-GCF000001895.5	Simakov2022BCnS_genefamily_2021	Simakov2022BCnS_genefamily_3029	NP_853662.1	XP_006239797.3	NC_005105.4	NC_005105.4	-	+	11663533	11686557	11644682	11662221	11686557	11644682	41875	1312	convergent	True	ok
Vertebrata	FBXO11/MSH6	Simakov2022BCnS_genefamily_2021|Simakov2022BCnS_genefamily_3029	Pantroglodytes-9598-GCF000001515.7	Simakov2022BCnS_genefamily_2021	Simakov2022BCnS_genefamily_3029	XP_003309050.2	XP_009440710.2	NC_006469.4	NC_006469.4	-	+	48921814	49019207	48871408	48920564	49019207	48871408	147799	1250	convergent	True	ok
Vertebrata	FBXO11/MSH6	Simakov2022BCnS_genefamily_2021|Simakov2022BCnS_genefamily_3029	Gallusgallus-9031-GCF000002315.6	Simakov2022BCnS_genefamily_2021	Simakov2022BCnS_genefamily_3029	XP_015133606.1	XP_015133605.1	NC_006090.5	NC_006090.5	-	+	9395346	9458068	9383316	9394077	9458068	9383316	74752	1269	convergent	True	ok
Vertebrata	FBXO11/MSH6	Simakov2022BCnS_genefamily_2021|Simakov2022BCnS_genefamily_3029	Anoliscarolinensis-28377-GCF000090745.2	Simakov2022BCnS_genefamily_2021	Simakov2022BCnS_genefamily_3029	XP_008100915.1	XP_008100917.1	NC_014776.1	NC_014776.1	-	+	255206463	255240557	255181209	255205250	255240557	255181209	59348	1213	convergent	True	ok
Vertebrata	FBXO11/MSH6	Simakov2022BCnS_genefamily_2021|Simakov2022BCnS_genefamily_3029	Xenopustropicalis-8364-GCF000004195.4	Simakov2022BCnS_genefamily_2021	Simakov2022BCnS_genefamily_3029	XP_012819332.1	XP_002935421.3	NC_030681.2	NC_030681.2	-	+	21088330	21125916	21074938	21087051	21125916	21074938	50978	1279	convergent	True	ok
Vertebrata	FBXO11/MSH6	Simakov2022BCnS_genefamily_2021|Simakov2022BCnS_genefamily_3029	Daniorerio-7955-GCF000002035.6	Simakov2022BCnS_genefamily_2021	Simakov2022BCnS_genefamily_3029	XP_005156289.1	XP_068080998.1	NC_007123.7	NC_007124.7	-	+	24843322	24902710	48359679	48380937						False	different_scaffold
Vertebrata	FBXO11/MSH6	Simakov2022BCnS_genefamily_2021|Simakov2022BCnS_genefamily_3029	Lepisosteusoculatus-7918-GCF000242695.1	Simakov2022BCnS_genefamily_2021	Simakov2022BCnS_genefamily_3029	XP_015218441.1	XP_015218440.1	NC_023194.1	NC_023194.1	+	-	12180305	12205781	12207188	12217591	12180305	12217591	37286	1407	convergent	True	ok
Vertebrata	FBXO11/MSH6	Simakov2022BCnS_genefamily_2021|Simakov2022BCnS_genefamily_3029	Petromyzonmarinus-7757-GCF010993605.1	Simakov2022BCnS_genefamily_2021	Simakov2022BCnS_genefamily_3029	XP_032803536.1	XP_032811773.1	NC_046074.1	NC_046085.1	+	+	2039526	2054804	4429967	4456216						False	different_scaffold
Vertebrata	NOP2/EMG1	Simakov2022BCnS_genefamily_3270|Simakov2022BCnS_genefamily_6227	Homosapiens-9606-GCF000001405.40	Simakov2022BCnS_genefamily_3270	Simakov2022BCnS_genefamily_6227	NP_001245238.1	NP_006322.4	NC_000012.12	NC_000012.12	-	+	6556993	6567816	6970924	6975696	6567816	6970924	403108	403108	divergent	True	ok
Vertebrata	NOP2/EMG1	Simakov2022BCnS_genefamily_3270|Simakov2022BCnS_genefamily_6227	Musmusculus-10090-GCF000001635.27	Simakov2022BCnS_genefamily_3270	Simakov2022BCnS_genefamily_6227	NP_620086.2	NP_038564.1	NC_000072.7	NC_000072.7	+	-	125109176	125121604	124681508	124689006	125109176	124689006	420170	420170	divergent	True	ok
Vertebrata	NOP2/EMG1	Simakov2022BCnS_genefamily_3270|Simakov2022BCnS_genefamily_6227	Rattusnorvegicus-10116-GCF000001895.5	Simakov2022BCnS_genefamily_3270	Simakov2022BCnS_genefamily_6227	NP_001178714.1	NP_001101358.2	NC_005103.4	NC_005103.4	+	-	157647082	157657801	157223348	157230350	157647082	157230350	416732	416732	divergent	True	ok
Vertebrata	NOP2/EMG1	Simakov2022BCnS_genefamily_3270|Simakov2022BCnS_genefamily_6227	Pantroglodytes-9598-GCF000001515.7	Simakov2022BCnS_genefamily_3270	Simakov2022BCnS_genefamily_6227	XP_001162313.1	XP_003313518.1	NC_006479.4	NC_006479.4	-	+	6864770	6875716	7293316	7298225	6875716	7293316	417600	417600	divergent	True	ok
Vertebrata	NOP2/EMG1	Simakov2022BCnS_genefamily_3270|Simakov2022BCnS_genefamily_6227	Gallusgallus-9031-GCF000002315.6	Simakov2022BCnS_genefamily_3270	Simakov2022BCnS_genefamily_6227	XP_015149156.2	NP_001264998.1	NC_006088.5	NC_006088.5	-	+	77649934	77654852	78020634	78022636	77654852	78020634	365782	365782	divergent	True	ok
Vertebrata	NOP2/EMG1	Simakov2022BCnS_genefamily_3270|Simakov2022BCnS_genefamily_6227	Anoliscarolinensis-28377-GCF000090745.2	Simakov2022BCnS_genefamily_3270	Simakov2022BCnS_genefamily_6227	XP_016849794.1															False	missing_rbh_gene
Vertebrata	NOP2/EMG1	Simakov2022BCnS_genefamily_3270|Simakov2022BCnS_genefamily_6227	Xenopustropicalis-8364-GCF000004195.4	Simakov2022BCnS_genefamily_3270	Simakov2022BCnS_genefamily_6227	XP_002941729.1	XP_002941256.1	NC_030683.2	NC_030683.2	-	-	10045867	10052377	9354691	9358935	10052377	9358935	693442	686932	tandem_same_strand	True	ok
Vertebrata	NOP2/EMG1	Simakov2022BCnS_genefamily_3270|Simakov2022BCnS_genefamily_6227	Daniorerio-7955-GCF000002035.6	Simakov2022BCnS_genefamily_3270	Simakov2022BCnS_genefamily_6227	NP_001288288.1	NP_001035427.1	NC_007127.7	NC_007127.7	-	-	17234896	17251238	17254789	17258044	17251238	17258044	6806	3551	tandem_same_strand	True	ok
Vertebrata	NOP2/EMG1	Simakov2022BCnS_genefamily_3270|Simakov2022BCnS_genefamily_6227	Lepisosteusoculatus-7918-GCF000242695.1	Simakov2022BCnS_genefamily_3270	Simakov2022BCnS_genefamily_6227	XP_006642413.2	XP_006642472.2	NC_023204.1	NC_023204.1	-	+	11757096	11763220	13763745	13768207	11763220	13763745	2000525	2000525	divergent	True	ok
Vertebrata	NOP2/EMG1	Simakov2022BCnS_genefamily_3270|Simakov2022BCnS_genefamily_6227	Petromyzonmarinus-7757-GCF010993605.1	Simakov2022BCnS_genefamily_3270	Simakov2022BCnS_genefamily_6227	XP_032818004.1															False	missing_rbh_gene
Vertebrata	MAP3K20/HAT1	Simakov2022BCnS_genefamily_1836|Simakov2022BCnS_genefamily_3560	Homosapiens-9606-GCF000001405.40	Simakov2022BCnS_genefamily_1836	Simakov2022BCnS_genefamily_3560	NP_057737.2	XP_006712871.1	NC_000002.12	NC_000002.12	+	+	173091032	173266050	171925548	171983185	173091032	171925548	1165484	1107847	tandem_same_strand	True	ok_alt_isoform_g2
Vertebrata	MAP3K20/HAT1	Simakov2022BCnS_genefamily_1836|Simakov2022BCnS_genefamily_3560	Musmusculus-10090-GCF000001635.27	Simakov2022BCnS_genefamily_1836	Simakov2022BCnS_genefamily_3560	NP_075544.1	NP_080391.2	NC_000068.8	NC_000068.8	+	+	72128566	72272282	71219642	71271679	72128566	71219642	908924	856887	tandem_same_strand	True	ok
Vertebrata	MAP3K20/HAT1	Simakov2022BCnS_genefamily_1836|Simakov2022BCnS_genefamily_3560	Rattusnorvegicus-10116-GCF000001895.5	Simakov2022BCnS_genefamily_1836	Simakov2022BCnS_genefamily_3560	XP_017447816.1	NP_001009657.1	NC_005102.4	NC_005102.4	+	+	58965584	59119132	58022433	58069718	58965584	58022433	943151	895866	tandem_same_strand	True	ok
Vertebrata	MAP3K20/HAT1	Simakov2022BCnS_genefamily_1836|Simakov2022BCnS_genefamily_3560	Pantroglodytes-9598-GCF000001515.7	Simakov2022BCnS_genefamily_1836	Simakov2022BCnS_genefamily_3560	XP_003309476.2	XP_009442035.1	NC_006470.4	NC_006470.4	+	+	63377567	63559248	62191115	62257219	63377567	62191115	1186452	1120348	tandem_same_strand	True	ok
Vertebrata	MAP3K20/HAT1	Simakov2022BCnS_genefamily_1836|Simakov2022BCnS_genefamily_3560	Gallusgallus-9031-GCF000002315.6	Simakov2022BCnS_genefamily_1836	Simakov2022BCnS_genefamily_3560	XP_015145089.1	NP_989538.1	NC_006094.5	NC_006094.5	-	-	17346515	17424581	17895178	17913147	17424581	17913147	488566	470597	tandem_same_strand	True	ok
Vertebrata	MAP3K20/HAT1	Simakov2022BCnS_genefamily_1836|Simakov2022BCnS_genefamily_3560	Anoliscarolinensis-28377-GCF000090745.2	Simakov2022BCnS_genefamily_1836	Simakov2022BCnS_genefamily_3560	XP_008101940.1															False	missing_rbh_gene
Vertebrata	MAP3K20/HAT1	Simakov2022BCnS_genefamily_1836|Simakov2022BCnS_genefamily_3560	Xenopustropicalis-8364-GCF000004195.4	Simakov2022BCnS_genefamily_1836	Simakov2022BCnS_genefamily_3560	XP_002934652.2	NP_001120116.1	NC_030685.2	NC_030685.2	-	-	66870107	66948173	67567745	67601189	66948173	67601189	653016	619572	tandem_same_strand	True	ok
Vertebrata	MAP3K20/HAT1	Simakov2022BCnS_genefamily_1836|Simakov2022BCnS_genefamily_3560	Daniorerio-7955-GCF000002035.6	Simakov2022BCnS_genefamily_1836	Simakov2022BCnS_genefamily_3560	NP_001314869.1	NP_001004572.1	NC_007120.7	NC_007120.7	-	+	2896903	2936017	3282533	3313986	2936017	3282533	346516	346516	divergent	True	ok
Vertebrata	MAP3K20/HAT1	Simakov2022BCnS_genefamily_1836|Simakov2022BCnS_genefamily_3560	Lepisosteusoculatus-7918-GCF000242695.1	Simakov2022BCnS_genefamily_1836	Simakov2022BCnS_genefamily_3560	XP_015214481.1	XP_006636572.2	NC_023190.1	NC_023190.1	-	-	16207491	16226206	16534084	16552438	16226206	16552438	326232	307878	tandem_same_strand	True	ok
Vertebrata	MAP3K20/HAT1	Simakov2022BCnS_genefamily_1836|Simakov2022BCnS_genefamily_3560	Petromyzonmarinus-7757-GCF010993605.1	Simakov2022BCnS_genefamily_1836	Simakov2022BCnS_genefamily_3560	XP_032812914.1	XP_032821290.1	NC_046087.1	NC_046102.1	+	+	713131	741917	2783678	2792976						False	different_scaffold
Vertebrata	MSH6/MSH2	Simakov2022BCnS_genefamily_3029|Simakov2022BCnS_genefamily_7145	Homosapiens-9606-GCF000001405.40	Simakov2022BCnS_genefamily_3029	Simakov2022BCnS_genefamily_7145	NP_000170.1	NP_000242.1	NC_000002.12	NC_000002.12	+	+	47783234	47806779	47403192	47482779	47783234	47403192	380042	300455	tandem_same_strand	True	ok
Vertebrata	MSH6/MSH2	Simakov2022BCnS_genefamily_3029|Simakov2022BCnS_genefamily_7145	Musmusculus-10090-GCF000001635.27	Simakov2022BCnS_genefamily_3029	Simakov2022BCnS_genefamily_7145	NP_034960.1	NP_032654.1	NC_000083.7	NC_000083.7	+	+	88282577	88298233	87980024	88030932	88282577	87980024	302553	251645	tandem_same_strand	True	ok
Vertebrata	MSH6/MSH2	Simakov2022BCnS_genefamily_3029|Simakov2022BCnS_genefamily_7145	Rattusnorvegicus-10116-GCF000001895.5	Simakov2022BCnS_genefamily_3029	Simakov2022BCnS_genefamily_7145	XP_006239797.3	NP_112320.1	NC_005105.4	NC_005105.4	+	-	11644682	11662221	11216024	11274706	11644682	11274706	369976	369976	divergent	True	ok
Vertebrata	MSH6/MSH2	Simakov2022BCnS_genefamily_3029|Simakov2022BCnS_genefamily_7145	Pantroglodytes-9598-GCF000001515.7	Simakov2022BCnS_genefamily_3029	Simakov2022BCnS_genefamily_7145	XP_009440710.2	XP_016803986.1	NC_006469.4	NC_006469.4	+	+	48871408	48920564	48484788	48566565	48871408	48484788	386620	304843	tandem_same_strand	True	ok
Vertebrata	MSH6/MSH2	Simakov2022BCnS_genefamily_3029|Simakov2022BCnS_genefamily_7145	Gallusgallus-9031-GCF000002315.6	Simakov2022BCnS_genefamily_3029	Simakov2022BCnS_genefamily_7145	XP_015133605.1	XP_015133608.1	NC_006090.5	NC_006090.5	+	+	9383316	9394077	9267962	9295600	9383316	9267962	115354	87716	tandem_same_strand	True	ok
Vertebrata	MSH6/MSH2	Simakov2022BCnS_genefamily_3029|Simakov2022BCnS_genefamily_7145	Anoliscarolinensis-28377-GCF000090745.2	Simakov2022BCnS_genefamily_3029	Simakov2022BCnS_genefamily_7145	XP_008100917.1	XP_008100910.1	NC_014776.1	NC_014776.1	+	+	255181209	255205250	254690458	254808123	255181209	254690458	490751	373086	tandem_same_strand	True	ok
Vertebrata	MSH6/MSH2	Simakov2022BCnS_genefamily_3029|Simakov2022BCnS_genefamily_7145	Xenopustropicalis-8364-GCF000004195.4	Simakov2022BCnS_genefamily_3029	Simakov2022BCnS_genefamily_7145	XP_002935421.3	XP_002935427.2	NC_030681.2	NC_030681.2	+	+	21074938	21087051	20761500	20835961	21074938	20761500	313438	238977	tandem_same_strand	True	ok
Vertebrata	MSH6/MSH2	Simakov2022BCnS_genefamily_3029|Simakov2022BCnS_genefamily_7145	Daniorerio-7955-GCF000002035.6	Simakov2022BCnS_genefamily_3029	Simakov2022BCnS_genefamily_7145	XP_068080998.1	NP_998689.1	NC_007124.7	NC_007123.7	+	-	48359679	48380937	24906309	24928457						False	different_scaffold
Vertebrata	MSH6/MSH2	Simakov2022BCnS_genefamily_3029|Simakov2022BCnS_genefamily_7145	Lepisosteusoculatus-7918-GCF000242695.1	Simakov2022BCnS_genefamily_3029	Simakov2022BCnS_genefamily_7145	XP_015218440.1	XP_006638841.1	NC_023194.1	NC_023194.1	-	-	12207188	12217591	12301095	12344415	12217591	12344415	126824	83504	tandem_same_strand	True	ok
Vertebrata	MSH6/MSH2	Simakov2022BCnS_genefamily_3029|Simakov2022BCnS_genefamily_7145	Petromyzonmarinus-7757-GCF010993605.1	Simakov2022BCnS_genefamily_3029	Simakov2022BCnS_genefamily_7145	XP_032811773.1	XP_032819941.1	NC_046085.1	NC_046099.1	+	+	4429967	4456216	8134117	8154664						False	different_scaffold
Vertebrata	SLC25A26/TMF1	Simakov2022BCnS_genefamily_10268|Simakov2022BCnS_genefamily_12984	Homosapiens-9606-GCF000001405.40	Simakov2022BCnS_genefamily_10268	Simakov2022BCnS_genefamily_12984	XP_011531630.1	NP_009045.2	NC_000003.12	NC_000003.12	+	-	66221095	66276365	69023177	69051945	66221095	69051945	2830850	2746812	convergent	True	ok_alt_isoform_g1
Vertebrata	SLC25A26/TMF1	Simakov2022BCnS_genefamily_10268|Simakov2022BCnS_genefamily_12984	Musmusculus-10090-GCF000001635.27	Simakov2022BCnS_genefamily_10268	Simakov2022BCnS_genefamily_12984	NP_080531.2	NP_001074580.1	NC_000072.7	NC_000072.7	+	-	94477406	94580650	97132315	97155984	94477406	97155984	2678578	2551665	convergent	True	ok
Vertebrata	SLC25A26/TMF1	Simakov2022BCnS_genefamily_10268|Simakov2022BCnS_genefamily_12984	Rattusnorvegicus-10116-GCF000001895.5	Simakov2022BCnS_genefamily_10268	Simakov2022BCnS_genefamily_12984	NP_001102108.1	NP_446123.2	NC_005103.4	NC_005103.4	+	-	126522412	126534582	129522072	129544288	126522412	129544288	3021876	2987490	convergent	True	ok
Vertebrata	SLC25A26/TMF1	Simakov2022BCnS_genefamily_10268|Simakov2022BCnS_genefamily_12984	Pantroglodytes-9598-GCF000001515.7	Simakov2022BCnS_genefamily_10268	Simakov2022BCnS_genefamily_12984	XP_009444093.2	XP_526227.2	NC_006490.4	NC_006490.4	+	-	67455491	67613747	70349785	70378693	67455491	70378693	2923202	2736038	convergent	True	ok
Vertebrata	SLC25A26/TMF1	Simakov2022BCnS_genefamily_10268|Simakov2022BCnS_genefamily_12984	Gallusgallus-9031-GCF000002315.6	Simakov2022BCnS_genefamily_10268	Simakov2022BCnS_genefamily_12984	NP_001264772.1	XP_423749.2	NC_006099.5	NC_006099.5	+	-	14762190	14842469	15693973	15706614	14762190	15706614	944424	851504	convergent	True	ok
Vertebrata	SLC25A26/TMF1	Simakov2022BCnS_genefamily_10268|Simakov2022BCnS_genefamily_12984	Anoliscarolinensis-28377-GCF000090745.2	Simakov2022BCnS_genefamily_10268	Simakov2022BCnS_genefamily_12984	XP_003217855.1	XP_003217874.1	NC_014777.1	NC_014777.1	-	+	184563906	184716968	182362311	182390404	184716968	182362311	2354657	2173502	convergent	True	ok
Vertebrata	SLC25A26/TMF1	Simakov2022BCnS_genefamily_10268|Simakov2022BCnS_genefamily_12984	Xenopustropicalis-8364-GCF000004195.4	Simakov2022BCnS_genefamily_10268	Simakov2022BCnS_genefamily_12984	NP_001004820.1	XP_012816412.1	NC_030680.2	NC_030680.2	-	+	143562993	143629862	142004521	142035494	143629862	142004521	1625341	1527499	convergent	True	ok
Vertebrata	SLC25A26/TMF1	Simakov2022BCnS_genefamily_10268|Simakov2022BCnS_genefamily_12984	Daniorerio-7955-GCF000002035.6	Simakov2022BCnS_genefamily_10268	Simakov2022BCnS_genefamily_12984	NP_001025314.1	NP_001003522.2	NC_007122.7	NC_007122.7	+	-	16217039	16324198	17758332	17782546	16217039	17782546	1565507	1434134	convergent	True	ok
Vertebrata	SLC25A26/TMF1	Simakov2022BCnS_genefamily_10268|Simakov2022BCnS_genefamily_12984	Lepisosteusoculatus-7918-GCF000242695.1	Simakov2022BCnS_genefamily_10268	Simakov2022BCnS_genefamily_12984	XP_006630715.1	XP_006630683.1	NC_023183.1	NC_023183.1	-	+	23349140	23418895	22574483	22591494	23418895	22574483	844412	757646	convergent	True	ok
Vertebrata	SLC25A26/TMF1	Simakov2022BCnS_genefamily_10268|Simakov2022BCnS_genefamily_12984	Petromyzonmarinus-7757-GCF010993605.1	Simakov2022BCnS_genefamily_10268	Simakov2022BCnS_genefamily_12984	XP_032822663.1	XP_032822544.1	NC_046104.1	NC_046104.1	-	+	11852897	11860856	7895224	7916633	11860856	7895224	3965632	3936264	convergent	True	ok
Vertebrata	SNUPN/MPI	Simakov2022BCnS_genefamily_3638|Simakov2022BCnS_genefamily_8898	Homosapiens-9606-GCF000001405.40	Simakov2022BCnS_genefamily_3638	Simakov2022BCnS_genefamily_8898	NP_001036046.1	NP_002426.1	NC_000015.10	NC_000015.10	-	+	75598358	75620894	74890074	74897512	75620894	74890074	730820	700846	convergent	True	ok
Vertebrata	SNUPN/MPI	Simakov2022BCnS_genefamily_3638|Simakov2022BCnS_genefamily_8898	Musmusculus-10090-GCF000001635.27	Simakov2022BCnS_genefamily_3638	Simakov2022BCnS_genefamily_8898	NP_848461.1	NP_080113.1	NC_000075.7	NC_000075.7	+	-	56864303	56890257	57452003	57460002	56864303	57460002	595699	561746	convergent	True	ok
Vertebrata	SNUPN/MPI	Simakov2022BCnS_genefamily_3638|Simakov2022BCnS_genefamily_8898	Rattusnorvegicus-10116-GCF000001895.5	Simakov2022BCnS_genefamily_3638	Simakov2022BCnS_genefamily_8898	XP_006243186.1	NP_001004081.1	NC_005107.4	NC_005107.4	+	-	61616261	61647842	62324291	62332055	61616261	62332055	715794	676449	convergent	True	ok
Vertebrata	SNUPN/MPI	Simakov2022BCnS_genefamily_3638|Simakov2022BCnS_genefamily_8898	Pantroglodytes-9598-GCF000001515.7	Simakov2022BCnS_genefamily_3638	Simakov2022BCnS_genefamily_8898	XP_016782712.1	NP_001092020.1	NC_006482.4	NC_006482.4	-	+	56601222	56623559	55896434	55902478	56623559	55896434	727125	698744	convergent	True	ok
Vertebrata	SNUPN/MPI	Simakov2022BCnS_genefamily_3638|Simakov2022BCnS_genefamily_8898	Gallusgallus-9031-GCF000002315.6	Simakov2022BCnS_genefamily_3638	Simakov2022BCnS_genefamily_8898	NP_001074347.1	XP_015134524.1	NC_006097.5	NC_006097.5	-	-	3145253	3153389	2855728	2858058	3153389	2858058	295331	287195	tandem_same_strand	True	ok
Vertebrata	SNUPN/MPI	Simakov2022BCnS_genefamily_3638|Simakov2022BCnS_genefamily_8898	Anoliscarolinensis-28377-GCF000090745.2	Simakov2022BCnS_genefamily_3638	Simakov2022BCnS_genefamily_8898																False	missing_rbh_gene
Vertebrata	SNUPN/MPI	Simakov2022BCnS_genefamily_3638|Simakov2022BCnS_genefamily_8898	Xenopustropicalis-8364-GCF000004195.4	Simakov2022BCnS_genefamily_3638	Simakov2022BCnS_genefamily_8898	XP_012821704.1	XP_012822360.2	NC_030679.2	NC_030679.2	+	-	93319494	93331391	93928079	93934634	93319494	93934634	615140	596688	convergent	True	ok
Vertebrata	SNUPN/MPI	Simakov2022BCnS_genefamily_3638|Simakov2022BCnS_genefamily_8898	Daniorerio-7955-GCF000002035.6	Simakov2022BCnS_genefamily_3638	Simakov2022BCnS_genefamily_8898	NP_955988.1	NP_001028282.1	NC_007136.7	NC_007136.7	-	+	6435959	6447466	3035459	3047445	6447466	3035459	3412007	3388514	convergent	True	ok
Vertebrata	SNUPN/MPI	Simakov2022BCnS_genefamily_3638|Simakov2022BCnS_genefamily_8898	Lepisosteusoculatus-7918-GCF000242695.1	Simakov2022BCnS_genefamily_3638	Simakov2022BCnS_genefamily_8898	XP_006629140.1	XP_006628989.2	NC_023181.1	NC_023181.1	-	-	55915766	55923744	54607573	54613552	55923744	54613552	1310192	1302214	tandem_same_strand	True	ok
Vertebrata	SNUPN/MPI	Simakov2022BCnS_genefamily_3638|Simakov2022BCnS_genefamily_8898	Petromyzonmarinus-7757-GCF010993605.1	Simakov2022BCnS_genefamily_3638	Simakov2022BCnS_genefamily_8898	XP_032831884.1	XP_032828907.1	NC_046125.1	NC_046071.1	+	+	418117	423317	9450992	9463321						False	different_scaffold
Vertebrata	ACOX3/TADA2B	Simakov2022BCnS_genefamily_5361|Simakov2022BCnS_genefamily_7505	Homosapiens-9606-GCF000001405.40	Simakov2022BCnS_genefamily_5361	Simakov2022BCnS_genefamily_7505	NP_001362712.1	NP_689506.2	NC_000004.12	NC_000004.12	-	+	8366961	8416378	7043580	7054062	8416378	7043580	1372798	1312899	convergent	True	ok
Vertebrata	ACOX3/TADA2B	Simakov2022BCnS_genefamily_5361|Simakov2022BCnS_genefamily_7505	Musmusculus-10090-GCF000001635.27	Simakov2022BCnS_genefamily_5361	Simakov2022BCnS_genefamily_7505	NP_001343947.1	NP_001163925.1	NC_000071.7	NC_000071.7	+	-	35745514	35769478	36633314	36641401	35745514	36641401	895887	863836	convergent	True	ok
Vertebrata	ACOX3/TADA2B	Simakov2022BCnS_genefamily_5361|Simakov2022BCnS_genefamily_7505	Rattusnorvegicus-10116-GCF000001895.5	Simakov2022BCnS_genefamily_5361	Simakov2022BCnS_genefamily_7505	XP_017454881.1	NP_001163926.1	NC_005113.4	NC_005113.4	-	+	80314887	80342734	79446066	79454043	80342734	79446066	896668	860844	convergent	True	ok
Vertebrata	ACOX3/TADA2B	Simakov2022BCnS_genefamily_5361|Simakov2022BCnS_genefamily_7505	Pantroglodytes-9598-GCF000001515.7	Simakov2022BCnS_genefamily_5361	Simakov2022BCnS_genefamily_7505	XP_016806807.1	XP_009445604.1	NC_006471.4	NC_006471.4	-	+	8868820	8916506	7518077	7529535	8916506	7518077	1398429	1339285	convergent	True	ok
Vertebrata	ACOX3/TADA2B	Simakov2022BCnS_genefamily_5361|Simakov2022BCnS_genefamily_7505	Gallusgallus-9031-GCF000002315.6	Simakov2022BCnS_genefamily_5361	Simakov2022BCnS_genefamily_7505	XP_015141332.1	XP_426352.1	NC_006091.5	NC_006091.5	-	+	80934170	80962661	79928294	79930297	80962661	79928294	1034367	1003873	convergent	True	ok
Vertebrata	ACOX3/TADA2B	Simakov2022BCnS_genefamily_5361|Simakov2022BCnS_genefamily_7505	Anoliscarolinensis-28377-GCF000090745.2	Simakov2022BCnS_genefamily_5361	Simakov2022BCnS_genefamily_7505	XP_003217249.2	XP_008107283.1	NC_014777.1	NC_014779.1	+	+	113329537	113367652	79474836	79475828						False	different_scaffold
Vertebrata	ACOX3/TADA2B	Simakov2022BCnS_genefamily_5361|Simakov2022BCnS_genefamily_7505	Xenopustropicalis-8364-GCF000004195.4	Simakov2022BCnS_genefamily_5361	Simakov2022BCnS_genefamily_7505	XP_002938687.3	XP_012811175.1	NC_030677.2	NC_030677.2	+	+	24110955	24154239	24536341	24539383	24110955	24536341	425386	382102	tandem_same_strand	True	ok
Vertebrata	ACOX3/TADA2B	Simakov2022BCnS_genefamily_5361|Simakov2022BCnS_genefamily_7505	Daniorerio-7955-GCF000002035.6	Simakov2022BCnS_genefamily_5361	Simakov2022BCnS_genefamily_7505	NP_998312.2	NP_001019614.1	NC_007118.7	NC_007118.7	+	+	61764060	61804142	39738571	39741476	61764060	39738571	22025489	22022584	tandem_same_strand	True	ok
Vertebrata	ACOX3/TADA2B	Simakov2022BCnS_genefamily_5361|Simakov2022BCnS_genefamily_7505	Lepisosteusoculatus-7918-GCF000242695.1	Simakov2022BCnS_genefamily_5361	Simakov2022BCnS_genefamily_7505	XP_015200416.1	XP_015200519.1	NC_023182.1	NC_023182.1	-	+	37705743	37746321	36984237	36986613	37746321	36984237	762084	719130	convergent	True	ok
Vertebrata	ACOX3/TADA2B	Simakov2022BCnS_genefamily_5361|Simakov2022BCnS_genefamily_7505	Petromyzonmarinus-7757-GCF010993605.1	Simakov2022BCnS_genefamily_5361	Simakov2022BCnS_genefamily_7505	XP_032806301.1	XP_032806542.1	NC_046077.1	NC_046077.1	-	+	5108914	5121037	9772698	9776050	5121037	9772698	4651661	4651661	divergent	True	ok
Vertebrata	XP_005248394.1/CAPSL	Simakov2022BCnS_genefamily_364|Simakov2022BCnS_genefamily_6526	Homosapiens-9606-GCF000001405.40	Simakov2022BCnS_genefamily_364	Simakov2022BCnS_genefamily_6526	XP_005248394.1	NP_001036090.1	NC_000005.10	NC_000005.10	-	-	34998719	35047805	35904545	35920984	35047805	35920984	873179	856740	tandem_same_strand	True	ok
Vertebrata	XP_005248394.1/CAPSL	Simakov2022BCnS_genefamily_364|Simakov2022BCnS_genefamily_6526	Musmusculus-10090-GCF000001635.27	Simakov2022BCnS_genefamily_364	Simakov2022BCnS_genefamily_6526	NP_001297665.1	NP_083617.2	NC_000081.7	NC_000081.7	+	+	10358683	10409643	9457783	9465942	10358683	9457783	900900	892741	tandem_same_strand	True	ok
Vertebrata	XP_005248394.1/CAPSL	Simakov2022BCnS_genefamily_364|Simakov2022BCnS_genefamily_6526	Rattusnorvegicus-10116-GCF000001895.5	Simakov2022BCnS_genefamily_364	Simakov2022BCnS_genefamily_6526	NP_114023.1	NP_001099887.1	NC_005101.4	NC_005101.4	+	+	60337769	60378695	58741278	58747560	60337769	58741278	1596491	1590209	tandem_same_strand	True	ok
Vertebrata	XP_005248394.1/CAPSL	Simakov2022BCnS_genefamily_364|Simakov2022BCnS_genefamily_6526	Pantroglodytes-9598-GCF000001515.7	Simakov2022BCnS_genefamily_364	Simakov2022BCnS_genefamily_6526	XP_009447585.1	XP_517806.2	NC_006472.4	NC_006472.4	+	+	79320352	79370921	78405073	78421692	79320352	78405073	915279	898660	tandem_same_strand	True	ok
Vertebrata	XP_005248394.1/CAPSL	Simakov2022BCnS_genefamily_364|Simakov2022BCnS_genefamily_6526	Gallusgallus-9031-GCF000002315.6	Simakov2022BCnS_genefamily_364	Simakov2022BCnS_genefamily_6526	XP_429219.3	XP_001232405.1	NC_006127.5	NC_006127.5	-	-	10584412	10596472	10908555	10912539	10596472	10912539	316067	312083	tandem_same_strand	True	ok
Vertebrata	XP_005248394.1/CAPSL	Simakov2022BCnS_genefamily_364|Simakov2022BCnS_genefamily_6526	Anoliscarolinensis-28377-GCF000090745.2	Simakov2022BCnS_genefamily_364	Simakov2022BCnS_genefamily_6526	XP_003221844.1	XP_008109168.1	NC_014780.1	NC_014780.1	+	-	145031748	145048404	40252320	40282212	145031748	40282212	104749536	104749536	divergent	True	ok
Vertebrata	XP_005248394.1/CAPSL	Simakov2022BCnS_genefamily_364|Simakov2022BCnS_genefamily_6526	Xenopustropicalis-8364-GCF000004195.4	Simakov2022BCnS_genefamily_364	Simakov2022BCnS_genefamily_6526	XP_002940002.3	XP_012817884.1	NC_030677.2	NC_030677.2	+	+	199147778	199163634	198465709	198480403	199147778	198465709	682069	667375	tandem_same_strand	True	ok
Vertebrata	XP_005248394.1/CAPSL	Simakov2022BCnS_genefamily_364|Simakov2022BCnS_genefamily_6526	Daniorerio-7955-GCF000002035.6	Simakov2022BCnS_genefamily_364	Simakov2022BCnS_genefamily_6526	NP_001028922.1	NP_001017776.2	NC_007132.7	NC_007132.7	+	+	11139219	11174661	22424963	22425943	11139219	22424963	11285744	11250302	tandem_same_strand	True	ok
Vertebrata	XP_005248394.1/CAPSL	Simakov2022BCnS_genefamily_364|Simakov2022BCnS_genefamily_6526	Lepisosteusoculatus-7918-GCF000242695.1	Simakov2022BCnS_genefamily_364	Simakov2022BCnS_genefamily_6526	XP_015194625.1	XP_015195874.1	NC_023180.1	NC_023180.1	-	+	49055677	49071950	54340368	54349228	49071950	54340368	5268418	5268418	divergent	True	ok
Vertebrata	XP_005248394.1/CAPSL	Simakov2022BCnS_genefamily_364|Simakov2022BCnS_genefamily_6526	Petromyzonmarinus-7757-GCF010993605.1	Simakov2022BCnS_genefamily_364	Simakov2022BCnS_genefamily_6526	XP_032833278.1	XP_032805103.1	NC_046069.1	NC_046075.1	+	-	2188397	2200193	12684615	12719514						False	different_scaffold
Vertebrata	MRPS11/SNRPA1	Simakov2022BCnS_genefamily_12080|Simakov2022BCnS_genefamily_5571	Homosapiens-9606-GCF000001405.40	Simakov2022BCnS_genefamily_12080	Simakov2022BCnS_genefamily_5571	NP_001308901.1	NP_003081.2	NC_000015.10	NC_000015.10	+	-	88469069	88477872	101281724	101295097	88469069	101295097	12826028	12803852	convergent	True	ok
Vertebrata	MRPS11/SNRPA1	Simakov2022BCnS_genefamily_12080|Simakov2022BCnS_genefamily_5571	Musmusculus-10090-GCF000001635.27	Simakov2022BCnS_genefamily_12080	Simakov2022BCnS_genefamily_5571	NP_080774.2	NP_067311.4	NC_000073.7	NC_000073.7	+	+	78433107	78442497	65710359	65724128	78433107	65710359	12722748	12708979	tandem_same_strand	True	ok
Vertebrata	MRPS11/SNRPA1	Simakov2022BCnS_genefamily_12080|Simakov2022BCnS_genefamily_5571	Rattusnorvegicus-10116-GCF000001895.5	Simakov2022BCnS_genefamily_12080	Simakov2022BCnS_genefamily_5571	NP_001102618.1	NP_001258252.1	NC_005100.4	NC_005100.4	+	+	140477941	140486898	126961459	126974193	140477941	126961459	13516482	13503748	tandem_same_strand	True	ok
Vertebrata	MRPS11/SNRPA1	Simakov2022BCnS_genefamily_12080|Simakov2022BCnS_genefamily_5571	Pantroglodytes-9598-GCF000001515.7	Simakov2022BCnS_genefamily_12080	Simakov2022BCnS_genefamily_5571	XP_009428062.1	XP_510625.2	NC_006482.4	NC_006482.4	+	-	69193614	69202520	82352669	82366543	69193614	82366543	13172929	13150149	convergent	True	ok
Vertebrata	MRPS11/SNRPA1	Simakov2022BCnS_genefamily_12080|Simakov2022BCnS_genefamily_5571	Gallusgallus-9031-GCF000002315.6	Simakov2022BCnS_genefamily_12080	Simakov2022BCnS_genefamily_5571	NP_001005821.1	NP_001005823.1	NC_006097.5	NC_006097.5	-	-	13612574	13615823	18059177	18064011	13615823	18064011	4448188	4443354	tandem_same_strand	True	ok
Vertebrata	MRPS11/SNRPA1	Simakov2022BCnS_genefamily_12080|Simakov2022BCnS_genefamily_5571	Anoliscarolinensis-28377-GCF000090745.2	Simakov2022BCnS_genefamily_12080	Simakov2022BCnS_genefamily_5571	XP_003217500.1	XP_003219224.1	NC_014777.1	NC_014778.1	+	-	138838723	138841267	173555298	173578396						False	different_scaffold
Vertebrata	MRPS11/SNRPA1	Simakov2022BCnS_genefamily_12080|Simakov2022BCnS_genefamily_5571	Xenopustropicalis-8364-GCF000004195.4	Simakov2022BCnS_genefamily_12080	Simakov2022BCnS_genefamily_5571	NP_001135722.1	XP_002939312.2	NC_030679.2	NC_030679.2	-	-	110238303	110255380	115907922	115915489	110255380	115915489	5660109	5652542	tandem_same_strand	True	ok
Vertebrata	MRPS11/SNRPA1	Simakov2022BCnS_genefamily_12080|Simakov2022BCnS_genefamily_5571	Daniorerio-7955-GCF000002035.6	Simakov2022BCnS_genefamily_12080	Simakov2022BCnS_genefamily_5571	NP_001038262.1	NP_001007384.2	NC_007118.7	NC_007118.7	-	+	14512200	14535778	9291087	9305456	14535778	9291087	5244691	5206744	convergent	True	ok
Vertebrata	MRPS11/SNRPA1	Simakov2022BCnS_genefamily_12080|Simakov2022BCnS_genefamily_5571	Lepisosteusoculatus-7918-GCF000242695.1	Simakov2022BCnS_genefamily_12080	Simakov2022BCnS_genefamily_5571	XP_015199266.1	XP_006628826.2	NC_023181.1	NC_023181.1	+	-	50921525	50930911	44526538	44531238	50921525	44531238	6390287	6390287	divergent	True	ok
Vertebrata	MRPS11/SNRPA1	Simakov2022BCnS_genefamily_12080|Simakov2022BCnS_genefamily_5571	Petromyzonmarinus-7757-GCF010993605.1	Simakov2022BCnS_genefamily_12080	Simakov2022BCnS_genefamily_5571	XP_032831835.1	XP_032831782.1	NC_046125.1	NC_046125.1	+	-	4787728	4791103	3302059	3316399	4787728	3316399	1471329	1471329	divergent	True	ok
