nodename	pair_key	pair_label	n_species_attempted	n_species_same_scaffold	median_tss_to_tss_bp	median_edge_to_edge_bp	modal_orientation	bin_tss
Arthropoda	Simakov2022BCnS_genefamily_10682|Simakov2022BCnS_genefamily_2543	SF3B1/CDR2	10	6	4955093.5	4890101.5	convergent	ultra_long
Arthropoda	Simakov2022BCnS_genefamily_11602|Simakov2022BCnS_genefamily_4874	CDK13/HPD	10	7	2245592.0	2245592.0	divergent	ultra_long
Arthropoda	Simakov2022BCnS_genefamily_12561|Simakov2022BCnS_genefamily_3762	WDR59/DNAH7	10	7	3596636.0	3596636.0	tandem_same_strand	ultra_long
Arthropoda	Simakov2022BCnS_genefamily_2752|Simakov2022BCnS_genefamily_9294	BRAF/PBX1	10	7	558983.0	558983.0	divergent	long_range
Arthropoda	Simakov2022BCnS_genefamily_3226|Simakov2022BCnS_genefamily_4977	MIX23/KPNA6	10	8	11655.5	11145.5	tandem_same_strand	intermediate
Arthropoda	Simakov2022BCnS_genefamily_6525|Simakov2022BCnS_genefamily_8065	BPTF/RNF40	10	7	5372614.0	5357243.0	convergent	ultra_long
Vertebrata	Simakov2022BCnS_genefamily_10268|Simakov2022BCnS_genefamily_12984	SLC25A26/TMF1	10	10	2516617.5	2362583.5	convergent	ultra_long
Vertebrata	Simakov2022BCnS_genefamily_12080|Simakov2022BCnS_genefamily_5571	MRPS11/SNRPA1	10	9	6390287.0	6390287.0	tandem_same_strand	ultra_long
Vertebrata	Simakov2022BCnS_genefamily_1312|Simakov2022BCnS_genefamily_3869	ATP6V1D/EIF2S1	10	8	5060.0	5060.0	divergent	intermediate
Vertebrata	Simakov2022BCnS_genefamily_1836|Simakov2022BCnS_genefamily_3560	MAP3K20/HAT1	10	8	780970.0	738229.5	tandem_same_strand	long_range
Vertebrata	Simakov2022BCnS_genefamily_2021|Simakov2022BCnS_genefamily_3029	FBXO11/MSH6	10	8	53693.0	1274.0	convergent	intermediate
Vertebrata	Simakov2022BCnS_genefamily_3029|Simakov2022BCnS_genefamily_7145	MSH6/MSH2	10	8	341707.0	276050.0	tandem_same_strand	long_range
Vertebrata	Simakov2022BCnS_genefamily_3270|Simakov2022BCnS_genefamily_6227	NOP2/EMG1	10	8	417166.0	417166.0	divergent	long_range
Vertebrata	Simakov2022BCnS_genefamily_3638|Simakov2022BCnS_genefamily_8898	SNUPN/MPI	10	8	721459.5	687596.5	convergent	long_range
Vertebrata	Simakov2022BCnS_genefamily_364|Simakov2022BCnS_genefamily_6526	XP_005248394.1/CAPSL	10	9	915279.0	898660.0	tandem_same_strand	long_range
Vertebrata	Simakov2022BCnS_genefamily_5361|Simakov2022BCnS_genefamily_7505	ACOX3/TADA2B	10	9	1034367.0	1003873.0	convergent	ultra_long
