nodename	pair_key	pair_label	n_focal_species	n_shared_tfs_intersection	n_shared_tfs_union	intersection_tfs	union_tfs
Arthropoda	Simakov2022BCnS_genefamily_10682|Simakov2022BCnS_genefamily_2543	SF3B1/CDR2	1	474	474	ADD1;AGO2;ATbp;Abd-B;Acf;Antp;Asciz;Atf-2;Atf3;B-H2;BEAF-32;Bdp1;Blimp-1;Br140;BtbVII;BuGZ;CBP;CG10147;CG10209;CG10274;CG10431;CG10462;CG10543;CG10565;CG10631;CG10654;CG10669;CG10979;CG11398;CG11504;CG11617;CG11723;CG11902;CG12071;CG12104;CG12155;CG12219;CG12236;CG12299;CG1233;CG12391;CG12659;CG12744;CG12768;CG12769;CG12942;CG13123;CG13204;CG13296;CG13775;CG13894;CG14655;CG14710;CG14711;CG14965;CG15011;CG15269;CG1529;CG15514;CG15601;CG15696;CG15710;CG1602;CG1603;CG1620;CG1647;CG16779;CG16815;CG16863;CG17186;CG17359;CG17385;CG17568;CG17801;CG17802;CG17806;CG17829;CG18011;CG18262;CG18476;CG18599;CG18764;CG2116;CG2120;CG2202;CG2678;CG2712;CG2875;CG30020;CG3032;CG30403;CG3065;CG31365;CG31627;CG3163;CG32006;CG32264;CG3281;CG33017;CG33213;CG33557;CG3407;CG34367;CG34376;CG3838;CG3919;CG3995;CG4282;CG4328;CG43347;CG44002;CG4424;CG45071;CG4617;CG4707;CG4820;CG4854;CG5180;CG5204;CG5245;CG6254;CG6276;CG6654;CG6683;CG6765;CG6808;CG6813;CG7101;CG7271;CG7368;CG7556;CG7745;CG7786;CG7839;CG7987;CG8089;CG8159;CG8281;CG8301;CG8319;CG8388;CG8478;CG8924;CG8944;CG9609;CG9705;CG9727;CG9876;CG9948;CHES-1-like;CTCF;Camta;Cap-H2;Cdk9;Chrac-16;Chro;Clamp;Clk;CoRest;Coop;Cp190;CrebA;CrebB;Crg-1;D;D1;D19A;D19B;Dad;Deaf1;Dek;Dlip3;DnaJ-1;Dp;Dref;E-Pc;E-bx;E-spl-m-beta-HLH;E-spl-m3-HLH;E-spl-m5-HLH;E-spl-m8-HLH;E-z;ERR;EcR;Eip74EF;Eip75B;Eip78C;Eip93F;Elba1;Elba2;Elba3;Elys;Ets21C;Ets65A;Ets96B;Ets97D;Fer1;Fer2;Fer3;FoxP;GATAd;HDAC1;HDAC4;HHEX;HLH54F;Hand;Hey;HmgD;HmgZ;Hmr;Hmx;Hnf4;Hr3;Hr39;Hr4;Hr51;Hr78;Hr83;Hr96;Hsf;Hsp83;JIL-1;Jarid2;Jasper;Jra;Kah;Klf15;Kr;Lhr;Lpt;M1BP;MESR4;MRG15;MTF-1;Mabi;Mad;Max;Med;Meics;Mes4;Met;Mlf;Mnt;Myb;Myc;N;NC2-beta;NK7-1;Nf-YB;Nf-YC;NfI;OdsH;Oli;Orc2;PHDP;Pc;Pdp1;Pfk;Pif1A;Pif1B;Plzf;Psc;REPTOR;REPTOR-BP;Rabex-5;Rel;Rsf1;SREBP;Set1;Sgf11;Sin3A;Six4;Smox;Snoo;Sox100B;Sox102F;Sox14;Sox15;Sp1;Stat92E;Su-H;Su-Tpl;Su-var-2-HP2;Su-var-205;Su-var-3-7;Su-var-3-9;Su-z-12;TFAM;Tbp;TfIIB;Trl;Ubx;Vsx1;Vsx2;Xbp1;YL-1;ZIPIC;Zif;ZnT49B;ab;abd-A;achi;acj6;ash1;az2;bab1;bab2;bcd;bigmax;br;brk;bsh;btn;cad;cato;caup;cbt;cg;chif;chn;cic;cnc;corto;crc;crp;cwo;cyc;dac;disco-r;dl;dmrt11E;dmrt93B;dmrt99B;dpn;dre4;dsf;dsx;ems;esn;eve;ewg;exex;ey;eyg;fd102C;fd3F;fd59A;fd64A;fd96Cb;fkh;foxo;fru;fs-1-h;ftz-f1;fu2;gcm;gcm2;gem;gfzf;gl;grau;grh;grn;gro;gsb-n;h;her;hkb;hng1;hng2;ind;insv;jumu;kay;kni;l-3-mbt;l-3-neo38;lab;lbe;lilli;lms;lola;luna;lz;maf-S;mam;mio;mirr;mod-mdg4;mof;msl-1;msl-2;msl-3;nau;nej;nerfin-1;net;nmo;noc;nom;not;oc;odd;opa;org-1;ouib;ovo;p53;pad;pb;pdm3;ph;pho;phol;pnt;pros;psq;pum;pzg;repo;rgr;row;run;sage;salm;salr;sc;schlank;scrt;sd;sens;shn;side;slou;slp2;so;spab;sqz;ss;stwl;su-Hw;sug;sv;svp;tHMG1;tai;tap;tin;tio;tj;tll;toe;topi;trem;trh;trr;trx;ttk;tup;twi;tx;unpg;upSET;usp;vri;vtd;wds;wek;woc;yki;zen;zf30C;zfh2;zld	ADD1;AGO2;ATbp;Abd-B;Acf;Antp;Asciz;Atf-2;Atf3;B-H2;BEAF-32;Bdp1;Blimp-1;Br140;BtbVII;BuGZ;CBP;CG10147;CG10209;CG10274;CG10431;CG10462;CG10543;CG10565;CG10631;CG10654;CG10669;CG10979;CG11398;CG11504;CG11617;CG11723;CG11902;CG12071;CG12104;CG12155;CG12219;CG12236;CG12299;CG1233;CG12391;CG12659;CG12744;CG12768;CG12769;CG12942;CG13123;CG13204;CG13296;CG13775;CG13894;CG14655;CG14710;CG14711;CG14965;CG15011;CG15269;CG1529;CG15514;CG15601;CG15696;CG15710;CG1602;CG1603;CG1620;CG1647;CG16779;CG16815;CG16863;CG17186;CG17359;CG17385;CG17568;CG17801;CG17802;CG17806;CG17829;CG18011;CG18262;CG18476;CG18599;CG18764;CG2116;CG2120;CG2202;CG2678;CG2712;CG2875;CG30020;CG3032;CG30403;CG3065;CG31365;CG31627;CG3163;CG32006;CG32264;CG3281;CG33017;CG33213;CG33557;CG3407;CG34367;CG34376;CG3838;CG3919;CG3995;CG4282;CG4328;CG43347;CG44002;CG4424;CG45071;CG4617;CG4707;CG4820;CG4854;CG5180;CG5204;CG5245;CG6254;CG6276;CG6654;CG6683;CG6765;CG6808;CG6813;CG7101;CG7271;CG7368;CG7556;CG7745;CG7786;CG7839;CG7987;CG8089;CG8159;CG8281;CG8301;CG8319;CG8388;CG8478;CG8924;CG8944;CG9609;CG9705;CG9727;CG9876;CG9948;CHES-1-like;CTCF;Camta;Cap-H2;Cdk9;Chrac-16;Chro;Clamp;Clk;CoRest;Coop;Cp190;CrebA;CrebB;Crg-1;D;D1;D19A;D19B;Dad;Deaf1;Dek;Dlip3;DnaJ-1;Dp;Dref;E-Pc;E-bx;E-spl-m-beta-HLH;E-spl-m3-HLH;E-spl-m5-HLH;E-spl-m8-HLH;E-z;ERR;EcR;Eip74EF;Eip75B;Eip78C;Eip93F;Elba1;Elba2;Elba3;Elys;Ets21C;Ets65A;Ets96B;Ets97D;Fer1;Fer2;Fer3;FoxP;GATAd;HDAC1;HDAC4;HHEX;HLH54F;Hand;Hey;HmgD;HmgZ;Hmr;Hmx;Hnf4;Hr3;Hr39;Hr4;Hr51;Hr78;Hr83;Hr96;Hsf;Hsp83;JIL-1;Jarid2;Jasper;Jra;Kah;Klf15;Kr;Lhr;Lpt;M1BP;MESR4;MRG15;MTF-1;Mabi;Mad;Max;Med;Meics;Mes4;Met;Mlf;Mnt;Myb;Myc;N;NC2-beta;NK7-1;Nf-YB;Nf-YC;NfI;OdsH;Oli;Orc2;PHDP;Pc;Pdp1;Pfk;Pif1A;Pif1B;Plzf;Psc;REPTOR;REPTOR-BP;Rabex-5;Rel;Rsf1;SREBP;Set1;Sgf11;Sin3A;Six4;Smox;Snoo;Sox100B;Sox102F;Sox14;Sox15;Sp1;Stat92E;Su-H;Su-Tpl;Su-var-2-HP2;Su-var-205;Su-var-3-7;Su-var-3-9;Su-z-12;TFAM;Tbp;TfIIB;Trl;Ubx;Vsx1;Vsx2;Xbp1;YL-1;ZIPIC;Zif;ZnT49B;ab;abd-A;achi;acj6;ash1;az2;bab1;bab2;bcd;bigmax;br;brk;bsh;btn;cad;cato;caup;cbt;cg;chif;chn;cic;cnc;corto;crc;crp;cwo;cyc;dac;disco-r;dl;dmrt11E;dmrt93B;dmrt99B;dpn;dre4;dsf;dsx;ems;esn;eve;ewg;exex;ey;eyg;fd102C;fd3F;fd59A;fd64A;fd96Cb;fkh;foxo;fru;fs-1-h;ftz-f1;fu2;gcm;gcm2;gem;gfzf;gl;grau;grh;grn;gro;gsb-n;h;her;hkb;hng1;hng2;ind;insv;jumu;kay;kni;l-3-mbt;l-3-neo38;lab;lbe;lilli;lms;lola;luna;lz;maf-S;mam;mio;mirr;mod-mdg4;mof;msl-1;msl-2;msl-3;nau;nej;nerfin-1;net;nmo;noc;nom;not;oc;odd;opa;org-1;ouib;ovo;p53;pad;pb;pdm3;ph;pho;phol;pnt;pros;psq;pum;pzg;repo;rgr;row;run;sage;salm;salr;sc;schlank;scrt;sd;sens;shn;side;slou;slp2;so;spab;sqz;ss;stwl;su-Hw;sug;sv;svp;tHMG1;tai;tap;tin;tio;tj;tll;toe;topi;trem;trh;trr;trx;ttk;tup;twi;tx;unpg;upSET;usp;vri;vtd;wds;wek;woc;yki;zen;zf30C;zfh2;zld
Arthropoda	Simakov2022BCnS_genefamily_11602|Simakov2022BCnS_genefamily_4874	CDK13/HPD	1	118	118	AGO2;Abd-B;Acf;Antp;Asciz;B-H2;BuGZ;CBP;CG10147;CG10543;CG11723;CG12071;CG1233;CG12769;CG13204;CG13894;CG15514;CG17385;CG17568;CG18599;CG2678;CG3163;CG34376;CG4328;CG45071;CG4707;CG6765;CG8089;Clamp;Clk;Deaf1;Dfd;Dif;Dlip3;E-z;ERR;Elba3;Elys;Etl1;Ets97D;Fer1;HDAC4;HHEX;Hand;HmgD;HmgZ;Jasper;Kr;M1BP;MRG15;Mad;Med;Meics;Nf-YC;NfI;Orc2;Pc;Pdp1;Pfk;Psc;REPTOR;REPTOR-BP;Sce;Smox;Su-H;Su-var-205;Su-var-3-9;Trl;Ubx;Vsx1;Vsx2;ZIPIC;abd-A;ac;ash1;bcd;cad;cnc;cwo;da;dl;dmrt99B;dre4;ewg;exex;fd102C;fs-1-h;ftz-f1;gcm;grh;gro;her;insv;l-3-neo38;lab;mirr;mof;msl-2;msl-3;nej;nerfin-1;oc;pb;ph;pzg;repo;scrt;sd;shn;su-Hw;trr;twi;usp;wek;woc;zen;zf30C;zld	AGO2;Abd-B;Acf;Antp;Asciz;B-H2;BuGZ;CBP;CG10147;CG10543;CG11723;CG12071;CG1233;CG12769;CG13204;CG13894;CG15514;CG17385;CG17568;CG18599;CG2678;CG3163;CG34376;CG4328;CG45071;CG4707;CG6765;CG8089;Clamp;Clk;Deaf1;Dfd;Dif;Dlip3;E-z;ERR;Elba3;Elys;Etl1;Ets97D;Fer1;HDAC4;HHEX;Hand;HmgD;HmgZ;Jasper;Kr;M1BP;MRG15;Mad;Med;Meics;Nf-YC;NfI;Orc2;Pc;Pdp1;Pfk;Psc;REPTOR;REPTOR-BP;Sce;Smox;Su-H;Su-var-205;Su-var-3-9;Trl;Ubx;Vsx1;Vsx2;ZIPIC;abd-A;ac;ash1;bcd;cad;cnc;cwo;da;dl;dmrt99B;dre4;ewg;exex;fd102C;fs-1-h;ftz-f1;gcm;grh;gro;her;insv;l-3-neo38;lab;mirr;mof;msl-2;msl-3;nej;nerfin-1;oc;pb;ph;pzg;repo;scrt;sd;shn;su-Hw;trr;twi;usp;wek;woc;zen;zf30C;zld
Arthropoda	Simakov2022BCnS_genefamily_12561|Simakov2022BCnS_genefamily_3762	WDR59/DNAH7	1	464	464	ADD1;AGO2;ATbp;Abd-B;Acf;Ada2b;Antp;Asciz;Atf-2;B-H2;BEAF-32;Bdp1;Blimp-1;Br140;BtbVII;BuGZ;CBP;CG10147;CG10209;CG10274;CG10431;CG10462;CG10543;CG10565;CG10631;CG10654;CG10669;CG10979;CG11398;CG11504;CG11617;CG11723;CG12071;CG12104;CG12155;CG12219;CG12299;CG1233;CG12391;CG12659;CG12744;CG12768;CG12769;CG12942;CG13123;CG13204;CG13296;CG13775;CG13894;CG14655;CG14710;CG14711;CG14965;CG15011;CG15269;CG1529;CG15514;CG15601;CG15696;CG15710;CG1602;CG1603;CG1620;CG1647;CG16779;CG16815;CG16863;CG17186;CG17359;CG17385;CG17568;CG17801;CG17802;CG17806;CG17829;CG1792;CG18011;CG18262;CG18476;CG18599;CG18764;CG2116;CG2120;CG2202;CG2678;CG2712;CG2875;CG30020;CG3032;CG30403;CG3065;CG31365;CG31627;CG3163;CG32006;CG32264;CG3281;CG33017;CG33213;CG33557;CG3407;CG34367;CG34376;CG3838;CG3919;CG3995;CG4282;CG4328;CG43347;CG44002;CG4424;CG45071;CG4617;CG4707;CG4820;CG4854;CG5180;CG5204;CG5245;CG6254;CG6276;CG6654;CG6683;CG6765;CG6808;CG6813;CG7101;CG7271;CG7368;CG7556;CG7786;CG7839;CG7987;CG8089;CG8159;CG8281;CG8301;CG8319;CG8388;CG8924;CG8944;CG9609;CG9705;CG9727;CG9876;CG9948;CHES-1-like;CTCF;Camta;Cap-H2;Chrac-16;Chro;Clamp;Clk;CoRest;Coop;Cp190;CrebA;CrebB;Crg-1;D;D1;D19A;D19B;Dad;Deaf1;Dek;Dfd;Dif;Dlip3;DnaJ-1;Dp;Dref;E-Pc;E-bx;E-spl-m-beta-HLH;E-spl-m3-HLH;E-spl-m5-HLH;E-spl-m8-HLH;E-z;ERR;EcR;Eip74EF;Eip75B;Eip78C;Eip93F;Elba1;Elba2;Elba3;Elys;Ets21C;Ets65A;Ets96B;Ets97D;Fer1;Fer2;Fer3;FoxP;GATAd;HDAC1;HDAC4;HHEX;HIPP1;HLH54F;Hand;Hey;HmgD;HmgZ;Hmr;Hmx;Hnf4;Hr3;Hr39;Hr4;Hr51;Hr78;Hr83;Hr96;Hsf;Ibf2;JIL-1;Jarid2;Jasper;Jra;Kah;Klf15;Kr;Lhr;Lpt;M1BP;MESR4;MRG15;MTF-1;Mabi;Mad;Max;Med;Meics;Mes4;Met;Mlf;Mnt;Myb;Myc;NC2-beta;NK7-1;Nf-YB;Nf-YC;NfI;OdsH;Oli;Orc2;PHDP;Pc;Pdp1;Pfk;Pif1A;Pif1B;Plzf;Psc;REPTOR;REPTOR-BP;Rabex-5;Rel;Rsf1;SREBP;Set1;Sgf11;Sin3A;Six4;Smox;Snoo;Sox100B;Sox102F;Sox14;Sp1;Ssrp;Stat92E;Su-H;Su-var-2-10;Su-var-2-HP2;Su-var-205;Su-var-3-7;Su-var-3-9;TFAM;Tbp;TfIIB;TfIIIC;Trl;Ubx;Vsx1;Vsx2;Xbp1;YL-1;ZIPIC;Zif;ZnT49B;abd-A;ac;achi;acj6;ash1;az2;bab1;bab2;bcd;bigmax;br;brk;bsh;btn;cad;caup;cg;chif;chn;cic;cnc;corto;crc;crp;cwo;cyc;dac;disco-r;dl;dmrt11E;dmrt93B;dmrt99B;dpn;dsf;dsx;emc;ems;en;esn;eve;ewg;exd;exex;ey;eyg;fd102C;fd3F;fd59A;fd64A;fkh;foxo;fru;fs-1-h;ftz-f1;fu2;gcm;gcm2;gem;gfzf;gl;grau;grh;grn;gro;gsb-n;h;her;hkb;hng1;hng2;hth;ind;insv;jumu;kay;kni;l-3-mbt;l-3-neo38;lab;lbe;lilli;lms;lola;lz;maf-S;mam;mio;mirr;mod-mdg4;mof;msl-1;msl-2;msl-3;nau;nerfin-1;net;nmo;noc;nom;not;oc;odd;opa;org-1;ovo;pad;pb;pdm3;ph;pho;phol;pita;pros;psq;pum;pzg;repo;rgr;rib;row;run;sage;salm;salr;sc;schlank;scrt;sd;sens;shn;side;slou;spab;sqz;ss;stwl;su-Hw;sug;sv;svp;tHMG1;tai;tap;tin;tio;tj;tll;toe;topi;trem;trr;trx;ttk;tup;twi;unpg;usp;vri;vtd;wds;wek;woc;yki;zen;zf30C;zfh2;zld	ADD1;AGO2;ATbp;Abd-B;Acf;Ada2b;Antp;Asciz;Atf-2;B-H2;BEAF-32;Bdp1;Blimp-1;Br140;BtbVII;BuGZ;CBP;CG10147;CG10209;CG10274;CG10431;CG10462;CG10543;CG10565;CG10631;CG10654;CG10669;CG10979;CG11398;CG11504;CG11617;CG11723;CG12071;CG12104;CG12155;CG12219;CG12299;CG1233;CG12391;CG12659;CG12744;CG12768;CG12769;CG12942;CG13123;CG13204;CG13296;CG13775;CG13894;CG14655;CG14710;CG14711;CG14965;CG15011;CG15269;CG1529;CG15514;CG15601;CG15696;CG15710;CG1602;CG1603;CG1620;CG1647;CG16779;CG16815;CG16863;CG17186;CG17359;CG17385;CG17568;CG17801;CG17802;CG17806;CG17829;CG1792;CG18011;CG18262;CG18476;CG18599;CG18764;CG2116;CG2120;CG2202;CG2678;CG2712;CG2875;CG30020;CG3032;CG30403;CG3065;CG31365;CG31627;CG3163;CG32006;CG32264;CG3281;CG33017;CG33213;CG33557;CG3407;CG34367;CG34376;CG3838;CG3919;CG3995;CG4282;CG4328;CG43347;CG44002;CG4424;CG45071;CG4617;CG4707;CG4820;CG4854;CG5180;CG5204;CG5245;CG6254;CG6276;CG6654;CG6683;CG6765;CG6808;CG6813;CG7101;CG7271;CG7368;CG7556;CG7786;CG7839;CG7987;CG8089;CG8159;CG8281;CG8301;CG8319;CG8388;CG8924;CG8944;CG9609;CG9705;CG9727;CG9876;CG9948;CHES-1-like;CTCF;Camta;Cap-H2;Chrac-16;Chro;Clamp;Clk;CoRest;Coop;Cp190;CrebA;CrebB;Crg-1;D;D1;D19A;D19B;Dad;Deaf1;Dek;Dfd;Dif;Dlip3;DnaJ-1;Dp;Dref;E-Pc;E-bx;E-spl-m-beta-HLH;E-spl-m3-HLH;E-spl-m5-HLH;E-spl-m8-HLH;E-z;ERR;EcR;Eip74EF;Eip75B;Eip78C;Eip93F;Elba1;Elba2;Elba3;Elys;Ets21C;Ets65A;Ets96B;Ets97D;Fer1;Fer2;Fer3;FoxP;GATAd;HDAC1;HDAC4;HHEX;HIPP1;HLH54F;Hand;Hey;HmgD;HmgZ;Hmr;Hmx;Hnf4;Hr3;Hr39;Hr4;Hr51;Hr78;Hr83;Hr96;Hsf;Ibf2;JIL-1;Jarid2;Jasper;Jra;Kah;Klf15;Kr;Lhr;Lpt;M1BP;MESR4;MRG15;MTF-1;Mabi;Mad;Max;Med;Meics;Mes4;Met;Mlf;Mnt;Myb;Myc;NC2-beta;NK7-1;Nf-YB;Nf-YC;NfI;OdsH;Oli;Orc2;PHDP;Pc;Pdp1;Pfk;Pif1A;Pif1B;Plzf;Psc;REPTOR;REPTOR-BP;Rabex-5;Rel;Rsf1;SREBP;Set1;Sgf11;Sin3A;Six4;Smox;Snoo;Sox100B;Sox102F;Sox14;Sp1;Ssrp;Stat92E;Su-H;Su-var-2-10;Su-var-2-HP2;Su-var-205;Su-var-3-7;Su-var-3-9;TFAM;Tbp;TfIIB;TfIIIC;Trl;Ubx;Vsx1;Vsx2;Xbp1;YL-1;ZIPIC;Zif;ZnT49B;abd-A;ac;achi;acj6;ash1;az2;bab1;bab2;bcd;bigmax;br;brk;bsh;btn;cad;caup;cg;chif;chn;cic;cnc;corto;crc;crp;cwo;cyc;dac;disco-r;dl;dmrt11E;dmrt93B;dmrt99B;dpn;dsf;dsx;emc;ems;en;esn;eve;ewg;exd;exex;ey;eyg;fd102C;fd3F;fd59A;fd64A;fkh;foxo;fru;fs-1-h;ftz-f1;fu2;gcm;gcm2;gem;gfzf;gl;grau;grh;grn;gro;gsb-n;h;her;hkb;hng1;hng2;hth;ind;insv;jumu;kay;kni;l-3-mbt;l-3-neo38;lab;lbe;lilli;lms;lola;lz;maf-S;mam;mio;mirr;mod-mdg4;mof;msl-1;msl-2;msl-3;nau;nerfin-1;net;nmo;noc;nom;not;oc;odd;opa;org-1;ovo;pad;pb;pdm3;ph;pho;phol;pita;pros;psq;pum;pzg;repo;rgr;rib;row;run;sage;salm;salr;sc;schlank;scrt;sd;sens;shn;side;slou;spab;sqz;ss;stwl;su-Hw;sug;sv;svp;tHMG1;tai;tap;tin;tio;tj;tll;toe;topi;trem;trr;trx;ttk;tup;twi;unpg;usp;vri;vtd;wds;wek;woc;yki;zen;zf30C;zfh2;zld
Arthropoda	Simakov2022BCnS_genefamily_2752|Simakov2022BCnS_genefamily_9294	BRAF/PBX1	1	413	413	ADD1;AGO2;ATbp;Abd-B;Acf;Ada2b;Antp;Asciz;Atf-2;B-H2;BEAF-32;Blimp-1;BtbVII;BuGZ;CBP;CG10147;CG10209;CG10431;CG10543;CG10631;CG10654;CG10669;CG11504;CG11617;CG11723;CG12071;CG12104;CG12155;CG12219;CG12299;CG1233;CG12391;CG12659;CG12744;CG12768;CG12769;CG12942;CG13204;CG13296;CG13775;CG14655;CG14710;CG14711;CG15011;CG15269;CG1529;CG15514;CG15601;CG15696;CG15710;CG1602;CG1603;CG1620;CG1647;CG16779;CG16863;CG17186;CG17359;CG17385;CG17568;CG17801;CG17802;CG17829;CG18011;CG18599;CG2116;CG2120;CG2202;CG2712;CG2875;CG3032;CG30403;CG31365;CG31627;CG3163;CG32006;CG32264;CG3281;CG33017;CG33557;CG3407;CG34367;CG34376;CG3919;CG3995;CG4328;CG43347;CG4424;CG45071;CG4617;CG4707;CG4820;CG4854;CG5180;CG6254;CG6276;CG6654;CG6683;CG6765;CG6808;CG6813;CG7101;CG7271;CG7368;CG7556;CG7745;CG7839;CG7987;CG8089;CG8281;CG8301;CG8319;CG8478;CG8944;CG9705;CG9727;CG9876;CG9948;CTCF;Camta;Cap-H2;Chrac-16;Chro;Clamp;CoRest;Coop;Cp190;CrebA;CrebB;Crg-1;Crtc;CycG;D;D1;Dek;Dfd;Dlip3;Dp;Dref;E-bx;E-spl-m-beta-HLH;E-spl-m3-HLH;E-spl-m5-HLH;E-spl-m8-HLH;E-z;ERR;EcR;Eip74EF;Eip75B;Eip78C;Eip93F;Elba1;Elba2;Elba3;Elys;Ets21C;Ets96B;Ets97D;Fer1;Fer2;Fer3;FoxP;HDAC1;HDAC4;HHEX;Hand;Hey;HmgD;HmgZ;Hmr;Hmx;Hnf4;Hr3;Hr38;Hr39;Hr4;Hr78;Hr83;Hr96;Hsf;Hsp83;Ibf1;Ibf2;JIL-1;Jarid2;Jasper;Jra;Kah;Klf15;Lhr;Lpt;M1BP;MESR4;MRG15;MTF-1;Mabi;Mad;Max;Med;Meics;Mes4;Met;Mlf;Mnt;Myc;N;NC2-beta;NK7-1;Neu2;Nf-YB;NfI;Nup98-96;OdsH;Oli;Orc2;Pc;Pdp1;Pfk;Pif1A;Pif1B;Plzf;Psc;REPTOR;REPTOR-BP;Rabex-5;Rel;Rsf1;SREBP;Sce;Scr;Set1;Sgf11;Sin3A;Six4;Smox;Snoo;Sox100B;Sox102F;Sox14;Spps;Ssrp;Stat92E;Su-H;Su-Tpl;Su-var-2-10;Su-var-2-HP2;Su-var-205;Su-var-3-7;Su-var-3-9;TFAM;Taf1;Tbp;TfIIB;TfIIIC;Trl;Ubx;Vsx1;Vsx2;Xbp1;YL-1;ZIPIC;Zif;ZnT49B;abd-A;ac;achi;acj6;ash1;az2;bab1;bcd;bigmax;br;brk;bsh;caup;cg;chn;cic;cnc;corto;crp;cwo;cyc;dac;dl;dmrt11E;dmrt93B;dmrt99B;dpn;dre4;dsx;esn;eve;ewg;exex;ey;eyg;fd102C;fd3F;fd59A;fd64A;fkh;foxo;fru;fs-1-h;fu2;gcm;gcm2;gfzf;gl;grau;grh;grn;gro;gsb-n;h;her;hkb;hng1;hng2;hth;ind;insv;kay;kni;l-3-mbt;lab;lbe;lilli;lms;lola;lov;lz;maf-S;mago;mam;mirr;mod-mdg4;mof;msl-1;msl-2;msl-3;nau;nej;nerfin-1;net;nmo;noc;nom;not;oc;odd;opa;org-1;ouib;ovo;pad;pb;pdm3;ph;pho;phol;pita;pnt;prd;psq;pzg;repo;rgr;run;sage;salm;salr;sc;schlank;scrt;sd;sens;shn;side;slou;spab;sqz;ss;stwl;su-Hw;sug;sv;tHMG1;tap;tin;tj;toe;topi;trem;trr;trx;ttk;tup;twi;unpg;upSET;usp;vri;vtd;wek;woc;yki;zen;zf30C;zfh2;zld	ADD1;AGO2;ATbp;Abd-B;Acf;Ada2b;Antp;Asciz;Atf-2;B-H2;BEAF-32;Blimp-1;BtbVII;BuGZ;CBP;CG10147;CG10209;CG10431;CG10543;CG10631;CG10654;CG10669;CG11504;CG11617;CG11723;CG12071;CG12104;CG12155;CG12219;CG12299;CG1233;CG12391;CG12659;CG12744;CG12768;CG12769;CG12942;CG13204;CG13296;CG13775;CG14655;CG14710;CG14711;CG15011;CG15269;CG1529;CG15514;CG15601;CG15696;CG15710;CG1602;CG1603;CG1620;CG1647;CG16779;CG16863;CG17186;CG17359;CG17385;CG17568;CG17801;CG17802;CG17829;CG18011;CG18599;CG2116;CG2120;CG2202;CG2712;CG2875;CG3032;CG30403;CG31365;CG31627;CG3163;CG32006;CG32264;CG3281;CG33017;CG33557;CG3407;CG34367;CG34376;CG3919;CG3995;CG4328;CG43347;CG4424;CG45071;CG4617;CG4707;CG4820;CG4854;CG5180;CG6254;CG6276;CG6654;CG6683;CG6765;CG6808;CG6813;CG7101;CG7271;CG7368;CG7556;CG7745;CG7839;CG7987;CG8089;CG8281;CG8301;CG8319;CG8478;CG8944;CG9705;CG9727;CG9876;CG9948;CTCF;Camta;Cap-H2;Chrac-16;Chro;Clamp;CoRest;Coop;Cp190;CrebA;CrebB;Crg-1;Crtc;CycG;D;D1;Dek;Dfd;Dlip3;Dp;Dref;E-bx;E-spl-m-beta-HLH;E-spl-m3-HLH;E-spl-m5-HLH;E-spl-m8-HLH;E-z;ERR;EcR;Eip74EF;Eip75B;Eip78C;Eip93F;Elba1;Elba2;Elba3;Elys;Ets21C;Ets96B;Ets97D;Fer1;Fer2;Fer3;FoxP;HDAC1;HDAC4;HHEX;Hand;Hey;HmgD;HmgZ;Hmr;Hmx;Hnf4;Hr3;Hr38;Hr39;Hr4;Hr78;Hr83;Hr96;Hsf;Hsp83;Ibf1;Ibf2;JIL-1;Jarid2;Jasper;Jra;Kah;Klf15;Lhr;Lpt;M1BP;MESR4;MRG15;MTF-1;Mabi;Mad;Max;Med;Meics;Mes4;Met;Mlf;Mnt;Myc;N;NC2-beta;NK7-1;Neu2;Nf-YB;NfI;Nup98-96;OdsH;Oli;Orc2;Pc;Pdp1;Pfk;Pif1A;Pif1B;Plzf;Psc;REPTOR;REPTOR-BP;Rabex-5;Rel;Rsf1;SREBP;Sce;Scr;Set1;Sgf11;Sin3A;Six4;Smox;Snoo;Sox100B;Sox102F;Sox14;Spps;Ssrp;Stat92E;Su-H;Su-Tpl;Su-var-2-10;Su-var-2-HP2;Su-var-205;Su-var-3-7;Su-var-3-9;TFAM;Taf1;Tbp;TfIIB;TfIIIC;Trl;Ubx;Vsx1;Vsx2;Xbp1;YL-1;ZIPIC;Zif;ZnT49B;abd-A;ac;achi;acj6;ash1;az2;bab1;bcd;bigmax;br;brk;bsh;caup;cg;chn;cic;cnc;corto;crp;cwo;cyc;dac;dl;dmrt11E;dmrt93B;dmrt99B;dpn;dre4;dsx;esn;eve;ewg;exex;ey;eyg;fd102C;fd3F;fd59A;fd64A;fkh;foxo;fru;fs-1-h;fu2;gcm;gcm2;gfzf;gl;grau;grh;grn;gro;gsb-n;h;her;hkb;hng1;hng2;hth;ind;insv;kay;kni;l-3-mbt;lab;lbe;lilli;lms;lola;lov;lz;maf-S;mago;mam;mirr;mod-mdg4;mof;msl-1;msl-2;msl-3;nau;nej;nerfin-1;net;nmo;noc;nom;not;oc;odd;opa;org-1;ouib;ovo;pad;pb;pdm3;ph;pho;phol;pita;pnt;prd;psq;pzg;repo;rgr;run;sage;salm;salr;sc;schlank;scrt;sd;sens;shn;side;slou;spab;sqz;ss;stwl;su-Hw;sug;sv;tHMG1;tap;tin;tj;toe;topi;trem;trr;trx;ttk;tup;twi;unpg;upSET;usp;vri;vtd;wek;woc;yki;zen;zf30C;zfh2;zld
Arthropoda	Simakov2022BCnS_genefamily_3226|Simakov2022BCnS_genefamily_4977	MIX23/KPNA6	1	481	481	ADD1;AGO2;ATbp;Abd-B;Acf;Ada2b;Antp;Asciz;Atf-2;Atf3;B-H2;BEAF-32;Bdp1;Blimp-1;Br140;BtbVII;BuGZ;CBP;CG10147;CG10209;CG10274;CG10431;CG10543;CG10565;CG10631;CG10654;CG10669;CG10979;CG11398;CG11504;CG11617;CG11723;CG12071;CG12104;CG12155;CG12219;CG12236;CG12299;CG1233;CG12391;CG12659;CG12744;CG12768;CG12769;CG12942;CG13123;CG13204;CG13296;CG13775;CG13894;CG14655;CG14710;CG14711;CG15011;CG15269;CG1529;CG15514;CG15601;CG15696;CG15710;CG1602;CG1603;CG1620;CG1647;CG16779;CG16863;CG17186;CG17359;CG17385;CG17568;CG17801;CG17802;CG17806;CG17829;CG1792;CG18011;CG18262;CG18476;CG18599;CG18764;CG2116;CG2120;CG2202;CG2678;CG2712;CG2875;CG30020;CG3032;CG30403;CG3065;CG31365;CG31627;CG3163;CG32006;CG32264;CG3281;CG33017;CG33213;CG33557;CG3407;CG34367;CG34376;CG3919;CG3995;CG4282;CG4318;CG4328;CG43347;CG44002;CG4424;CG45071;CG4617;CG4707;CG4854;CG5180;CG5204;CG5245;CG6254;CG6276;CG6683;CG6765;CG6808;CG6813;CG7101;CG7271;CG7368;CG7556;CG7745;CG7786;CG7839;CG7987;CG8089;CG8159;CG8281;CG8301;CG8319;CG8388;CG8478;CG8924;CG8944;CG9609;CG9705;CG9727;CG9876;CG9948;CHES-1-like;CTCF;Camta;Cap-H2;Chrac-16;Chro;Clamp;Clk;CoRest;Coop;Cp190;CrebA;CrebB;Crg-1;D;D1;D19A;D19B;Dad;Deaf1;Dek;Dfd;Dif;Dlip3;DnaJ-1;Dp;Dref;E-Pc;E-bx;E-spl-m-beta-HLH;E-spl-m3-HLH;E-spl-m5-HLH;E-spl-m7-HLH;E-spl-m8-HLH;E-z;ERR;EcR;Eip74EF;Eip75B;Eip78C;Eip93F;Elba1;Elba2;Elba3;Elys;Etl1;Ets21C;Ets65A;Ets96B;Ets97D;Fer1;Fer2;Fer3;FoxP;GATAd;HDAC1;HDAC4;HHEX;HLH54F;Hand;Hey;HmgD;HmgZ;Hmr;Hmx;Hnf4;Hr3;Hr38;Hr39;Hr4;Hr51;Hr78;Hr83;Hr96;Hsf;Hsp83;Ibf1;Ibf2;JIL-1;Jarid2;Jasper;Jra;Kah;Klf15;Kr;Lhr;Lpt;M1BP;MESR4;MRG15;MTF-1;Mabi;Mad;Max;Med;Meics;Mes4;Met;Mlf;Mnt;Myb;Myc;N;NC2-beta;NK7-1;Neu2;Nf-YB;Nf-YC;NfI;Nup98-96;OdsH;Oli;Orc2;PHDP;Pc;Pdp1;Pfk;Pif1A;Pif1B;Plzf;Psc;REPTOR;REPTOR-BP;Rabex-5;Rel;Rsf1;SREBP;Sce;Scr;Set1;Sgf11;Sin3A;Six4;Smox;Snoo;Sox100B;Sox102F;Sox14;Sp1;Ssrp;Stat92E;Su-H;Su-Tpl;Su-var-2-10;Su-var-2-HP2;Su-var-205;Su-var-3-7;Su-var-3-9;TFAM;Taf1;Tbp;TfIIB;TfIIIC;Trl;Ubx;Vsx1;Vsx2;Xbp1;YL-1;ZIPIC;Zif;ZnT49B;ab;abd-A;ac;achi;acj6;ash1;az2;bab1;bcd;bigmax;br;brk;bsh;btn;cato;caup;cg;chif;chn;cic;cnc;corto;crc;crp;cwo;cyc;da;dac;disco-r;dl;dmrt11E;dmrt99B;dpn;dre4;dsf;dsx;ems;en;esg;esn;eve;ewg;exd;exex;ey;eyg;fd102C;fd3F;fd59A;fd64A;fd96Cb;fkh;foxo;fru;fs-1-h;ftz-f1;fu2;gcm;gem;gfzf;gl;grau;grh;grn;gro;gsb-n;gt;h;her;hkb;hng1;hng2;hth;ind;insv;jumu;kay;kni;l-3-mbt;l-3-neo38;lab;lbe;lilli;lms;lola;lov;lz;maf-S;mam;mio;mirr;mod-mdg4;mof;msl-1;msl-2;msl-3;nau;nej;nerfin-1;net;nmo;noc;nom;not;oc;odd;opa;org-1;ouib;ovo;p53;pad;pb;pdm3;ph;pho;phol;pita;pros;psq;pum;pzg;repo;rgr;run;sage;salm;salr;sc;schlank;scrt;sd;sens;shn;side;sima;slou;so;spab;sqz;ss;stwl;su-Hw;sug;sv;svp;tHMG1;tai;tap;tin;tj;tll;toe;topi;trem;trr;trx;ttk;tup;twi;tx;unpg;upSET;usp;vri;vtd;wds;wek;woc;yki;zen;zf30C;zfh2;zld	ADD1;AGO2;ATbp;Abd-B;Acf;Ada2b;Antp;Asciz;Atf-2;Atf3;B-H2;BEAF-32;Bdp1;Blimp-1;Br140;BtbVII;BuGZ;CBP;CG10147;CG10209;CG10274;CG10431;CG10543;CG10565;CG10631;CG10654;CG10669;CG10979;CG11398;CG11504;CG11617;CG11723;CG12071;CG12104;CG12155;CG12219;CG12236;CG12299;CG1233;CG12391;CG12659;CG12744;CG12768;CG12769;CG12942;CG13123;CG13204;CG13296;CG13775;CG13894;CG14655;CG14710;CG14711;CG15011;CG15269;CG1529;CG15514;CG15601;CG15696;CG15710;CG1602;CG1603;CG1620;CG1647;CG16779;CG16863;CG17186;CG17359;CG17385;CG17568;CG17801;CG17802;CG17806;CG17829;CG1792;CG18011;CG18262;CG18476;CG18599;CG18764;CG2116;CG2120;CG2202;CG2678;CG2712;CG2875;CG30020;CG3032;CG30403;CG3065;CG31365;CG31627;CG3163;CG32006;CG32264;CG3281;CG33017;CG33213;CG33557;CG3407;CG34367;CG34376;CG3919;CG3995;CG4282;CG4318;CG4328;CG43347;CG44002;CG4424;CG45071;CG4617;CG4707;CG4854;CG5180;CG5204;CG5245;CG6254;CG6276;CG6683;CG6765;CG6808;CG6813;CG7101;CG7271;CG7368;CG7556;CG7745;CG7786;CG7839;CG7987;CG8089;CG8159;CG8281;CG8301;CG8319;CG8388;CG8478;CG8924;CG8944;CG9609;CG9705;CG9727;CG9876;CG9948;CHES-1-like;CTCF;Camta;Cap-H2;Chrac-16;Chro;Clamp;Clk;CoRest;Coop;Cp190;CrebA;CrebB;Crg-1;D;D1;D19A;D19B;Dad;Deaf1;Dek;Dfd;Dif;Dlip3;DnaJ-1;Dp;Dref;E-Pc;E-bx;E-spl-m-beta-HLH;E-spl-m3-HLH;E-spl-m5-HLH;E-spl-m7-HLH;E-spl-m8-HLH;E-z;ERR;EcR;Eip74EF;Eip75B;Eip78C;Eip93F;Elba1;Elba2;Elba3;Elys;Etl1;Ets21C;Ets65A;Ets96B;Ets97D;Fer1;Fer2;Fer3;FoxP;GATAd;HDAC1;HDAC4;HHEX;HLH54F;Hand;Hey;HmgD;HmgZ;Hmr;Hmx;Hnf4;Hr3;Hr38;Hr39;Hr4;Hr51;Hr78;Hr83;Hr96;Hsf;Hsp83;Ibf1;Ibf2;JIL-1;Jarid2;Jasper;Jra;Kah;Klf15;Kr;Lhr;Lpt;M1BP;MESR4;MRG15;MTF-1;Mabi;Mad;Max;Med;Meics;Mes4;Met;Mlf;Mnt;Myb;Myc;N;NC2-beta;NK7-1;Neu2;Nf-YB;Nf-YC;NfI;Nup98-96;OdsH;Oli;Orc2;PHDP;Pc;Pdp1;Pfk;Pif1A;Pif1B;Plzf;Psc;REPTOR;REPTOR-BP;Rabex-5;Rel;Rsf1;SREBP;Sce;Scr;Set1;Sgf11;Sin3A;Six4;Smox;Snoo;Sox100B;Sox102F;Sox14;Sp1;Ssrp;Stat92E;Su-H;Su-Tpl;Su-var-2-10;Su-var-2-HP2;Su-var-205;Su-var-3-7;Su-var-3-9;TFAM;Taf1;Tbp;TfIIB;TfIIIC;Trl;Ubx;Vsx1;Vsx2;Xbp1;YL-1;ZIPIC;Zif;ZnT49B;ab;abd-A;ac;achi;acj6;ash1;az2;bab1;bcd;bigmax;br;brk;bsh;btn;cato;caup;cg;chif;chn;cic;cnc;corto;crc;crp;cwo;cyc;da;dac;disco-r;dl;dmrt11E;dmrt99B;dpn;dre4;dsf;dsx;ems;en;esg;esn;eve;ewg;exd;exex;ey;eyg;fd102C;fd3F;fd59A;fd64A;fd96Cb;fkh;foxo;fru;fs-1-h;ftz-f1;fu2;gcm;gem;gfzf;gl;grau;grh;grn;gro;gsb-n;gt;h;her;hkb;hng1;hng2;hth;ind;insv;jumu;kay;kni;l-3-mbt;l-3-neo38;lab;lbe;lilli;lms;lola;lov;lz;maf-S;mam;mio;mirr;mod-mdg4;mof;msl-1;msl-2;msl-3;nau;nej;nerfin-1;net;nmo;noc;nom;not;oc;odd;opa;org-1;ouib;ovo;p53;pad;pb;pdm3;ph;pho;phol;pita;pros;psq;pum;pzg;repo;rgr;run;sage;salm;salr;sc;schlank;scrt;sd;sens;shn;side;sima;slou;so;spab;sqz;ss;stwl;su-Hw;sug;sv;svp;tHMG1;tai;tap;tin;tj;tll;toe;topi;trem;trr;trx;ttk;tup;twi;tx;unpg;upSET;usp;vri;vtd;wds;wek;woc;yki;zen;zf30C;zfh2;zld
Arthropoda	Simakov2022BCnS_genefamily_6525|Simakov2022BCnS_genefamily_8065	BPTF/RNF40	1	380	380	ADD1;AGO2;ATbp;Abd-B;Acf;Ada2b;Antp;Atf-2;Atf3;B-H2;BEAF-32;Bdp1;Blimp-1;Br140;BuGZ;CBP;CG10209;CG10274;CG10431;CG10462;CG10543;CG10565;CG10631;CG10654;CG10669;CG10979;CG11398;CG11723;CG12071;CG12104;CG12155;CG12219;CG1233;CG12659;CG12768;CG12769;CG13123;CG13204;CG13775;CG14655;CG14711;CG15011;CG15269;CG1529;CG15696;CG15710;CG1602;CG1603;CG1620;CG1647;CG16779;CG17186;CG17385;CG17568;CG17801;CG17802;CG17806;CG1792;CG18011;CG18476;CG18764;CG2120;CG2202;CG2875;CG3032;CG30403;CG31365;CG31627;CG3163;CG32006;CG32264;CG33017;CG33213;CG33557;CG3407;CG34367;CG34376;CG3919;CG3995;CG4282;CG43347;CG44002;CG4424;CG45071;CG4617;CG4707;CG4820;CG4854;CG5180;CG5204;CG5245;CG6254;CG6276;CG6808;CG6813;CG7101;CG7271;CG7368;CG7745;CG7786;CG7987;CG8089;CG8159;CG8301;CG8478;CG8944;CG9609;CG9705;CG9876;CG9948;CHES-1-like;CTCF;Camta;Cap-H2;Cdk9;Chro;Clamp;Clk;CoRest;Coop;Cp190;CrebA;CrebB;Crg-1;CycG;D;D1;Dad;Dek;Dfd;Dif;Dlip3;DnaJ-1;Dp;Dref;E-Pc;E-spl-m3-HLH;E-spl-m5-HLH;E-spl-m7-HLH;E-spl-m8-HLH;E-z;ERR;EcR;Eip75B;Eip78C;Eip93F;Elba1;Elba2;Elba3;Elys;Ets21C;Ets96B;Ets97D;Fer2;Fer3;FoxP;HDAC1;HDAC4;HHEX;HLH54F;Hey;HmgD;HmgZ;Hmr;Hmx;Hnf4;Hr3;Hr39;Hr4;Hr51;Hr83;Hr96;Hsf;Hsp83;Ibf1;Ibf2;JIL-1;Jarid2;Jasper;Jra;Klf15;Kr;Lhr;Lpt;M1BP;MESR4;MRG15;MTF-1;Mad;Max;Med;Mes4;Met;Mlf;Mnt;Myb;Myc;N;NC2-beta;Neu2;NfI;Nup98-96;OdsH;Oli;Orc2;Pc;Pdp1;Pfk;Pif1A;Pif1B;Plzf;Psc;REPTOR;REPTOR-BP;Rabex-5;Rbf;Rel;Rsf1;Sce;Set1;Sgf11;Sin3A;Six4;Smox;Snoo;Sox102F;Sox14;Stat92E;Su-H;Su-Tpl;Su-var-2-HP2;Su-var-205;Su-var-3-7;Su-var-3-9;Su-z-12;TFAM;Taf1;Tbp;TfIIB;TfIIIC;Trl;Ubx;Vsx1;Vsx2;Xbp1;YL-1;ZIPIC;ZnT49B;abd-A;ac;achi;acj6;ash1;az2;bab1;bab2;bcd;bigmax;br;brk;bsh;btn;cad;cg;chif;chn;cic;corto;crp;cyc;dac;dl;dmrt11E;dmrt93B;dpn;dre4;dsx;emc;ems;eve;ewg;ey;fd102C;fd64A;foxo;fs-1-h;ftz-f1;fu2;gcm;gfzf;gl;grh;grn;gro;gsb-n;h;her;hkb;hng1;hng2;ind;insv;jumu;kay;kni;l-3-mbt;l-3-neo38;lbe;lilli;lms;lola;lz;maf-S;mam;mio;mirr;mod-mdg4;mof;msl-1;msl-2;msl-3;nau;net;nom;not;oc;odd;opa;org-1;ovo;p53;pad;pb;pdm3;ph;pho;pita;psq;pum;pzg;repo;rgr;row;sage;salr;sc;schlank;sd;sens;shn;side;slou;so;spab;ss;su-Hw;sug;sv;svp;tai;tin;tll;toe;topi;trr;trx;ttk;tup;twi;tx;usp;vri;vtd;wds;wek;woc;yki;zen;zf30C;zld	ADD1;AGO2;ATbp;Abd-B;Acf;Ada2b;Antp;Atf-2;Atf3;B-H2;BEAF-32;Bdp1;Blimp-1;Br140;BuGZ;CBP;CG10209;CG10274;CG10431;CG10462;CG10543;CG10565;CG10631;CG10654;CG10669;CG10979;CG11398;CG11723;CG12071;CG12104;CG12155;CG12219;CG1233;CG12659;CG12768;CG12769;CG13123;CG13204;CG13775;CG14655;CG14711;CG15011;CG15269;CG1529;CG15696;CG15710;CG1602;CG1603;CG1620;CG1647;CG16779;CG17186;CG17385;CG17568;CG17801;CG17802;CG17806;CG1792;CG18011;CG18476;CG18764;CG2120;CG2202;CG2875;CG3032;CG30403;CG31365;CG31627;CG3163;CG32006;CG32264;CG33017;CG33213;CG33557;CG3407;CG34367;CG34376;CG3919;CG3995;CG4282;CG43347;CG44002;CG4424;CG45071;CG4617;CG4707;CG4820;CG4854;CG5180;CG5204;CG5245;CG6254;CG6276;CG6808;CG6813;CG7101;CG7271;CG7368;CG7745;CG7786;CG7987;CG8089;CG8159;CG8301;CG8478;CG8944;CG9609;CG9705;CG9876;CG9948;CHES-1-like;CTCF;Camta;Cap-H2;Cdk9;Chro;Clamp;Clk;CoRest;Coop;Cp190;CrebA;CrebB;Crg-1;CycG;D;D1;Dad;Dek;Dfd;Dif;Dlip3;DnaJ-1;Dp;Dref;E-Pc;E-spl-m3-HLH;E-spl-m5-HLH;E-spl-m7-HLH;E-spl-m8-HLH;E-z;ERR;EcR;Eip75B;Eip78C;Eip93F;Elba1;Elba2;Elba3;Elys;Ets21C;Ets96B;Ets97D;Fer2;Fer3;FoxP;HDAC1;HDAC4;HHEX;HLH54F;Hey;HmgD;HmgZ;Hmr;Hmx;Hnf4;Hr3;Hr39;Hr4;Hr51;Hr83;Hr96;Hsf;Hsp83;Ibf1;Ibf2;JIL-1;Jarid2;Jasper;Jra;Klf15;Kr;Lhr;Lpt;M1BP;MESR4;MRG15;MTF-1;Mad;Max;Med;Mes4;Met;Mlf;Mnt;Myb;Myc;N;NC2-beta;Neu2;NfI;Nup98-96;OdsH;Oli;Orc2;Pc;Pdp1;Pfk;Pif1A;Pif1B;Plzf;Psc;REPTOR;REPTOR-BP;Rabex-5;Rbf;Rel;Rsf1;Sce;Set1;Sgf11;Sin3A;Six4;Smox;Snoo;Sox102F;Sox14;Stat92E;Su-H;Su-Tpl;Su-var-2-HP2;Su-var-205;Su-var-3-7;Su-var-3-9;Su-z-12;TFAM;Taf1;Tbp;TfIIB;TfIIIC;Trl;Ubx;Vsx1;Vsx2;Xbp1;YL-1;ZIPIC;ZnT49B;abd-A;ac;achi;acj6;ash1;az2;bab1;bab2;bcd;bigmax;br;brk;bsh;btn;cad;cg;chif;chn;cic;corto;crp;cyc;dac;dl;dmrt11E;dmrt93B;dpn;dre4;dsx;emc;ems;eve;ewg;ey;fd102C;fd64A;foxo;fs-1-h;ftz-f1;fu2;gcm;gfzf;gl;grh;grn;gro;gsb-n;h;her;hkb;hng1;hng2;ind;insv;jumu;kay;kni;l-3-mbt;l-3-neo38;lbe;lilli;lms;lola;lz;maf-S;mam;mio;mirr;mod-mdg4;mof;msl-1;msl-2;msl-3;nau;net;nom;not;oc;odd;opa;org-1;ovo;p53;pad;pb;pdm3;ph;pho;pita;psq;pum;pzg;repo;rgr;row;sage;salr;sc;schlank;sd;sens;shn;side;slou;so;spab;ss;su-Hw;sug;sv;svp;tai;tin;tll;toe;topi;trr;trx;ttk;tup;twi;tx;usp;vri;vtd;wds;wek;woc;yki;zen;zf30C;zld
Vertebrata	Simakov2022BCnS_genefamily_10268|Simakov2022BCnS_genefamily_12984	SLC25A26/TMF1	1	407	407	AFF4;AGO1;AHR;APC;AR;ARID1A;ARID2;ARID4A;ARID4B;ARID5B;ARNT;ARNTL;ARRB1;ASH2L;ATF1;ATF2;ATF3;ATF7;BAF155;BCL11A;BCL3;BCL6;BCOR;BHLHE40;BRCA1;BRD1;BRD2;BRD3;BRD4;BRD9;CBFB;CBX1;CDK6;CDK7;CDK8;CDK9;CDKN1B;CDX2;CEBPA;CEBPB;CHD1;CHD2;CHD4;CHD8;CLOCK;CREB1;CREB3L1;CREBBP;CREM;CRX;CTBP1;CTCF;CTCFL;CTNNB1;CXXC4;DDX21;DEK;DMAP1;DNMT3B;DRAP1;E2F1;E2F4;E2F6;E4F1;EBF1;EGR1;EHF;ELF1;ELF3;ELF4;ELK1;ELK4;ELL2;EP300;EP400;ERG;ESR1;ETS1;ETV1;ETV4;EZH1;EZH2;FLI1;FOS;FOSL1;FOSL2;FOXA1;FOXA2;FOXK1;FOXK2;FOXL2;FOXO1;FOXP1;FOXP4;GABPA;GABPB1;GATA1;GATA2;GATA3;GATA6;GFI1B;GLIS1;GLIS2;GMEB1;GSPT2;GTF2B;GTF2F1;GTF3C2;HBP1;HCFC1;HDAC1;HDAC2;HDAC3;HIF1A;HIVEP1;HMGXB4;HNF1B;HNF4A;HNRNPH1;HNRNPL;HNRNPLL;HOXA3;HOXB13;HSF1;IFNA1;IKZF1;IKZF3;ILF3;INO80;INTS11;INTS13;IRF1;IRF2;IRF4;ISL2;JMJD1C;JUN;JUNB;JUND;KAT2A;KDM1A;KDM3A;KDM4A;KDM4C;KDM5A;KDM5B;KLF5;KLF6;KMT2A;KMT2B;KMT2B-D;L3MBTL2;LDB1;LIN54;LMO1;LMO2;MAF;MAFB;MAFF;MAFK;MAX;MAZ;MBD1;MBD2;MCRS1;MED1;MED26;MEF2B;MEF2D;MEIS2;MEN1;MGA;MITF;MLLT1;MLX;MNT;MNX1;MRTFB;MTA1;MTA2;MXD4;MXI1;MYB;MYBL2;MYC;MYCN;MYNN;MYOD1;NBN;NCAPH2;NCBP1;NCOR1;NELFA;NELFCD;NELFE;NEUROD1;NFAT5;NFATC1;NFATC2;NFATC3;NFE2;NFE2L2;NFKB1;NFKBIZ;NFRKB;NFYA;NFYB;NFYC;NIPBL;NKX2-1;NKX3-1;NONO;NOTCH1;NR1H2;NR2C2;NR3C1;NRF1;OGG1;OGT;OLIG2;ONECUT1;OTX2;PARP1;PAX3-FOXO1;PAX5;PBX3;PCBP1;PCGF1;PDX1;PGR;PHF20;PHF5A;PHF8;PHIP;PITX3;PKNOX1;PLAG1;POU2F1;POU2F2;POU4F2;POU5F1;PPARG;PRDM10;PTBP1;RAD21;RARA;RB1;RBBP4;RBBP5;RBFOX2;RBM22;RBM25;RBM39;RBPJ;RCOR1;RELA;REST;RFXAP;RNF2;RORB;RUNX1;RUNX1T1;RUVBL2;RYBP;SAP30;SETDB1;SIN3A;SIN3B;SIRT6;SIX1;SIX5;SMAD1;SMAD2-3;SMAD3;SMAD3-HIF1A;SMAD4;SMAD5;SMARCA4;SMARCB1;SMARCC1;SMC1;SMC1A;SMC3;SNAI2;SOX2;SOX4;SOX6;SOX8;SP1;SP140L;SP2;SP7;SPDEF;SPI1;SREBP2;SRSF1;SRSF3;SRSF7;STAG1;STAT1;STAT3;STAT5B;SUPT5H;SUPT6H;SUZ12;TAF1;TAF15;TAF3;TAL1;TARDBP;TBL1X;TBL1XR1;TBP;TBX2;TBX21;TBX5;TCF12;TCF21;TCF4;TCF7L2;TEAD4;TERF1;TET2;TFAP2C;TFAP4;TFDP2;TFE3;TGIF2;TP53;TP63;TRIM24;TRIM25;TRIM28;U2AF1;U2AF2;UBN1;UBTF;VDR;WDR5;XBP1;XRCC5;YAP1;YY1;YY1AP1;ZBED4;ZBTB11;ZBTB12;ZBTB16;ZBTB20;ZBTB21;ZBTB26;ZBTB33;ZBTB40;ZBTB7A;ZBTB7B;ZEB1;ZEB2;ZFP36;ZFP37;ZFP64;ZFX;ZFY;ZGPAT;ZHX1;ZHX2;ZMIZ1;ZNF121;ZNF142;ZNF143;ZNF175;ZNF18;ZNF189;ZNF2;ZNF202;ZNF217;ZNF232;ZNF263;ZNF274;ZNF276;ZNF324;ZNF341;ZNF35;ZNF407;ZNF44;ZNF441;ZNF501;ZNF518A;ZNF528;ZNF550;ZNF572;ZNF574;ZNF580;ZNF598;ZNF629;ZNF639;ZNF660;ZNF687;ZNF692;ZNF697;ZNF711;ZNF76;ZNF777;ZNF786;ZNF883;ZNF891;ZSCAN22;ZXDB	AFF4;AGO1;AHR;APC;AR;ARID1A;ARID2;ARID4A;ARID4B;ARID5B;ARNT;ARNTL;ARRB1;ASH2L;ATF1;ATF2;ATF3;ATF7;BAF155;BCL11A;BCL3;BCL6;BCOR;BHLHE40;BRCA1;BRD1;BRD2;BRD3;BRD4;BRD9;CBFB;CBX1;CDK6;CDK7;CDK8;CDK9;CDKN1B;CDX2;CEBPA;CEBPB;CHD1;CHD2;CHD4;CHD8;CLOCK;CREB1;CREB3L1;CREBBP;CREM;CRX;CTBP1;CTCF;CTCFL;CTNNB1;CXXC4;DDX21;DEK;DMAP1;DNMT3B;DRAP1;E2F1;E2F4;E2F6;E4F1;EBF1;EGR1;EHF;ELF1;ELF3;ELF4;ELK1;ELK4;ELL2;EP300;EP400;ERG;ESR1;ETS1;ETV1;ETV4;EZH1;EZH2;FLI1;FOS;FOSL1;FOSL2;FOXA1;FOXA2;FOXK1;FOXK2;FOXL2;FOXO1;FOXP1;FOXP4;GABPA;GABPB1;GATA1;GATA2;GATA3;GATA6;GFI1B;GLIS1;GLIS2;GMEB1;GSPT2;GTF2B;GTF2F1;GTF3C2;HBP1;HCFC1;HDAC1;HDAC2;HDAC3;HIF1A;HIVEP1;HMGXB4;HNF1B;HNF4A;HNRNPH1;HNRNPL;HNRNPLL;HOXA3;HOXB13;HSF1;IFNA1;IKZF1;IKZF3;ILF3;INO80;INTS11;INTS13;IRF1;IRF2;IRF4;ISL2;JMJD1C;JUN;JUNB;JUND;KAT2A;KDM1A;KDM3A;KDM4A;KDM4C;KDM5A;KDM5B;KLF5;KLF6;KMT2A;KMT2B;KMT2B-D;L3MBTL2;LDB1;LIN54;LMO1;LMO2;MAF;MAFB;MAFF;MAFK;MAX;MAZ;MBD1;MBD2;MCRS1;MED1;MED26;MEF2B;MEF2D;MEIS2;MEN1;MGA;MITF;MLLT1;MLX;MNT;MNX1;MRTFB;MTA1;MTA2;MXD4;MXI1;MYB;MYBL2;MYC;MYCN;MYNN;MYOD1;NBN;NCAPH2;NCBP1;NCOR1;NELFA;NELFCD;NELFE;NEUROD1;NFAT5;NFATC1;NFATC2;NFATC3;NFE2;NFE2L2;NFKB1;NFKBIZ;NFRKB;NFYA;NFYB;NFYC;NIPBL;NKX2-1;NKX3-1;NONO;NOTCH1;NR1H2;NR2C2;NR3C1;NRF1;OGG1;OGT;OLIG2;ONECUT1;OTX2;PARP1;PAX3-FOXO1;PAX5;PBX3;PCBP1;PCGF1;PDX1;PGR;PHF20;PHF5A;PHF8;PHIP;PITX3;PKNOX1;PLAG1;POU2F1;POU2F2;POU4F2;POU5F1;PPARG;PRDM10;PTBP1;RAD21;RARA;RB1;RBBP4;RBBP5;RBFOX2;RBM22;RBM25;RBM39;RBPJ;RCOR1;RELA;REST;RFXAP;RNF2;RORB;RUNX1;RUNX1T1;RUVBL2;RYBP;SAP30;SETDB1;SIN3A;SIN3B;SIRT6;SIX1;SIX5;SMAD1;SMAD2-3;SMAD3;SMAD3-HIF1A;SMAD4;SMAD5;SMARCA4;SMARCB1;SMARCC1;SMC1;SMC1A;SMC3;SNAI2;SOX2;SOX4;SOX6;SOX8;SP1;SP140L;SP2;SP7;SPDEF;SPI1;SREBP2;SRSF1;SRSF3;SRSF7;STAG1;STAT1;STAT3;STAT5B;SUPT5H;SUPT6H;SUZ12;TAF1;TAF15;TAF3;TAL1;TARDBP;TBL1X;TBL1XR1;TBP;TBX2;TBX21;TBX5;TCF12;TCF21;TCF4;TCF7L2;TEAD4;TERF1;TET2;TFAP2C;TFAP4;TFDP2;TFE3;TGIF2;TP53;TP63;TRIM24;TRIM25;TRIM28;U2AF1;U2AF2;UBN1;UBTF;VDR;WDR5;XBP1;XRCC5;YAP1;YY1;YY1AP1;ZBED4;ZBTB11;ZBTB12;ZBTB16;ZBTB20;ZBTB21;ZBTB26;ZBTB33;ZBTB40;ZBTB7A;ZBTB7B;ZEB1;ZEB2;ZFP36;ZFP37;ZFP64;ZFX;ZFY;ZGPAT;ZHX1;ZHX2;ZMIZ1;ZNF121;ZNF142;ZNF143;ZNF175;ZNF18;ZNF189;ZNF2;ZNF202;ZNF217;ZNF232;ZNF263;ZNF274;ZNF276;ZNF324;ZNF341;ZNF35;ZNF407;ZNF44;ZNF441;ZNF501;ZNF518A;ZNF528;ZNF550;ZNF572;ZNF574;ZNF580;ZNF598;ZNF629;ZNF639;ZNF660;ZNF687;ZNF692;ZNF697;ZNF711;ZNF76;ZNF777;ZNF786;ZNF883;ZNF891;ZSCAN22;ZXDB
Vertebrata	Simakov2022BCnS_genefamily_12080|Simakov2022BCnS_genefamily_5571	MRPS11/SNRPA1	1	531	531	AFF1;AFF4;AGO1;AHR;APC;AR;ARID1A;ARID1B;ARID2;ARID3A;ARID5B;ARNT;ARNTL;ARRB1;ASH2L;ASXL3;ATF1;ATF2;ATF3;ATF7;ATRX;BAF155;BAP1;BCL11A;BCL11B;BCL3;BCL6;BCOR;BHLHE40;BMPR1A;BRCA1;BRD1;BRD2;BRD3;BRD4;BRD9;CBFA2T2;CBFB;CBX1;CBX2;CBX4;CCAR2;CD74;CDK6;CDK7;CDK8;CDK9;CDKN1B;CDX2;CEBPA;CEBPB;CEBPD;CEBPZ;CHD1;CHD2;CHD4;CHD8;CLOCK;CREB1;CREBBP;CREM;CRX;CSNK2A1;CTBP1;CTCF;CTCFL;CTNNB1;CUX1;CXXC4;CXXC5;DDX21;DEK;DIDO1;DMAP1;DPF2;DRAP1;E2F1;E2F4;E2F6;E2F8;E4F1;EBF1;EBF3;EGR1;EHF;EHMT2;ELF1;ELF3;ELF4;ELK1;ELK4;ELL2;EP300;EP400;ERF;ERG;ESR1;ESR2;ESRRA;ETS1;ETV1;ETV4;EZH1;EZH2;FIP1L1;FLI1;FOS;FOSL1;FOSL2;FOXA1;FOXA2;FOXK1;FOXK2;FOXL2;FOXM1;FOXO1;FOXO3;FOXP1;FOXP2;FOXP4;GABPA;GATA1;GATA2;GATA3;GATA4;GATA6;GATAD1;GATAD2B;GFI1B;GLIS1;GLIS2;GMEB1;GRHL2;GSPT2;GTF2B;GTF2F1;GTF3C2;HAND2;HBP1;HCFC1;HDAC1;HDAC2;HDAC3;HDGF;HIF1A;HIF3A;HIVEP1;HMBOX1;HMGXB4;HNF1B;HNF4A;HNRNPC;HNRNPH1;HNRNPL;HNRNPLL;HOXA3;HOXB13;HOXB8;HSF1;IKZF1;IKZF3;ILF3;INO80;INTS11;INTS13;IRF1;IRF2;IRF4;ISL2;JMJD1C;JUN;JUNB;JUND;KAT2A;KDM1A;KDM3A;KDM4A;KDM4B;KDM4C;KDM5A;KDM5B;KDM6B;KLF1;KLF10;KLF13;KLF16;KLF17;KLF3;KLF4;KLF5;KLF6;KLF8;KLF9;KMT2A;KMT2B;KMT2B-D;KMT2C;KMT2D;L3MBTL2;LDB1;LIN9;LMO1;LMO2;MAF;MAFF;MAFK;MAML1;MAX;MAZ;MBD2;MCRS1;MED;MED1;MED12;MED26;MEF2A;MEF2B;MEF2D;MEN1;MGA;MITF;MLLT1;MLX;MNT;MNX1;MORC2;MRTFB;MTA1;MTA2;MTA3;MXD4;MXI1;MYB;MYBL2;MYC;MYCN;MYNN;MYOD1;MZF1;NANOG;NBN;NCAPH2;NCBP1;NCOA1;NCOR1;NELFA;NELFCD;NELFE;NEUROD1;NFAT5;NFATC1;NFATC2;NFATC3;NFE2;NFE2L2;NFIB;NFIC;NFKB1;NFKBIZ;NFYA;NFYB;NFYC;NIPBL;NKX2-1;NKX3-1;NONO;NOTCH1;NR2C1;NR2C2;NR2F1;NR2F2;NR2F6;NR3C1;NR4A1;NRF1;NUTM1;OGG1;OGT;OLIG2;OVOL3;PAF1;PARP1;PATZ1;PAX5;PAXIP1;PBX1;PBX3;PCBP1;PCGF1;PDX1;PGR;PHF20;PHF5A;PHF8;PHIP;PITX3;PKNOX1;PLAG1;PML;POU2F1;POU2F3;POU5F1;PPARG;PRDM1;PRDM10;PRDM14;PTBP1;RAD21;RARA;RB1;RBBP4;RBBP5;RBM22;RBM39;RBP2;RBPJ;RCOR1;RELA;RELB;REST;RFX3;RFX5;RNF2;RORB;RUNX1;RUNX1T1;RUNX2;RUVBL2;RXR;RXRA;RYBP;SALL2;SALL3;SAP30;SETDB1;SETX;SIN3A;SIN3B;SIRT6;SIX1;SIX5;SKI;SKIL;SMAD1;SMAD2-3;SMAD3;SMAD3-HIF1A;SMAD4;SMAD5;SMARCA4;SMARCA5;SMARCB1;SMARCC1;SMARCC2;SMARCE1;SMC1;SMC1A;SMC3;SNAI2;SOX4;SOX6;SOX9;SP1;SP140L;SP2;SP3;SP4;SP5;SP7;SPDEF;SPI1;SREBF1;SREBF2;SREBP2;SRF;SRSF1;SRSF3;SRSF7;SS18;SS18-SSX;STAG1;STAT1;STAT3;STAT5B;SUPT5H;SUPT6H;SUZ12;T;TAF1;TAF15;TAF9B;TARDBP;TBL1X;TBL1XR1;TBP;TBX2;TBX21;TBX5;TCF12;TCF21;TCF3;TCF4;TCF7L2;TEAD1;TEAD4;TERF1;TET2;TFAP4;TFDP1;TFDP2;TFE3;TFIIIC;THAP1;THRB;TP53;TP63;TRIM22;TRIM24;TRIM28;TRPS1;TWIST1;U2AF1;U2AF2;USF1;USF2;VDR;WDR5;WT1;XBP1;XRCC5;XRN2;YAP1;YY1;YY1AP1;ZBED4;ZBTB1;ZBTB10;ZBTB11;ZBTB12;ZBTB14;ZBTB2;ZBTB21;ZBTB26;ZBTB33;ZBTB40;ZBTB42;ZBTB44;ZBTB48;ZBTB7A;ZBTB7B;ZBTB8A;ZEB1;ZFP36;ZFP37;ZFP64;ZFP69B;ZFX;ZFY;ZGPAT;ZHX1;ZHX2;ZKSCAN1;ZMIZ1;ZNF10;ZNF101;ZNF12;ZNF121;ZNF143;ZNF146;ZNF175;ZNF18;ZNF184;ZNF189;ZNF2;ZNF202;ZNF207;ZNF213;ZNF217;ZNF24;ZNF263;ZNF274;ZNF276;ZNF280A;ZNF3;ZNF324;ZNF341;ZNF35;ZNF384;ZNF391;ZNF394;ZNF407;ZNF44;ZNF444;ZNF449;ZNF467;ZNF501;ZNF518A;ZNF524;ZNF528;ZNF550;ZNF554;ZNF561;ZNF572;ZNF574;ZNF577;ZNF579;ZNF580;ZNF598;ZNF610;ZNF629;ZNF639;ZNF652;ZNF660;ZNF687;ZNF692;ZNF697;ZNF711;ZNF737;ZNF76;ZNF766;ZNF777;ZNF786;ZNF843;ZNF883;ZNF891;ZSCAN21;ZSCAN22;ZSCAN23;ZSCAN30;ZSCAN4;ZSCAN5A	AFF1;AFF4;AGO1;AHR;APC;AR;ARID1A;ARID1B;ARID2;ARID3A;ARID5B;ARNT;ARNTL;ARRB1;ASH2L;ASXL3;ATF1;ATF2;ATF3;ATF7;ATRX;BAF155;BAP1;BCL11A;BCL11B;BCL3;BCL6;BCOR;BHLHE40;BMPR1A;BRCA1;BRD1;BRD2;BRD3;BRD4;BRD9;CBFA2T2;CBFB;CBX1;CBX2;CBX4;CCAR2;CD74;CDK6;CDK7;CDK8;CDK9;CDKN1B;CDX2;CEBPA;CEBPB;CEBPD;CEBPZ;CHD1;CHD2;CHD4;CHD8;CLOCK;CREB1;CREBBP;CREM;CRX;CSNK2A1;CTBP1;CTCF;CTCFL;CTNNB1;CUX1;CXXC4;CXXC5;DDX21;DEK;DIDO1;DMAP1;DPF2;DRAP1;E2F1;E2F4;E2F6;E2F8;E4F1;EBF1;EBF3;EGR1;EHF;EHMT2;ELF1;ELF3;ELF4;ELK1;ELK4;ELL2;EP300;EP400;ERF;ERG;ESR1;ESR2;ESRRA;ETS1;ETV1;ETV4;EZH1;EZH2;FIP1L1;FLI1;FOS;FOSL1;FOSL2;FOXA1;FOXA2;FOXK1;FOXK2;FOXL2;FOXM1;FOXO1;FOXO3;FOXP1;FOXP2;FOXP4;GABPA;GATA1;GATA2;GATA3;GATA4;GATA6;GATAD1;GATAD2B;GFI1B;GLIS1;GLIS2;GMEB1;GRHL2;GSPT2;GTF2B;GTF2F1;GTF3C2;HAND2;HBP1;HCFC1;HDAC1;HDAC2;HDAC3;HDGF;HIF1A;HIF3A;HIVEP1;HMBOX1;HMGXB4;HNF1B;HNF4A;HNRNPC;HNRNPH1;HNRNPL;HNRNPLL;HOXA3;HOXB13;HOXB8;HSF1;IKZF1;IKZF3;ILF3;INO80;INTS11;INTS13;IRF1;IRF2;IRF4;ISL2;JMJD1C;JUN;JUNB;JUND;KAT2A;KDM1A;KDM3A;KDM4A;KDM4B;KDM4C;KDM5A;KDM5B;KDM6B;KLF1;KLF10;KLF13;KLF16;KLF17;KLF3;KLF4;KLF5;KLF6;KLF8;KLF9;KMT2A;KMT2B;KMT2B-D;KMT2C;KMT2D;L3MBTL2;LDB1;LIN9;LMO1;LMO2;MAF;MAFF;MAFK;MAML1;MAX;MAZ;MBD2;MCRS1;MED;MED1;MED12;MED26;MEF2A;MEF2B;MEF2D;MEN1;MGA;MITF;MLLT1;MLX;MNT;MNX1;MORC2;MRTFB;MTA1;MTA2;MTA3;MXD4;MXI1;MYB;MYBL2;MYC;MYCN;MYNN;MYOD1;MZF1;NANOG;NBN;NCAPH2;NCBP1;NCOA1;NCOR1;NELFA;NELFCD;NELFE;NEUROD1;NFAT5;NFATC1;NFATC2;NFATC3;NFE2;NFE2L2;NFIB;NFIC;NFKB1;NFKBIZ;NFYA;NFYB;NFYC;NIPBL;NKX2-1;NKX3-1;NONO;NOTCH1;NR2C1;NR2C2;NR2F1;NR2F2;NR2F6;NR3C1;NR4A1;NRF1;NUTM1;OGG1;OGT;OLIG2;OVOL3;PAF1;PARP1;PATZ1;PAX5;PAXIP1;PBX1;PBX3;PCBP1;PCGF1;PDX1;PGR;PHF20;PHF5A;PHF8;PHIP;PITX3;PKNOX1;PLAG1;PML;POU2F1;POU2F3;POU5F1;PPARG;PRDM1;PRDM10;PRDM14;PTBP1;RAD21;RARA;RB1;RBBP4;RBBP5;RBM22;RBM39;RBP2;RBPJ;RCOR1;RELA;RELB;REST;RFX3;RFX5;RNF2;RORB;RUNX1;RUNX1T1;RUNX2;RUVBL2;RXR;RXRA;RYBP;SALL2;SALL3;SAP30;SETDB1;SETX;SIN3A;SIN3B;SIRT6;SIX1;SIX5;SKI;SKIL;SMAD1;SMAD2-3;SMAD3;SMAD3-HIF1A;SMAD4;SMAD5;SMARCA4;SMARCA5;SMARCB1;SMARCC1;SMARCC2;SMARCE1;SMC1;SMC1A;SMC3;SNAI2;SOX4;SOX6;SOX9;SP1;SP140L;SP2;SP3;SP4;SP5;SP7;SPDEF;SPI1;SREBF1;SREBF2;SREBP2;SRF;SRSF1;SRSF3;SRSF7;SS18;SS18-SSX;STAG1;STAT1;STAT3;STAT5B;SUPT5H;SUPT6H;SUZ12;T;TAF1;TAF15;TAF9B;TARDBP;TBL1X;TBL1XR1;TBP;TBX2;TBX21;TBX5;TCF12;TCF21;TCF3;TCF4;TCF7L2;TEAD1;TEAD4;TERF1;TET2;TFAP4;TFDP1;TFDP2;TFE3;TFIIIC;THAP1;THRB;TP53;TP63;TRIM22;TRIM24;TRIM28;TRPS1;TWIST1;U2AF1;U2AF2;USF1;USF2;VDR;WDR5;WT1;XBP1;XRCC5;XRN2;YAP1;YY1;YY1AP1;ZBED4;ZBTB1;ZBTB10;ZBTB11;ZBTB12;ZBTB14;ZBTB2;ZBTB21;ZBTB26;ZBTB33;ZBTB40;ZBTB42;ZBTB44;ZBTB48;ZBTB7A;ZBTB7B;ZBTB8A;ZEB1;ZFP36;ZFP37;ZFP64;ZFP69B;ZFX;ZFY;ZGPAT;ZHX1;ZHX2;ZKSCAN1;ZMIZ1;ZNF10;ZNF101;ZNF12;ZNF121;ZNF143;ZNF146;ZNF175;ZNF18;ZNF184;ZNF189;ZNF2;ZNF202;ZNF207;ZNF213;ZNF217;ZNF24;ZNF263;ZNF274;ZNF276;ZNF280A;ZNF3;ZNF324;ZNF341;ZNF35;ZNF384;ZNF391;ZNF394;ZNF407;ZNF44;ZNF444;ZNF449;ZNF467;ZNF501;ZNF518A;ZNF524;ZNF528;ZNF550;ZNF554;ZNF561;ZNF572;ZNF574;ZNF577;ZNF579;ZNF580;ZNF598;ZNF610;ZNF629;ZNF639;ZNF652;ZNF660;ZNF687;ZNF692;ZNF697;ZNF711;ZNF737;ZNF76;ZNF766;ZNF777;ZNF786;ZNF843;ZNF883;ZNF891;ZSCAN21;ZSCAN22;ZSCAN23;ZSCAN30;ZSCAN4;ZSCAN5A
Vertebrata	Simakov2022BCnS_genefamily_1312|Simakov2022BCnS_genefamily_3869	ATP6V1D/EIF2S1	1	40	40	AR;ARNT;ATF2;ATF7;BACH1;BCL11A;BRD3;CREB1;E2F8;FOXA2;FOXP1;GATA1;GATA2;HOXB13;KDM3A;KMT2A;MEF2B;MEN1;MLLT1;MTA2;MYC;NFATC3;PAX5;PKNOX1;POU5F1;RAD51;RBM25;RELA;RELB;SKIL;SMAD2-3;SMARCA4;STAT1;SUPT5H;TARDBP;TBX21;TEAD1;TRIM22;ZMYM3;ZNF148	AR;ARNT;ATF2;ATF7;BACH1;BCL11A;BRD3;CREB1;E2F8;FOXA2;FOXP1;GATA1;GATA2;HOXB13;KDM3A;KMT2A;MEF2B;MEN1;MLLT1;MTA2;MYC;NFATC3;PAX5;PKNOX1;POU5F1;RAD51;RBM25;RELA;RELB;SKIL;SMAD2-3;SMARCA4;STAT1;SUPT5H;TARDBP;TBX21;TEAD1;TRIM22;ZMYM3;ZNF148
Vertebrata	Simakov2022BCnS_genefamily_1836|Simakov2022BCnS_genefamily_3560	MAP3K20/HAT1	1	52	52	AFF4;ARID1B;BRD3;BRD4;CEBPB;CREB3;CREBBP;CTCF;EP300;ESR1;FOXL2;GATA1;GATA2;HDAC1;HDAC2;HDGF;IKZF1;JUNB;KMT2A;MED1;MLLT1;MYBL2;MYCN;NBN;NCOR1;NR2F1;NR2F2;NR2F6;NR3C1;NUTM1;POU5F1;PRDM6;PSIP1;RAD21;RBFOX2;RELA;SMAD3;SMARCA4;SMARCA5;SMARCC1;SMARCE1;SMC3;SPI1;STAG1;STAG2;TBX5;TEAD1;TEAD4;TRIM28;YY1;ZBTB2;ZEB2	AFF4;ARID1B;BRD3;BRD4;CEBPB;CREB3;CREBBP;CTCF;EP300;ESR1;FOXL2;GATA1;GATA2;HDAC1;HDAC2;HDGF;IKZF1;JUNB;KMT2A;MED1;MLLT1;MYBL2;MYCN;NBN;NCOR1;NR2F1;NR2F2;NR2F6;NR3C1;NUTM1;POU5F1;PRDM6;PSIP1;RAD21;RBFOX2;RELA;SMAD3;SMARCA4;SMARCA5;SMARCC1;SMARCE1;SMC3;SPI1;STAG1;STAG2;TBX5;TEAD1;TEAD4;TRIM28;YY1;ZBTB2;ZEB2
Vertebrata	Simakov2022BCnS_genefamily_2021|Simakov2022BCnS_genefamily_3029	FBXO11/MSH6	1	24	24	BRD4;CEBPA;DAXX;FOXO1;FOXP1;GATA2;IRF1;MRTFB;MTA2;MYC;NR2C1;NR2C2;NR2F1;NR2F2;NR2F6;PPARG;RXR;RXRA;SMARCA4;SUPT5H;ZBTB33;ZNF121;ZNF362;ZNF407	BRD4;CEBPA;DAXX;FOXO1;FOXP1;GATA2;IRF1;MRTFB;MTA2;MYC;NR2C1;NR2C2;NR2F1;NR2F2;NR2F6;PPARG;RXR;RXRA;SMARCA4;SUPT5H;ZBTB33;ZNF121;ZNF362;ZNF407
Vertebrata	Simakov2022BCnS_genefamily_3029|Simakov2022BCnS_genefamily_7145	MSH6/MSH2	1	527	527	AFF1;AFF4;AGO1;AHR;APC;AR;ARID1A;ARID1B;ARID2;ARID3A;ARID4B;ARNT;ARNTL;ASH2L;ASXL3;ATF1;ATF2;ATF3;ATF7;ATRX;ATXN7L3;BACH1;BAF155;BAP1;BCL11A;BCL11B;BCL3;BCL6;BCOR;BHLHE40;BMPR1A;BRCA1;BRD1;BRD2;BRD3;BRD4;BRD9;CBFB;CBX1;CBX4;CDK6;CDK7;CDK8;CDK9;CDKN1B;CDX2;CEBPA;CEBPB;CEBPD;CHD1;CHD2;CHD4;CLOCK;CREB1;CREB3L1;CREBBP;CREM;CRX;CSNK2A1;CTBP1;CTCF;CTCFL;CTNNB1;CUX1;CXXC4;CXXC5;DDX21;DEK;DIDO1;DLX6;DMAP1;DNMT3B;DPF2;DR1;DRAP1;E2F1;E2F3;E2F4;E2F6;E2F7;E2F8;E4F1;EBF1;EED;EGR1;EHMT2;ELF1;ELL2;EP300;EP400;EPAS1;ERG;ESR1;ESRRA;ETS1;ETV1;ETV2;ETV4;EZH1;EZH2;FIP1L1;FLI1;FOS;FOSL1;FOSL2;FOXA1;FOXA2;FOXF1;FOXK1;FOXK2;FOXL2;FOXM1;FOXO1;FOXP1;FOXP2;FOXP4;FUS;GABPA;GABPB1;GATA2;GATA3;GATA4;GATA6;GATAD2B;GFI1B;GLIS3;GMEB1;GMEB2;GRHL2;GTF2B;GTF2F1;HAND2;HBP1;HCFC1;HDAC1;HDAC2;HDAC3;HDAC6;HDAC8;HDGF;HEXIM1;HIF1A;HIF3A;HIVEP1;HMGN3;HMGXB4;HNF1B;HNF4A;HNRNPC;HNRNPH1;HNRNPK;HNRNPL;HNRNPLL;HNRNPUL1;HOXA3;HOXB13;HSF1;HSF2;ID3;IKZF1;IKZF3;ILF3;INO80;INSM2;INTS11;INTS13;IRF1;IRF2;IRF4;ISL2;JMJD1C;JUN;JUNB;JUND;KAT2A;KAT7;KDM1A;KDM3A;KDM4A;KDM4B;KDM4C;KDM5A;KDM5B;KDM6B;KLF1;KLF10;KLF13;KLF14;KLF16;KLF17;KLF4;KLF5;KLF6;KLF8;KLF9;KMT2A;KMT2B;KMT2B-D;KMT2D;L3MBTL2;LDB1;LIN9;LMO1;LMO2;MAF;MAF1;MAFF;MAX;MAZ;MBD1;MBD2;MCRS1;MECOM;MED1;MED26;MEF2A;MEF2B;MEF2D;MEIS2;MEN1;MGA;MITF;MLLT1;MLLT3;MLX;MNT;MNX1;MORC2;MRTFB;MTA1;MTA2;MTA3;MTF2;MXD4;MXI1;MYB;MYBL2;MYC;MYCN;MYNN;MYOD1;NANOG;NBN;NCAPH2;NCBP1;NCOR1;NELFA;NELFCD;NELFE;NEUROD1;NFAT5;NFATC1;NFATC2;NFATC3;NFE2;NFE2L2;NFKB1;NFKB2;NFKBIZ;NFRKB;NFYA;NFYB;NFYC;NIPBL;NKX2-1;NKX3-1;NONO;NOTCH1;NR2C2;NR2F1;NR2F2;NR3C1;NR5A1;NRF1;NRIP1;OLIG2;ONECUT2;OSR2;PATZ1;PAX5;PAXIP1;PBX3;PCBP1;PDX1;PGR;PHF21A;PHF5A;PHF8;PHIP;PITX3;PKNOX1;PML;POU2F1;POU5F1;PPARG;PRDM10;PRDM14;PRPF4;PTBP1;RAD21;RARA;RB1;RBBP4;RBBP5;RBFOX2;RBM14;RBM22;RBM25;RBM39;RBPJ;RCOR1;RELA;REST;RFX1;RFX3;RFX5;RFXAP;RNF2;RORB;RORC;RUNX1;RUNX1-RUNX1T1;RUNX1T1;RUNX2;RUVBL1;RUVBL2;RXR;RXRA;SAFB;SALL3;SAP30;SETDB1;SETX;SFMBT1;SIN3A;SIN3B;SIRT6;SIX1;SIX5;SKI;SKIL;SMAD1;SMAD2-3;SMAD3;SMAD3-HIF1A;SMAD4;SMAD5;SMARCA4;SMARCA5;SMARCB1;SMARCC1;SMARCD3;SMARCE1;SMC1;SMC1A;SMC3;SNAI2;SOX2;SOX4;SOX6;SOX9;SP1;SP140L;SP2;SP4;SP7;SPDEF;SPI1;SREBF1;SREBF2;SREBP2;SRSF1;SRSF3;SRSF7;SS18;STAG1;STAG2;STAT1;STAT3;STAT5B;SUPT5H;SUPT6H;SUZ12;T;TAF1;TAF15;TAF3;TAF7;TAL1;TARDBP;TBL1X;TBL1XR1;TBP;TBX2;TBX21;TBX5;TCF12;TCF3;TCF7L2;TEAD1;TEAD4;TFAP2A;TFAP2C;TFAP4;TFDP1;TFDP2;TFE3;TGIF2;THRB;TOP1;TP53;TP63;TRIM22;TRIM24;TRIM25;TRIM28;TWIST1;U2AF1;UBTF;USF1;USF2;VDR;WDR5;WT1;XBP1;XRCC5;XRN2;YAP1;YY1;YY1AP1;YY2;ZBED1;ZBED4;ZBTB10;ZBTB11;ZBTB14;ZBTB2;ZBTB20;ZBTB21;ZBTB26;ZBTB33;ZBTB48;ZBTB7A;ZBTB7B;ZBTB8A;ZEB1;ZEB2;ZFP3;ZFP36;ZFP37;ZFP64;ZFP69B;ZFX;ZFY;ZHX1;ZHX2;ZKSCAN1;ZMIZ1;ZMYND8;ZNF10;ZNF12;ZNF121;ZNF142;ZNF143;ZNF175;ZNF2;ZNF202;ZNF207;ZNF217;ZNF224;ZNF232;ZNF24;ZNF256;ZNF257;ZNF263;ZNF264;ZNF274;ZNF276;ZNF281;ZNF3;ZNF324;ZNF337;ZNF341;ZNF362;ZNF366;ZNF384;ZNF391;ZNF394;ZNF398;ZNF407;ZNF44;ZNF467;ZNF501;ZNF503;ZNF524;ZNF528;ZNF550;ZNF561;ZNF572;ZNF580;ZNF598;ZNF609;ZNF629;ZNF639;ZNF652;ZNF660;ZNF687;ZNF695;ZNF697;ZNF736;ZNF737;ZNF750;ZNF76;ZNF766;ZNF770;ZNF777;ZNF786;ZNF800;ZNF843;ZNF883;ZNF891;ZSCAN21;ZSCAN22;ZSCAN29;ZSCAN30;ZSCAN5A;ZXDB	AFF1;AFF4;AGO1;AHR;APC;AR;ARID1A;ARID1B;ARID2;ARID3A;ARID4B;ARNT;ARNTL;ASH2L;ASXL3;ATF1;ATF2;ATF3;ATF7;ATRX;ATXN7L3;BACH1;BAF155;BAP1;BCL11A;BCL11B;BCL3;BCL6;BCOR;BHLHE40;BMPR1A;BRCA1;BRD1;BRD2;BRD3;BRD4;BRD9;CBFB;CBX1;CBX4;CDK6;CDK7;CDK8;CDK9;CDKN1B;CDX2;CEBPA;CEBPB;CEBPD;CHD1;CHD2;CHD4;CLOCK;CREB1;CREB3L1;CREBBP;CREM;CRX;CSNK2A1;CTBP1;CTCF;CTCFL;CTNNB1;CUX1;CXXC4;CXXC5;DDX21;DEK;DIDO1;DLX6;DMAP1;DNMT3B;DPF2;DR1;DRAP1;E2F1;E2F3;E2F4;E2F6;E2F7;E2F8;E4F1;EBF1;EED;EGR1;EHMT2;ELF1;ELL2;EP300;EP400;EPAS1;ERG;ESR1;ESRRA;ETS1;ETV1;ETV2;ETV4;EZH1;EZH2;FIP1L1;FLI1;FOS;FOSL1;FOSL2;FOXA1;FOXA2;FOXF1;FOXK1;FOXK2;FOXL2;FOXM1;FOXO1;FOXP1;FOXP2;FOXP4;FUS;GABPA;GABPB1;GATA2;GATA3;GATA4;GATA6;GATAD2B;GFI1B;GLIS3;GMEB1;GMEB2;GRHL2;GTF2B;GTF2F1;HAND2;HBP1;HCFC1;HDAC1;HDAC2;HDAC3;HDAC6;HDAC8;HDGF;HEXIM1;HIF1A;HIF3A;HIVEP1;HMGN3;HMGXB4;HNF1B;HNF4A;HNRNPC;HNRNPH1;HNRNPK;HNRNPL;HNRNPLL;HNRNPUL1;HOXA3;HOXB13;HSF1;HSF2;ID3;IKZF1;IKZF3;ILF3;INO80;INSM2;INTS11;INTS13;IRF1;IRF2;IRF4;ISL2;JMJD1C;JUN;JUNB;JUND;KAT2A;KAT7;KDM1A;KDM3A;KDM4A;KDM4B;KDM4C;KDM5A;KDM5B;KDM6B;KLF1;KLF10;KLF13;KLF14;KLF16;KLF17;KLF4;KLF5;KLF6;KLF8;KLF9;KMT2A;KMT2B;KMT2B-D;KMT2D;L3MBTL2;LDB1;LIN9;LMO1;LMO2;MAF;MAF1;MAFF;MAX;MAZ;MBD1;MBD2;MCRS1;MECOM;MED1;MED26;MEF2A;MEF2B;MEF2D;MEIS2;MEN1;MGA;MITF;MLLT1;MLLT3;MLX;MNT;MNX1;MORC2;MRTFB;MTA1;MTA2;MTA3;MTF2;MXD4;MXI1;MYB;MYBL2;MYC;MYCN;MYNN;MYOD1;NANOG;NBN;NCAPH2;NCBP1;NCOR1;NELFA;NELFCD;NELFE;NEUROD1;NFAT5;NFATC1;NFATC2;NFATC3;NFE2;NFE2L2;NFKB1;NFKB2;NFKBIZ;NFRKB;NFYA;NFYB;NFYC;NIPBL;NKX2-1;NKX3-1;NONO;NOTCH1;NR2C2;NR2F1;NR2F2;NR3C1;NR5A1;NRF1;NRIP1;OLIG2;ONECUT2;OSR2;PATZ1;PAX5;PAXIP1;PBX3;PCBP1;PDX1;PGR;PHF21A;PHF5A;PHF8;PHIP;PITX3;PKNOX1;PML;POU2F1;POU5F1;PPARG;PRDM10;PRDM14;PRPF4;PTBP1;RAD21;RARA;RB1;RBBP4;RBBP5;RBFOX2;RBM14;RBM22;RBM25;RBM39;RBPJ;RCOR1;RELA;REST;RFX1;RFX3;RFX5;RFXAP;RNF2;RORB;RORC;RUNX1;RUNX1-RUNX1T1;RUNX1T1;RUNX2;RUVBL1;RUVBL2;RXR;RXRA;SAFB;SALL3;SAP30;SETDB1;SETX;SFMBT1;SIN3A;SIN3B;SIRT6;SIX1;SIX5;SKI;SKIL;SMAD1;SMAD2-3;SMAD3;SMAD3-HIF1A;SMAD4;SMAD5;SMARCA4;SMARCA5;SMARCB1;SMARCC1;SMARCD3;SMARCE1;SMC1;SMC1A;SMC3;SNAI2;SOX2;SOX4;SOX6;SOX9;SP1;SP140L;SP2;SP4;SP7;SPDEF;SPI1;SREBF1;SREBF2;SREBP2;SRSF1;SRSF3;SRSF7;SS18;STAG1;STAG2;STAT1;STAT3;STAT5B;SUPT5H;SUPT6H;SUZ12;T;TAF1;TAF15;TAF3;TAF7;TAL1;TARDBP;TBL1X;TBL1XR1;TBP;TBX2;TBX21;TBX5;TCF12;TCF3;TCF7L2;TEAD1;TEAD4;TFAP2A;TFAP2C;TFAP4;TFDP1;TFDP2;TFE3;TGIF2;THRB;TOP1;TP53;TP63;TRIM22;TRIM24;TRIM25;TRIM28;TWIST1;U2AF1;UBTF;USF1;USF2;VDR;WDR5;WT1;XBP1;XRCC5;XRN2;YAP1;YY1;YY1AP1;YY2;ZBED1;ZBED4;ZBTB10;ZBTB11;ZBTB14;ZBTB2;ZBTB20;ZBTB21;ZBTB26;ZBTB33;ZBTB48;ZBTB7A;ZBTB7B;ZBTB8A;ZEB1;ZEB2;ZFP3;ZFP36;ZFP37;ZFP64;ZFP69B;ZFX;ZFY;ZHX1;ZHX2;ZKSCAN1;ZMIZ1;ZMYND8;ZNF10;ZNF12;ZNF121;ZNF142;ZNF143;ZNF175;ZNF2;ZNF202;ZNF207;ZNF217;ZNF224;ZNF232;ZNF24;ZNF256;ZNF257;ZNF263;ZNF264;ZNF274;ZNF276;ZNF281;ZNF3;ZNF324;ZNF337;ZNF341;ZNF362;ZNF366;ZNF384;ZNF391;ZNF394;ZNF398;ZNF407;ZNF44;ZNF467;ZNF501;ZNF503;ZNF524;ZNF528;ZNF550;ZNF561;ZNF572;ZNF580;ZNF598;ZNF609;ZNF629;ZNF639;ZNF652;ZNF660;ZNF687;ZNF695;ZNF697;ZNF736;ZNF737;ZNF750;ZNF76;ZNF766;ZNF770;ZNF777;ZNF786;ZNF800;ZNF843;ZNF883;ZNF891;ZSCAN21;ZSCAN22;ZSCAN29;ZSCAN30;ZSCAN5A;ZXDB
Vertebrata	Simakov2022BCnS_genefamily_3270|Simakov2022BCnS_genefamily_6227	NOP2/EMG1	1	550	550	AFF1;AFF4;AGO1;AHR;APC;AR;ARID1A;ARID1B;ARID2;ARID4A;ARID4B;ARID5B;ARNT;ARNTL;ARRB1;ASH2L;ASXL1;ASXL3;ATF1;ATF2;ATF3;ATF4;ATF7;ATRX;ATXN7L3;BACH1;BAF155;BCL11A;BCL11B;BCL3;BCL6;BCLAF1;BCOR;BHLHE40;BICRA;BMPR1A;BRCA1;BRD1;BRD2;BRD3;BRD4;BRD9;CBFA2T2;CBFB;CBX1;CDK6;CDK7;CDK8;CDK9;CDKN1B;CDX2;CEBPA;CEBPB;CEBPD;CHD1;CHD2;CHD4;CHD7;CLOCK;CREB1;CREB3L1;CREBBP;CREM;CRX;CSNK2A1;CTBP1;CTBP2;CTCF;CTCFL;CUX1;CXXC4;CXXC5;DDX21;DDX5;DEK;DLX6;DMAP1;DNMT3B;DPF2;DR1;DRAP1;E2F1;E2F4;E2F6;E2F8;E4F1;EBF1;EBF3;EGR1;EHF;ELF1;ELF3;ELF4;ELK1;ELK4;ELL2;EP300;EP400;ERG;ESR1;ESRRA;ESRRG;ETS1;ETV1;ETV4;EZH1;EZH2;FIP1L1;FLI1;FOS;FOSL1;FOSL2;FOXA1;FOXA2;FOXJ3;FOXK1;FOXK2;FOXL2;FOXM1;FOXO1;FOXO3;FOXP1;FOXP2;FOXP4;GABPA;GABPB1;GATA1;GATA2;GATA3;GATA4;GATA6;GATAD2B;GFI1B;GLI4;GLIS1;GLIS2;GMEB1;GMEB2;GTF2B;GTF2F1;GTF3C2;HBP1;HCFC1;HDAC1;HDAC2;HDGF;HEXIM1;HIC1;HIF1A;HIF3A;HIVEP1;HMGN3;HMGXB4;HNF1B;HNF4A;HNRNPH1;HNRNPK;HNRNPL;HNRNPLL;HOXA3;HOXB13;HSF1;ID3;IFNA1;IKZF1;IKZF3;ILF3;INO80;INSM2;INTS11;INTS13;IRF1;IRF2;IRF4;ISL2;JDP2;JMJD1C;JUN;JUNB;JUND;KAT2A;KAT7;KDM1A;KDM3A;KDM4A;KDM4B;KDM4C;KDM5A;KDM5B;KDM6B;KLF1;KLF10;KLF13;KLF14;KLF16;KLF17;KLF3;KLF4;KLF5;KLF6;KLF7;KLF8;KLF9;KMT2A;KMT2B;KMT2B-D;KMT2D;L3MBTL4;LDB1;LIN54;LMO1;LMO2;MAF;MAFF;MAFK;MAML1;MAX;MAZ;MBD1;MBD2;MCRS1;MECOM;MED;MED1;MED12;MED26;MEF2A;MEF2D;MEIS2;MEN1;MGA;MITF;MLLT1;MLLT3;MLX;MNT;MNX1;MORC2;MRTFB;MTA1;MTA2;MTA3;MXD4;MXI1;MYB;MYBL2;MYC;MYCN;MYF5;MYNN;MYOD1;NANOG;NBN;NCAPH2;NCBP1;NCOA1;NCOR1;NELFA;NELFCD;NELFE;NEUROD1;NFAT5;NFATC1;NFATC2;NFATC3;NFE2;NFE2L2;NFIC;NFKB1;NFKBIZ;NFYA;NFYB;NFYC;NIPBL;NKX2-1;NKX3-1;NONO;NOTCH1;NR1H2;NR2C2;NR2F2;NR3C1;NR5A1;NR5A2;NRF1;OGG1;OGT;OLIG2;OSR2;OVOL3;PAF1;PARP1;PAX3-FOXO1;PAX5;PAX6;PAXIP1;PBX3;PCBP1;PCBP2;PCGF1;PGR;PHF20;PHF21A;PHF5A;PHF8;PHIP;PITX3;PKNOX1;PLAG1;PML;POU2F1;POU2F2;POU5F1;PPARG;PRDM10;PRDM14;PRDM15;PRKDC;PRPF4;PTBP1;RAD21;RARA;RB1;RBBP4;RBBP5;RBFOX2;RBM22;RBM39;RBPJ;RCOR1;REL;RELA;RELB;REST;RFX1;RFX3;RFX5;RFXAP;RNF2;RORB;RUNX1;RUNX1T1;RUNX2;RUVBL1;RUVBL2;RXR;RXRA;RYBP;SAP30;SFPQ;SIN3A;SIN3B;SIRT6;SIX1;SIX5;SKI;SKIL;SMAD1;SMAD2-3;SMAD3;SMAD3-HIF1A;SMAD4;SMAD5;SMARCA4;SMARCB1;SMARCC1;SMARCE1;SMC1;SMC1A;SMC3;SNAPC1;SOX2;SOX4;SOX6;SOX9;SP1;SP140L;SP2;SP3;SP4;SP5;SPDEF;SPI1;SREBF1;SREBF2;SREBP2;SRF;SRSF1;SRSF3;SRSF7;SS18;SS18-SSX;SSRP1;STAG1;STAT1;STAT3;STAT5B;SUPT5H;SUPT6H;SUZ12;TAF1;TAF15;TAF3;TAL1;TARDBP;TBL1X;TBL1XR1;TBP;TBX2;TBX21;TCF12;TCF25;TCF3;TCF4;TCF7L2;TEAD1;TEAD4;TET2;TFAP2C;TFAP4;TFDP2;TFE3;TFIIIC;TGIF2;THAP1;TLE3;TP53;TP63;TRIM22;TRIM24;TRIM28;U2AF1;U2AF2;UBTF;USF1;USF2;VDR;WDR5;WT1;XBP1;XRCC5;XRN2;YAP1;YY1;YY1AP1;YY2;ZBED1;ZBED2;ZBED4;ZBTB10;ZBTB11;ZBTB14;ZBTB2;ZBTB20;ZBTB21;ZBTB26;ZBTB33;ZBTB40;ZBTB48;ZBTB7A;ZBTB7B;ZBTB8A;ZC3H11A;ZEB1;ZEB2;ZFP36;ZFP37;ZFP64;ZFP69B;ZFX;ZFY;ZGPAT;ZHX1;ZHX2;ZKSCAN1;ZMIZ1;ZMYM3;ZMYND11;ZNF101;ZNF12;ZNF121;ZNF142;ZNF143;ZNF175;ZNF18;ZNF189;ZNF2;ZNF202;ZNF207;ZNF213;ZNF217;ZNF232;ZNF24;ZNF256;ZNF263;ZNF264;ZNF274;ZNF276;ZNF3;ZNF30;ZNF324;ZNF337;ZNF341;ZNF35;ZNF362;ZNF384;ZNF391;ZNF394;ZNF407;ZNF44;ZNF444;ZNF449;ZNF467;ZNF501;ZNF503;ZNF524;ZNF528;ZNF550;ZNF561;ZNF572;ZNF574;ZNF580;ZNF592;ZNF598;ZNF609;ZNF610;ZNF629;ZNF639;ZNF645;ZNF652;ZNF660;ZNF687;ZNF692;ZNF697;ZNF737;ZNF750;ZNF76;ZNF766;ZNF770;ZNF777;ZNF786;ZNF792;ZNF800;ZNF843;ZNF883;ZNF891;ZSCAN21;ZSCAN22;ZSCAN5A;ZXDB	AFF1;AFF4;AGO1;AHR;APC;AR;ARID1A;ARID1B;ARID2;ARID4A;ARID4B;ARID5B;ARNT;ARNTL;ARRB1;ASH2L;ASXL1;ASXL3;ATF1;ATF2;ATF3;ATF4;ATF7;ATRX;ATXN7L3;BACH1;BAF155;BCL11A;BCL11B;BCL3;BCL6;BCLAF1;BCOR;BHLHE40;BICRA;BMPR1A;BRCA1;BRD1;BRD2;BRD3;BRD4;BRD9;CBFA2T2;CBFB;CBX1;CDK6;CDK7;CDK8;CDK9;CDKN1B;CDX2;CEBPA;CEBPB;CEBPD;CHD1;CHD2;CHD4;CHD7;CLOCK;CREB1;CREB3L1;CREBBP;CREM;CRX;CSNK2A1;CTBP1;CTBP2;CTCF;CTCFL;CUX1;CXXC4;CXXC5;DDX21;DDX5;DEK;DLX6;DMAP1;DNMT3B;DPF2;DR1;DRAP1;E2F1;E2F4;E2F6;E2F8;E4F1;EBF1;EBF3;EGR1;EHF;ELF1;ELF3;ELF4;ELK1;ELK4;ELL2;EP300;EP400;ERG;ESR1;ESRRA;ESRRG;ETS1;ETV1;ETV4;EZH1;EZH2;FIP1L1;FLI1;FOS;FOSL1;FOSL2;FOXA1;FOXA2;FOXJ3;FOXK1;FOXK2;FOXL2;FOXM1;FOXO1;FOXO3;FOXP1;FOXP2;FOXP4;GABPA;GABPB1;GATA1;GATA2;GATA3;GATA4;GATA6;GATAD2B;GFI1B;GLI4;GLIS1;GLIS2;GMEB1;GMEB2;GTF2B;GTF2F1;GTF3C2;HBP1;HCFC1;HDAC1;HDAC2;HDGF;HEXIM1;HIC1;HIF1A;HIF3A;HIVEP1;HMGN3;HMGXB4;HNF1B;HNF4A;HNRNPH1;HNRNPK;HNRNPL;HNRNPLL;HOXA3;HOXB13;HSF1;ID3;IFNA1;IKZF1;IKZF3;ILF3;INO80;INSM2;INTS11;INTS13;IRF1;IRF2;IRF4;ISL2;JDP2;JMJD1C;JUN;JUNB;JUND;KAT2A;KAT7;KDM1A;KDM3A;KDM4A;KDM4B;KDM4C;KDM5A;KDM5B;KDM6B;KLF1;KLF10;KLF13;KLF14;KLF16;KLF17;KLF3;KLF4;KLF5;KLF6;KLF7;KLF8;KLF9;KMT2A;KMT2B;KMT2B-D;KMT2D;L3MBTL4;LDB1;LIN54;LMO1;LMO2;MAF;MAFF;MAFK;MAML1;MAX;MAZ;MBD1;MBD2;MCRS1;MECOM;MED;MED1;MED12;MED26;MEF2A;MEF2D;MEIS2;MEN1;MGA;MITF;MLLT1;MLLT3;MLX;MNT;MNX1;MORC2;MRTFB;MTA1;MTA2;MTA3;MXD4;MXI1;MYB;MYBL2;MYC;MYCN;MYF5;MYNN;MYOD1;NANOG;NBN;NCAPH2;NCBP1;NCOA1;NCOR1;NELFA;NELFCD;NELFE;NEUROD1;NFAT5;NFATC1;NFATC2;NFATC3;NFE2;NFE2L2;NFIC;NFKB1;NFKBIZ;NFYA;NFYB;NFYC;NIPBL;NKX2-1;NKX3-1;NONO;NOTCH1;NR1H2;NR2C2;NR2F2;NR3C1;NR5A1;NR5A2;NRF1;OGG1;OGT;OLIG2;OSR2;OVOL3;PAF1;PARP1;PAX3-FOXO1;PAX5;PAX6;PAXIP1;PBX3;PCBP1;PCBP2;PCGF1;PGR;PHF20;PHF21A;PHF5A;PHF8;PHIP;PITX3;PKNOX1;PLAG1;PML;POU2F1;POU2F2;POU5F1;PPARG;PRDM10;PRDM14;PRDM15;PRKDC;PRPF4;PTBP1;RAD21;RARA;RB1;RBBP4;RBBP5;RBFOX2;RBM22;RBM39;RBPJ;RCOR1;REL;RELA;RELB;REST;RFX1;RFX3;RFX5;RFXAP;RNF2;RORB;RUNX1;RUNX1T1;RUNX2;RUVBL1;RUVBL2;RXR;RXRA;RYBP;SAP30;SFPQ;SIN3A;SIN3B;SIRT6;SIX1;SIX5;SKI;SKIL;SMAD1;SMAD2-3;SMAD3;SMAD3-HIF1A;SMAD4;SMAD5;SMARCA4;SMARCB1;SMARCC1;SMARCE1;SMC1;SMC1A;SMC3;SNAPC1;SOX2;SOX4;SOX6;SOX9;SP1;SP140L;SP2;SP3;SP4;SP5;SPDEF;SPI1;SREBF1;SREBF2;SREBP2;SRF;SRSF1;SRSF3;SRSF7;SS18;SS18-SSX;SSRP1;STAG1;STAT1;STAT3;STAT5B;SUPT5H;SUPT6H;SUZ12;TAF1;TAF15;TAF3;TAL1;TARDBP;TBL1X;TBL1XR1;TBP;TBX2;TBX21;TCF12;TCF25;TCF3;TCF4;TCF7L2;TEAD1;TEAD4;TET2;TFAP2C;TFAP4;TFDP2;TFE3;TFIIIC;TGIF2;THAP1;TLE3;TP53;TP63;TRIM22;TRIM24;TRIM28;U2AF1;U2AF2;UBTF;USF1;USF2;VDR;WDR5;WT1;XBP1;XRCC5;XRN2;YAP1;YY1;YY1AP1;YY2;ZBED1;ZBED2;ZBED4;ZBTB10;ZBTB11;ZBTB14;ZBTB2;ZBTB20;ZBTB21;ZBTB26;ZBTB33;ZBTB40;ZBTB48;ZBTB7A;ZBTB7B;ZBTB8A;ZC3H11A;ZEB1;ZEB2;ZFP36;ZFP37;ZFP64;ZFP69B;ZFX;ZFY;ZGPAT;ZHX1;ZHX2;ZKSCAN1;ZMIZ1;ZMYM3;ZMYND11;ZNF101;ZNF12;ZNF121;ZNF142;ZNF143;ZNF175;ZNF18;ZNF189;ZNF2;ZNF202;ZNF207;ZNF213;ZNF217;ZNF232;ZNF24;ZNF256;ZNF263;ZNF264;ZNF274;ZNF276;ZNF3;ZNF30;ZNF324;ZNF337;ZNF341;ZNF35;ZNF362;ZNF384;ZNF391;ZNF394;ZNF407;ZNF44;ZNF444;ZNF449;ZNF467;ZNF501;ZNF503;ZNF524;ZNF528;ZNF550;ZNF561;ZNF572;ZNF574;ZNF580;ZNF592;ZNF598;ZNF609;ZNF610;ZNF629;ZNF639;ZNF645;ZNF652;ZNF660;ZNF687;ZNF692;ZNF697;ZNF737;ZNF750;ZNF76;ZNF766;ZNF770;ZNF777;ZNF786;ZNF792;ZNF800;ZNF843;ZNF883;ZNF891;ZSCAN21;ZSCAN22;ZSCAN5A;ZXDB
Vertebrata	Simakov2022BCnS_genefamily_3638|Simakov2022BCnS_genefamily_8898	SNUPN/MPI	1	99	99	AR;ARID1A;ATF3;ATF4;BRD2;BRD4;BRD9;CBFA2T3;CDK8;CEBPA;CEBPB;CEBPD;CREBBP;CTCF;DPF2;E2F1;EGR1;EP300;ERG;ESR1;ETS1;EVI1;FLI1;FOS;FOSL2;FOXO1-PAX3;GATA4;GATA6;HDGF;HNF4A;IKZF1;IRF1;JMJD1C;JUN;JUNB;JUND;KAT2A;KAT7;KDM1A;KLF3;KMT2A;KMT2B;KMT2B-D;LDB1;LMO1;LMO2;MAF;MAX;MAZ;MED1;MED12;MLLT1;MRTFB;MYB;MYBL2;MYC;MYOD1;NCOR2;NEUROG2;NFATC2;NR2F2;NR3C1;NR4A1;PGR;POU2F2;RAD21;RELA;REST;RUNX1;RUNX1-RUNX1T1;RUNX1T1;RUNX2;RXR;SIN3A;SMAD3;SMARCA4;SMARCB1;SMARCC1;SMC1;SMC1A;SMC3;SPI1;SREBP2;SS18-SSX;STAG1;STAT1;STAT3;TBX21;TCF12;TCF3;TEAD1;TFAP2C;TFAP4;TP53;YY1;ZBTB48;ZNF528;ZNF687;ZNF770	AR;ARID1A;ATF3;ATF4;BRD2;BRD4;BRD9;CBFA2T3;CDK8;CEBPA;CEBPB;CEBPD;CREBBP;CTCF;DPF2;E2F1;EGR1;EP300;ERG;ESR1;ETS1;EVI1;FLI1;FOS;FOSL2;FOXO1-PAX3;GATA4;GATA6;HDGF;HNF4A;IKZF1;IRF1;JMJD1C;JUN;JUNB;JUND;KAT2A;KAT7;KDM1A;KLF3;KMT2A;KMT2B;KMT2B-D;LDB1;LMO1;LMO2;MAF;MAX;MAZ;MED1;MED12;MLLT1;MRTFB;MYB;MYBL2;MYC;MYOD1;NCOR2;NEUROG2;NFATC2;NR2F2;NR3C1;NR4A1;PGR;POU2F2;RAD21;RELA;REST;RUNX1;RUNX1-RUNX1T1;RUNX1T1;RUNX2;RXR;SIN3A;SMAD3;SMARCA4;SMARCB1;SMARCC1;SMC1;SMC1A;SMC3;SPI1;SREBP2;SS18-SSX;STAG1;STAT1;STAT3;TBX21;TCF12;TCF3;TEAD1;TFAP2C;TFAP4;TP53;YY1;ZBTB48;ZNF528;ZNF687;ZNF770
Vertebrata	Simakov2022BCnS_genefamily_364|Simakov2022BCnS_genefamily_6526	XP_005248394.1/CAPSL	1	73	73	AR;ARID1A;BRD2;BRD4;BRD9;CDK6;CEBPA;CEBPB;CHD4;CHD7;CREBBP;CTCF;DAXX;E2F1;EP300;ERG;ESR1;EZH2;FOS;FOSL1;FOSL2;FOXA1;FOXA2;GATA2;GATA4;GPS2;HDAC2;HIF1A;HMGB2;IRF4;JUN;JUNB;JUND;KDM5B;KMT2A;MAX;MED1;MYC;MYCN;MYOD1;NELFE;NFIC;NFKB1;NR2F2;NR3C1;PAX3-FOXO1;PAX5;PGR;PHF19;POU2F1;RAD21;RAD51;RCOR1;RELA;RNF2;RUNX1;RXRA;SMAD3;SMARCA4;SMARCB1;SMARCC1;SOX4;SS18-SSX;STAT3;TAF1;TCF21;TEAD1;TEAD4;TP53;USF2;VDR;YY1;ZNF143	AR;ARID1A;BRD2;BRD4;BRD9;CDK6;CEBPA;CEBPB;CHD4;CHD7;CREBBP;CTCF;DAXX;E2F1;EP300;ERG;ESR1;EZH2;FOS;FOSL1;FOSL2;FOXA1;FOXA2;GATA2;GATA4;GPS2;HDAC2;HIF1A;HMGB2;IRF4;JUN;JUNB;JUND;KDM5B;KMT2A;MAX;MED1;MYC;MYCN;MYOD1;NELFE;NFIC;NFKB1;NR2F2;NR3C1;PAX3-FOXO1;PAX5;PGR;PHF19;POU2F1;RAD21;RAD51;RCOR1;RELA;RNF2;RUNX1;RXRA;SMAD3;SMARCA4;SMARCB1;SMARCC1;SOX4;SS18-SSX;STAT3;TAF1;TCF21;TEAD1;TEAD4;TP53;USF2;VDR;YY1;ZNF143
Vertebrata	Simakov2022BCnS_genefamily_5361|Simakov2022BCnS_genefamily_7505	ACOX3/TADA2B	1	57	57	APC;AR;BRD3;BRD4;CBFA2T3;CBFB;CDK8;CDK9;CDKN1B;CEBPB;CHD1;CTCF;ESR1;EZH2;FOSL2;FOXO1;GABPA;GATA1;GATA6;HDAC2;HDAC3;HSF1;JUN;KDM6B;LMO1;LMO2;MAF;MECOM;MED1;MED26;MTA2;MTF2;MYB;MYC;MYOD1;NCAPH2;NELFE;NEUROD1;NOTCH3;ONECUT1;RBBP4;RELA;RUNX1;RUNX2;SCRT1;STAT5B;TAF1;TAL1;TBX21;TCF12;TCF3;TCF4;TFAP2C;TP53;VDR;ZNF143;ZNF263	APC;AR;BRD3;BRD4;CBFA2T3;CBFB;CDK8;CDK9;CDKN1B;CEBPB;CHD1;CTCF;ESR1;EZH2;FOSL2;FOXO1;GABPA;GATA1;GATA6;HDAC2;HDAC3;HSF1;JUN;KDM6B;LMO1;LMO2;MAF;MECOM;MED1;MED26;MTA2;MTF2;MYB;MYC;MYOD1;NCAPH2;NELFE;NEUROD1;NOTCH3;ONECUT1;RBBP4;RELA;RUNX1;RUNX2;SCRT1;STAT5B;TAF1;TAL1;TBX21;TCF12;TCF3;TCF4;TFAP2C;TP53;VDR;ZNF143;ZNF263
