nodename	pair_label	pair_key	species_key	build	tf	p_t	surprise	rank
Vertebrata	SLC25A26/TMF1	Simakov2022BCnS_genefamily_10268|Simakov2022BCnS_genefamily_12984	Homosapiens-9606-GCF000001405.40	hg38	ZBTB16	0.0850529241954453	2.1406215007256475	1
Vertebrata	SLC25A26/TMF1	Simakov2022BCnS_genefamily_10268|Simakov2022BCnS_genefamily_12984	Homosapiens-9606-GCF000001405.40	hg38	TCF21	0.1306532663316583	1.7677594568777772	2
Vertebrata	SLC25A26/TMF1	Simakov2022BCnS_genefamily_10268|Simakov2022BCnS_genefamily_12984	Homosapiens-9606-GCF000001405.40	hg38	NFATC2	0.1339142521116219	1.7463463996122819	3
Vertebrata	SLC25A26/TMF1	Simakov2022BCnS_genefamily_10268|Simakov2022BCnS_genefamily_12984	Homosapiens-9606-GCF000001405.40	hg38	TERF1	0.1355180156099647	1.7360059326801012	4
Vertebrata	SLC25A26/TMF1	Simakov2022BCnS_genefamily_10268|Simakov2022BCnS_genefamily_12984	Homosapiens-9606-GCF000001405.40	hg38	GSPT2	0.1693574254249973	1.542391514183899	5
Vertebrata	SLC25A26/TMF1	Simakov2022BCnS_genefamily_10268|Simakov2022BCnS_genefamily_12984	Homosapiens-9606-GCF000001405.40	hg38	ELK4	0.1745429274029723	1.5161954887966251	6
Vertebrata	SLC25A26/TMF1	Simakov2022BCnS_genefamily_10268|Simakov2022BCnS_genefamily_12984	Homosapiens-9606-GCF000001405.40	hg38	IFNA1	0.1806372286966748	1.4863854764690183	7
Vertebrata	SLC25A26/TMF1	Simakov2022BCnS_genefamily_10268|Simakov2022BCnS_genefamily_12984	Homosapiens-9606-GCF000001405.40	hg38	U2AF2	0.1910082326526248	1.4378958276139309	8
Vertebrata	SLC25A26/TMF1	Simakov2022BCnS_genefamily_10268|Simakov2022BCnS_genefamily_12984	Homosapiens-9606-GCF000001405.40	hg38	PHF20	0.1967283224633807	1.4122662226717755	9
Vertebrata	SLC25A26/TMF1	Simakov2022BCnS_genefamily_10268|Simakov2022BCnS_genefamily_12984	Homosapiens-9606-GCF000001405.40	hg38	NFRKB	0.2039987169892013	1.3807451279546958	10
Arthropoda	SF3B1/CDR2	Simakov2022BCnS_genefamily_10682|Simakov2022BCnS_genefamily_2543	Drosophilamelanogaster-7227-GCF000001215.4	dm6	Cdk9	0.2410562868448679	1.2357630749171844	1
Arthropoda	SF3B1/CDR2	Simakov2022BCnS_genefamily_10682|Simakov2022BCnS_genefamily_2543	Drosophilamelanogaster-7227-GCF000001215.4	dm6	N	0.2626181054671727	1.1613506720038989	2
Arthropoda	SF3B1/CDR2	Simakov2022BCnS_genefamily_10682|Simakov2022BCnS_genefamily_2543	Drosophilamelanogaster-7227-GCF000001215.4	dm6	cbt	0.2642332229669708	1.156025155849389	3
Arthropoda	SF3B1/CDR2	Simakov2022BCnS_genefamily_10682|Simakov2022BCnS_genefamily_2543	Drosophilamelanogaster-7227-GCF000001215.4	dm6	cato	0.3189857062101268	0.9924575545950394	4
Arthropoda	SF3B1/CDR2	Simakov2022BCnS_genefamily_10682|Simakov2022BCnS_genefamily_2543	Drosophilamelanogaster-7227-GCF000001215.4	dm6	CG8478	0.3245578615844303	0.9774157334638901	5
Arthropoda	SF3B1/CDR2	Simakov2022BCnS_genefamily_10682|Simakov2022BCnS_genefamily_2543	Drosophilamelanogaster-7227-GCF000001215.4	dm6	ttk	0.342727933457159	0.9301009953893538	6
Arthropoda	SF3B1/CDR2	Simakov2022BCnS_genefamily_10682|Simakov2022BCnS_genefamily_2543	Drosophilamelanogaster-7227-GCF000001215.4	dm6	CG14965	0.348703868206412	0.915086469851536	7
Arthropoda	SF3B1/CDR2	Simakov2022BCnS_genefamily_10682|Simakov2022BCnS_genefamily_2543	Drosophilamelanogaster-7227-GCF000001215.4	dm6	luna	0.3499959622062505	0.9118739318803615	8
Arthropoda	SF3B1/CDR2	Simakov2022BCnS_genefamily_10682|Simakov2022BCnS_genefamily_2543	Drosophilamelanogaster-7227-GCF000001215.4	dm6	trh	0.3577485262052814	0.8928442934018208	9
Arthropoda	SF3B1/CDR2	Simakov2022BCnS_genefamily_10682|Simakov2022BCnS_genefamily_2543	Drosophilamelanogaster-7227-GCF000001215.4	dm6	row	0.3604134700799483	0.8863979721669011	10
Arthropoda	CDK13/HPD	Simakov2022BCnS_genefamily_11602|Simakov2022BCnS_genefamily_4874	Drosophilamelanogaster-7227-GCF000001215.4	dm6	Etl1	0.1432609222320923	1.6877445148565453	1
Arthropoda	CDK13/HPD	Simakov2022BCnS_genefamily_11602|Simakov2022BCnS_genefamily_4874	Drosophilamelanogaster-7227-GCF000001215.4	dm6	da	0.4167003149479125	0.7603523425935371	2
Arthropoda	CDK13/HPD	Simakov2022BCnS_genefamily_11602|Simakov2022BCnS_genefamily_4874	Drosophilamelanogaster-7227-GCF000001215.4	dm6	cad	0.4445610918194299	0.7041370992324187	3
Arthropoda	CDK13/HPD	Simakov2022BCnS_genefamily_11602|Simakov2022BCnS_genefamily_4874	Drosophilamelanogaster-7227-GCF000001215.4	dm6	Kr	0.4666882015666639	0.6619463569151939	4
Arthropoda	CDK13/HPD	Simakov2022BCnS_genefamily_11602|Simakov2022BCnS_genefamily_4874	Drosophilamelanogaster-7227-GCF000001215.4	dm6	Dif	0.4876039731890495	0.6238655284738021	5
Arthropoda	CDK13/HPD	Simakov2022BCnS_genefamily_11602|Simakov2022BCnS_genefamily_4874	Drosophilamelanogaster-7227-GCF000001215.4	dm6	ac	0.4883307760639586	0.6225718086360766	6
Arthropoda	CDK13/HPD	Simakov2022BCnS_genefamily_11602|Simakov2022BCnS_genefamily_4874	Drosophilamelanogaster-7227-GCF000001215.4	dm6	ERR	0.4939029314382621	0.612716792367395	7
Arthropoda	CDK13/HPD	Simakov2022BCnS_genefamily_11602|Simakov2022BCnS_genefamily_4874	Drosophilamelanogaster-7227-GCF000001215.4	dm6	cnc	0.4950335136881208	0.6107307968111299	8
Arthropoda	CDK13/HPD	Simakov2022BCnS_genefamily_11602|Simakov2022BCnS_genefamily_4874	Drosophilamelanogaster-7227-GCF000001215.4	dm6	fd102C	0.4980214810627473	0.6055038489953505	9
Arthropoda	CDK13/HPD	Simakov2022BCnS_genefamily_11602|Simakov2022BCnS_genefamily_4874	Drosophilamelanogaster-7227-GCF000001215.4	dm6	Elba3	0.4997173544375353	0.6025511357933001	10
Vertebrata	MRPS11/SNRPA1	Simakov2022BCnS_genefamily_12080|Simakov2022BCnS_genefamily_5571	Homosapiens-9606-GCF000001405.40	hg38	SALL2	0.0754303432053886	2.2449078325101155	1
Vertebrata	MRPS11/SNRPA1	Simakov2022BCnS_genefamily_12080|Simakov2022BCnS_genefamily_5571	Homosapiens-9606-GCF000001405.40	hg38	RBP2	0.0776756121030685	2.219430631422768	2
Vertebrata	MRPS11/SNRPA1	Simakov2022BCnS_genefamily_12080|Simakov2022BCnS_genefamily_5571	Homosapiens-9606-GCF000001405.40	hg38	SETX	0.0807762215331979	2.18543293134076	3
Vertebrata	MRPS11/SNRPA1	Simakov2022BCnS_genefamily_12080|Simakov2022BCnS_genefamily_5571	Homosapiens-9606-GCF000001405.40	hg38	CEBPZ	0.0811504330161445	2.181418316899888	4
Vertebrata	MRPS11/SNRPA1	Simakov2022BCnS_genefamily_12080|Simakov2022BCnS_genefamily_5571	Homosapiens-9606-GCF000001405.40	hg38	ZNF280A	0.0869239816101785	2.1217207775027123	5
Vertebrata	MRPS11/SNRPA1	Simakov2022BCnS_genefamily_12080|Simakov2022BCnS_genefamily_5571	Homosapiens-9606-GCF000001405.40	hg38	ZSCAN23	0.1031754517267187	1.972847242003263	6
Vertebrata	MRPS11/SNRPA1	Simakov2022BCnS_genefamily_12080|Simakov2022BCnS_genefamily_5571	Homosapiens-9606-GCF000001405.40	hg38	ZNF146	0.1109269753020421	1.9099256579225878	7
Vertebrata	MRPS11/SNRPA1	Simakov2022BCnS_genefamily_12080|Simakov2022BCnS_genefamily_5571	Homosapiens-9606-GCF000001405.40	hg38	TAF9B	0.1200149684593178	1.841529169340127	8
Vertebrata	MRPS11/SNRPA1	Simakov2022BCnS_genefamily_12080|Simakov2022BCnS_genefamily_5571	Homosapiens-9606-GCF000001405.40	hg38	LIN9	0.1258419758366299	1.8003489430039794	9
Vertebrata	MRPS11/SNRPA1	Simakov2022BCnS_genefamily_12080|Simakov2022BCnS_genefamily_5571	Homosapiens-9606-GCF000001405.40	hg38	NUTM1	0.1265903988025232	1.7951984639170466	10
Arthropoda	WDR59/DNAH7	Simakov2022BCnS_genefamily_12561|Simakov2022BCnS_genefamily_3762	Drosophilamelanogaster-7227-GCF000001215.4	dm6	HIPP1	0.1528708713558911	1.6313505179203664	1
Arthropoda	WDR59/DNAH7	Simakov2022BCnS_genefamily_12561|Simakov2022BCnS_genefamily_3762	Drosophilamelanogaster-7227-GCF000001215.4	dm6	rib	0.2219979003472502	1.3073022661610232	2
Arthropoda	WDR59/DNAH7	Simakov2022BCnS_genefamily_12561|Simakov2022BCnS_genefamily_3762	Drosophilamelanogaster-7227-GCF000001215.4	dm6	Ibf2	0.3171283210853589	0.9975299433071236	3
Arthropoda	WDR59/DNAH7	Simakov2022BCnS_genefamily_12561|Simakov2022BCnS_genefamily_3762	Drosophilamelanogaster-7227-GCF000001215.4	dm6	CG14965	0.348703868206412	0.915086469851536	4
Arthropoda	WDR59/DNAH7	Simakov2022BCnS_genefamily_12561|Simakov2022BCnS_genefamily_3762	Drosophilamelanogaster-7227-GCF000001215.4	dm6	row	0.3604134700799483	0.8863979721669011	5
Arthropoda	WDR59/DNAH7	Simakov2022BCnS_genefamily_12561|Simakov2022BCnS_genefamily_3762	Drosophilamelanogaster-7227-GCF000001215.4	dm6	MRG15	0.3719615602035048	0.8590038785915353	6
Arthropoda	WDR59/DNAH7	Simakov2022BCnS_genefamily_12561|Simakov2022BCnS_genefamily_3762	Drosophilamelanogaster-7227-GCF000001215.4	dm6	GATAd	0.3747072599531616	0.8526157847381981	7
Arthropoda	WDR59/DNAH7	Simakov2022BCnS_genefamily_12561|Simakov2022BCnS_genefamily_3762	Drosophilamelanogaster-7227-GCF000001215.4	dm6	Br140	0.3834288944520714	0.8326303252828526	8
Arthropoda	WDR59/DNAH7	Simakov2022BCnS_genefamily_12561|Simakov2022BCnS_genefamily_3762	Drosophilamelanogaster-7227-GCF000001215.4	dm6	CG6654	0.3834288944520714	0.8326303252828526	9
Arthropoda	WDR59/DNAH7	Simakov2022BCnS_genefamily_12561|Simakov2022BCnS_genefamily_3762	Drosophilamelanogaster-7227-GCF000001215.4	dm6	CG10462	0.385447791326819	0.8280688771154721	10
Vertebrata	ATP6V1D/EIF2S1	Simakov2022BCnS_genefamily_1312|Simakov2022BCnS_genefamily_3869	Homosapiens-9606-GCF000001405.40	hg38	ZNF148	0.1933069603335828	1.4275050164121592	1
Vertebrata	ATP6V1D/EIF2S1	Simakov2022BCnS_genefamily_1312|Simakov2022BCnS_genefamily_3869	Homosapiens-9606-GCF000001405.40	hg38	MEN1	0.3170640436223672	0.997706011952141	2
Vertebrata	ATP6V1D/EIF2S1	Simakov2022BCnS_genefamily_1312|Simakov2022BCnS_genefamily_3869	Homosapiens-9606-GCF000001405.40	hg38	BACH1	0.3637870202074201	0.8783056009401036	3
Vertebrata	ATP6V1D/EIF2S1	Simakov2022BCnS_genefamily_1312|Simakov2022BCnS_genefamily_3869	Homosapiens-9606-GCF000001405.40	hg38	TEAD1	0.3813749599059125	0.8372956500141402	4
Vertebrata	ATP6V1D/EIF2S1	Simakov2022BCnS_genefamily_1312|Simakov2022BCnS_genefamily_3869	Homosapiens-9606-GCF000001405.40	hg38	GATA1	0.4449374532235646	0.7034020707529138	5
Vertebrata	ATP6V1D/EIF2S1	Simakov2022BCnS_genefamily_1312|Simakov2022BCnS_genefamily_3869	Homosapiens-9606-GCF000001405.40	hg38	FOXA2	0.5575751095905057	0.507393243165749	6
Vertebrata	ATP6V1D/EIF2S1	Simakov2022BCnS_genefamily_1312|Simakov2022BCnS_genefamily_3869	Homosapiens-9606-GCF000001405.40	hg38	STAT1	0.5593392494386827	0.5046494093801132	7
Vertebrata	ATP6V1D/EIF2S1	Simakov2022BCnS_genefamily_1312|Simakov2022BCnS_genefamily_3869	Homosapiens-9606-GCF000001405.40	hg38	KMT2A	0.5920025660215974	0.4553528216669814	8
Vertebrata	ATP6V1D/EIF2S1	Simakov2022BCnS_genefamily_1312|Simakov2022BCnS_genefamily_3869	Homosapiens-9606-GCF000001405.40	hg38	POU5F1	0.6214048968245482	0.41325065743888045	9
Vertebrata	ATP6V1D/EIF2S1	Simakov2022BCnS_genefamily_1312|Simakov2022BCnS_genefamily_3869	Homosapiens-9606-GCF000001405.40	hg38	SMARCA4	0.7068320325029402	0.3013675543689191	10
Vertebrata	MAP3K20/HAT1	Simakov2022BCnS_genefamily_1836|Simakov2022BCnS_genefamily_3560	Homosapiens-9606-GCF000001405.40	hg38	CREB3	0.069870629744467	2.311410684857722	1
Vertebrata	MAP3K20/HAT1	Simakov2022BCnS_genefamily_1836|Simakov2022BCnS_genefamily_3560	Homosapiens-9606-GCF000001405.40	hg38	PRDM6	0.1100716347695926	1.9166491667827483	2
Vertebrata	MAP3K20/HAT1	Simakov2022BCnS_genefamily_1836|Simakov2022BCnS_genefamily_3560	Homosapiens-9606-GCF000001405.40	hg38	NUTM1	0.1265903988025232	1.7951984639170466	3
Vertebrata	MAP3K20/HAT1	Simakov2022BCnS_genefamily_1836|Simakov2022BCnS_genefamily_3560	Homosapiens-9606-GCF000001405.40	hg38	TBX5	0.2175237891585587	1.3249864803122404	4
Vertebrata	MAP3K20/HAT1	Simakov2022BCnS_genefamily_1836|Simakov2022BCnS_genefamily_3560	Homosapiens-9606-GCF000001405.40	hg38	RBFOX2	0.2666524109911258	1.1481089704058007	5
Vertebrata	MAP3K20/HAT1	Simakov2022BCnS_genefamily_1836|Simakov2022BCnS_genefamily_3560	Homosapiens-9606-GCF000001405.40	hg38	HDGF	0.3336897252218539	0.953314331360183	6
Vertebrata	MAP3K20/HAT1	Simakov2022BCnS_genefamily_1836|Simakov2022BCnS_genefamily_3560	Homosapiens-9606-GCF000001405.40	hg38	ARID1B	0.3437399764781353	0.9275399141703666	7
Vertebrata	MAP3K20/HAT1	Simakov2022BCnS_genefamily_1836|Simakov2022BCnS_genefamily_3560	Homosapiens-9606-GCF000001405.40	hg38	SMARCA5	0.3560889554153747	0.8968829927050928	8
Vertebrata	MAP3K20/HAT1	Simakov2022BCnS_genefamily_1836|Simakov2022BCnS_genefamily_3560	Homosapiens-9606-GCF000001405.40	hg38	FOXL2	0.3565700844648776	0.8957101921857127	9
Vertebrata	MAP3K20/HAT1	Simakov2022BCnS_genefamily_1836|Simakov2022BCnS_genefamily_3560	Homosapiens-9606-GCF000001405.40	hg38	SMARCE1	0.3794504437079012	0.8416898699956626	10
Vertebrata	FBXO11/MSH6	Simakov2022BCnS_genefamily_2021|Simakov2022BCnS_genefamily_3029	Homosapiens-9606-GCF000001405.40	hg38	ZNF121	0.2453223564631668	1.2205257446294924	1
Vertebrata	FBXO11/MSH6	Simakov2022BCnS_genefamily_2021|Simakov2022BCnS_genefamily_3029	Homosapiens-9606-GCF000001405.40	hg38	FOXO1	0.3938308564097081	0.8093805203090424	2
Vertebrata	FBXO11/MSH6	Simakov2022BCnS_genefamily_2021|Simakov2022BCnS_genefamily_3029	Homosapiens-9606-GCF000001405.40	hg38	IRF1	0.4495883673687587	0.6943698684229863	3
Vertebrata	FBXO11/MSH6	Simakov2022BCnS_genefamily_2021|Simakov2022BCnS_genefamily_3029	Homosapiens-9606-GCF000001405.40	hg38	ZBTB33	0.4638618625040094	0.667222665115198	4
Vertebrata	FBXO11/MSH6	Simakov2022BCnS_genefamily_2021|Simakov2022BCnS_genefamily_3029	Homosapiens-9606-GCF000001405.40	hg38	CEBPA	0.5296161659360633	0.5520775340337093	5
Vertebrata	FBXO11/MSH6	Simakov2022BCnS_genefamily_2021|Simakov2022BCnS_genefamily_3029	Homosapiens-9606-GCF000001405.40	hg38	BRD4	0.7872340425531915	0.2077922677374449	6
Arthropoda	BRAF/PBX1	Simakov2022BCnS_genefamily_2752|Simakov2022BCnS_genefamily_9294	Drosophilamelanogaster-7227-GCF000001215.4	dm6	mago	0.0920616974884922	2.0718420431750157	1
Arthropoda	BRAF/PBX1	Simakov2022BCnS_genefamily_2752|Simakov2022BCnS_genefamily_9294	Drosophilamelanogaster-7227-GCF000001215.4	dm6	Spps	0.2160219655979972	1.3310041731334656	2
Arthropoda	BRAF/PBX1	Simakov2022BCnS_genefamily_2752|Simakov2022BCnS_genefamily_9294	Drosophilamelanogaster-7227-GCF000001215.4	dm6	N	0.2626181054671727	1.1613506720038989	3
Arthropoda	BRAF/PBX1	Simakov2022BCnS_genefamily_2752|Simakov2022BCnS_genefamily_9294	Drosophilamelanogaster-7227-GCF000001215.4	dm6	Taf1	0.2925785350884277	1.0675150777788862	4
Arthropoda	BRAF/PBX1	Simakov2022BCnS_genefamily_2752|Simakov2022BCnS_genefamily_9294	Drosophilamelanogaster-7227-GCF000001215.4	dm6	Ibf2	0.3171283210853589	0.9975299433071236	5
Arthropoda	BRAF/PBX1	Simakov2022BCnS_genefamily_2752|Simakov2022BCnS_genefamily_9294	Drosophilamelanogaster-7227-GCF000001215.4	dm6	CycG	0.3256884438342889	0.9743953018327227	6
Arthropoda	BRAF/PBX1	Simakov2022BCnS_genefamily_2752|Simakov2022BCnS_genefamily_9294	Drosophilamelanogaster-7227-GCF000001215.4	dm6	Crtc	0.3570217233303723	0.8946107160362119	7
Arthropoda	BRAF/PBX1	Simakov2022BCnS_genefamily_2752|Simakov2022BCnS_genefamily_9294	Drosophilamelanogaster-7227-GCF000001215.4	dm6	MRG15	0.3719615602035048	0.8590038785915353	8
Arthropoda	BRAF/PBX1	Simakov2022BCnS_genefamily_2752|Simakov2022BCnS_genefamily_9294	Drosophilamelanogaster-7227-GCF000001215.4	dm6	CG6654	0.3834288944520714	0.8326303252828526	9
Arthropoda	BRAF/PBX1	Simakov2022BCnS_genefamily_2752|Simakov2022BCnS_genefamily_9294	Drosophilamelanogaster-7227-GCF000001215.4	dm6	Elba1	0.3856900589517887	0.8275231096053346	10
Vertebrata	MSH6/MSH2	Simakov2022BCnS_genefamily_3029|Simakov2022BCnS_genefamily_7145	Homosapiens-9606-GCF000001405.40	hg38	ETV2	0.0730246979578744	2.273060461327784	1
Vertebrata	MSH6/MSH2	Simakov2022BCnS_genefamily_3029|Simakov2022BCnS_genefamily_7145	Homosapiens-9606-GCF000001405.40	hg38	SETX	0.0807762215331979	2.18543293134076	2
Vertebrata	MSH6/MSH2	Simakov2022BCnS_genefamily_3029|Simakov2022BCnS_genefamily_7145	Homosapiens-9606-GCF000001405.40	hg38	ZNF224	0.0960654335507323	2.034865705800864	3
Vertebrata	MSH6/MSH2	Simakov2022BCnS_genefamily_3029|Simakov2022BCnS_genefamily_7145	Homosapiens-9606-GCF000001405.40	hg38	RUNX1-RUNX1T1	0.1168074414626323	1.8650589774059294	4
Vertebrata	MSH6/MSH2	Simakov2022BCnS_genefamily_3029|Simakov2022BCnS_genefamily_7145	Homosapiens-9606-GCF000001405.40	hg38	TOP1	0.1197476745429274	1.843465823350485	5
Vertebrata	MSH6/MSH2	Simakov2022BCnS_genefamily_3029|Simakov2022BCnS_genefamily_7145	Homosapiens-9606-GCF000001405.40	hg38	SAFB	0.1245055062546776	1.8096228829494496	6
Vertebrata	MSH6/MSH2	Simakov2022BCnS_genefamily_3029|Simakov2022BCnS_genefamily_7145	Homosapiens-9606-GCF000001405.40	hg38	LIN9	0.1258419758366299	1.8003489430039794	7
Vertebrata	MSH6/MSH2	Simakov2022BCnS_genefamily_3029|Simakov2022BCnS_genefamily_7145	Homosapiens-9606-GCF000001405.40	hg38	E2F7	0.1295306318828183	1.7752550317437985	8
Vertebrata	MSH6/MSH2	Simakov2022BCnS_genefamily_3029|Simakov2022BCnS_genefamily_7145	Homosapiens-9606-GCF000001405.40	hg38	ZNF737	0.1468512776649203	1.666244541177687	9
Vertebrata	MSH6/MSH2	Simakov2022BCnS_genefamily_3029|Simakov2022BCnS_genefamily_7145	Homosapiens-9606-GCF000001405.40	hg38	HNRNPUL1	0.1481877472468726	1.6583754081392728	10
Arthropoda	MIX23/KPNA6	Simakov2022BCnS_genefamily_3226|Simakov2022BCnS_genefamily_4977	Drosophilamelanogaster-7227-GCF000001215.4	dm6	Ibf2	0.3171283210853589	0.9975299433071236	1
Arthropoda	MIX23/KPNA6	Simakov2022BCnS_genefamily_3226|Simakov2022BCnS_genefamily_4977	Drosophilamelanogaster-7227-GCF000001215.4	dm6	ttk	0.342727933457159	0.9301009953893538	2
Arthropoda	MIX23/KPNA6	Simakov2022BCnS_genefamily_3226|Simakov2022BCnS_genefamily_4977	Drosophilamelanogaster-7227-GCF000001215.4	dm6	MRG15	0.3719615602035048	0.8590038785915353	3
Arthropoda	MIX23/KPNA6	Simakov2022BCnS_genefamily_3226|Simakov2022BCnS_genefamily_4977	Drosophilamelanogaster-7227-GCF000001215.4	dm6	GATAd	0.3747072599531616	0.8526157847381981	4
Arthropoda	MIX23/KPNA6	Simakov2022BCnS_genefamily_3226|Simakov2022BCnS_genefamily_4977	Drosophilamelanogaster-7227-GCF000001215.4	dm6	Br140	0.3834288944520714	0.8326303252828526	5
Arthropoda	MIX23/KPNA6	Simakov2022BCnS_genefamily_3226|Simakov2022BCnS_genefamily_4977	Drosophilamelanogaster-7227-GCF000001215.4	dm6	Elba1	0.3856900589517887	0.8275231096053346	6
Arthropoda	MIX23/KPNA6	Simakov2022BCnS_genefamily_3226|Simakov2022BCnS_genefamily_4977	Drosophilamelanogaster-7227-GCF000001215.4	dm6	Ibf1	0.4041023984494872	0.7870171438051952	7
Arthropoda	MIX23/KPNA6	Simakov2022BCnS_genefamily_3226|Simakov2022BCnS_genefamily_4977	Drosophilamelanogaster-7227-GCF000001215.4	dm6	wds	0.4063635629492045	0.782170480973535	8
Arthropoda	MIX23/KPNA6	Simakov2022BCnS_genefamily_3226|Simakov2022BCnS_genefamily_4977	Drosophilamelanogaster-7227-GCF000001215.4	dm6	Set1	0.4082209480739723	0.7782094259939203	9
Arthropoda	MIX23/KPNA6	Simakov2022BCnS_genefamily_3226|Simakov2022BCnS_genefamily_4977	Drosophilamelanogaster-7227-GCF000001215.4	dm6	Ada2b	0.4123394976984575	0.769490124911497	10
Vertebrata	NOP2/EMG1	Simakov2022BCnS_genefamily_3270|Simakov2022BCnS_genefamily_6227	Homosapiens-9606-GCF000001405.40	hg38	JDP2	0.047952528600449	2.6383769739306273	1
Vertebrata	NOP2/EMG1	Simakov2022BCnS_genefamily_3270|Simakov2022BCnS_genefamily_6227	Homosapiens-9606-GCF000001405.40	hg38	ZC3H11A	0.0591788730888485	2.455666618261365	2
Vertebrata	NOP2/EMG1	Simakov2022BCnS_genefamily_3270|Simakov2022BCnS_genefamily_6227	Homosapiens-9606-GCF000001405.40	hg38	ZBED2	0.0719020635090345	2.2865172913419576	3
Vertebrata	NOP2/EMG1	Simakov2022BCnS_genefamily_3270|Simakov2022BCnS_genefamily_6227	Homosapiens-9606-GCF000001405.40	hg38	PAX6	0.0723297337752592	2.2813662668235657	4
Vertebrata	NOP2/EMG1	Simakov2022BCnS_genefamily_3270|Simakov2022BCnS_genefamily_6227	Homosapiens-9606-GCF000001405.40	hg38	OVOL3	0.0805089276168074	2.1883119162894475	5
Vertebrata	NOP2/EMG1	Simakov2022BCnS_genefamily_3270|Simakov2022BCnS_genefamily_6227	Homosapiens-9606-GCF000001405.40	hg38	REL	0.0841975836629958	2.1494007437675724	6
Vertebrata	NOP2/EMG1	Simakov2022BCnS_genefamily_3270|Simakov2022BCnS_genefamily_6227	Homosapiens-9606-GCF000001405.40	hg38	SNAPC1	0.0859082647278948	2.1319301064921214	7
Vertebrata	NOP2/EMG1	Simakov2022BCnS_genefamily_3270|Simakov2022BCnS_genefamily_6227	Homosapiens-9606-GCF000001405.40	hg38	GLI4	0.0962258099005666	2.033416849812199	8
Vertebrata	NOP2/EMG1	Simakov2022BCnS_genefamily_3270|Simakov2022BCnS_genefamily_6227	Homosapiens-9606-GCF000001405.40	hg38	BCLAF1	0.1043515449588367	1.9630022333574648	9
Vertebrata	NOP2/EMG1	Simakov2022BCnS_genefamily_3270|Simakov2022BCnS_genefamily_6227	Homosapiens-9606-GCF000001405.40	hg38	ESRRG	0.1061156848070137	1.9484408378205438	10
Vertebrata	SNUPN/MPI	Simakov2022BCnS_genefamily_3638|Simakov2022BCnS_genefamily_8898	Homosapiens-9606-GCF000001405.40	hg38	NFATC2	0.1339142521116219	1.7463463996122819	1
Vertebrata	SNUPN/MPI	Simakov2022BCnS_genefamily_3638|Simakov2022BCnS_genefamily_8898	Homosapiens-9606-GCF000001405.40	hg38	KAT7	0.2768095798139634	1.1156377678211042	2
Vertebrata	SNUPN/MPI	Simakov2022BCnS_genefamily_3638|Simakov2022BCnS_genefamily_8898	Homosapiens-9606-GCF000001405.40	hg38	SS18-SSX	0.277718379129691	1.1127907562324182	3
Vertebrata	SNUPN/MPI	Simakov2022BCnS_genefamily_3638|Simakov2022BCnS_genefamily_8898	Homosapiens-9606-GCF000001405.40	hg38	ZNF687	0.3280230941943761	0.9681911581369617	4
Vertebrata	SNUPN/MPI	Simakov2022BCnS_genefamily_3638|Simakov2022BCnS_genefamily_8898	Homosapiens-9606-GCF000001405.40	hg38	ZNF770	0.3592430236287822	0.8892233139111602	5
Vertebrata	SNUPN/MPI	Simakov2022BCnS_genefamily_3638|Simakov2022BCnS_genefamily_8898	Homosapiens-9606-GCF000001405.40	hg38	TEAD1	0.3813749599059125	0.8372956500141402	6
Vertebrata	SNUPN/MPI	Simakov2022BCnS_genefamily_3638|Simakov2022BCnS_genefamily_8898	Homosapiens-9606-GCF000001405.40	hg38	MED12	0.3937239388431519	0.8096163576615113	7
Vertebrata	SNUPN/MPI	Simakov2022BCnS_genefamily_3638|Simakov2022BCnS_genefamily_8898	Homosapiens-9606-GCF000001405.40	hg38	RXR	0.4144659467550518	0.765022292079796	8
Vertebrata	SNUPN/MPI	Simakov2022BCnS_genefamily_3638|Simakov2022BCnS_genefamily_8898	Homosapiens-9606-GCF000001405.40	hg38	MAF	0.4268683844755693	0.7394120190698072	9
Vertebrata	SNUPN/MPI	Simakov2022BCnS_genefamily_3638|Simakov2022BCnS_genefamily_8898	Homosapiens-9606-GCF000001405.40	hg38	CEBPD	0.4302897466053673	0.7324780052356077	10
Vertebrata	XP_005248394.1/CAPSL	Simakov2022BCnS_genefamily_364|Simakov2022BCnS_genefamily_6526	Homosapiens-9606-GCF000001405.40	hg38	RAD51	0.1902063509034534	1.4415499725229983	1
Vertebrata	XP_005248394.1/CAPSL	Simakov2022BCnS_genefamily_364|Simakov2022BCnS_genefamily_6526	Homosapiens-9606-GCF000001405.40	hg38	CDK6	0.3790227734416764	0.8426693896526777	2
Vertebrata	XP_005248394.1/CAPSL	Simakov2022BCnS_genefamily_364|Simakov2022BCnS_genefamily_6526	Homosapiens-9606-GCF000001405.40	hg38	USF2	0.4245161980113333	0.7442114679767893	3
Vertebrata	XP_005248394.1/CAPSL	Simakov2022BCnS_genefamily_364|Simakov2022BCnS_genefamily_6526	Homosapiens-9606-GCF000001405.40	hg38	POU2F1	0.513845824869026	0.5783343357550856	4
Vertebrata	XP_005248394.1/CAPSL	Simakov2022BCnS_genefamily_364|Simakov2022BCnS_genefamily_6526	Homosapiens-9606-GCF000001405.40	hg38	CEBPA	0.5296161659360633	0.5520775340337093	5
Vertebrata	XP_005248394.1/CAPSL	Simakov2022BCnS_genefamily_364|Simakov2022BCnS_genefamily_6526	Homosapiens-9606-GCF000001405.40	hg38	NELFE	0.5494493745322356	0.5201446333205024	6
Vertebrata	XP_005248394.1/CAPSL	Simakov2022BCnS_genefamily_364|Simakov2022BCnS_genefamily_6526	Homosapiens-9606-GCF000001405.40	hg38	PGR	0.5697637121779109	0.48861042820902456	7
Vertebrata	XP_005248394.1/CAPSL	Simakov2022BCnS_genefamily_364|Simakov2022BCnS_genefamily_6526	Homosapiens-9606-GCF000001405.40	hg38	KDM5B	0.5735592857906554	0.4828433694364993	8
Vertebrata	XP_005248394.1/CAPSL	Simakov2022BCnS_genefamily_364|Simakov2022BCnS_genefamily_6526	Homosapiens-9606-GCF000001405.40	hg38	KMT2A	0.5920025660215974	0.4553528216669814	9
Vertebrata	XP_005248394.1/CAPSL	Simakov2022BCnS_genefamily_364|Simakov2022BCnS_genefamily_6526	Homosapiens-9606-GCF000001405.40	hg38	ZNF143	0.6185715813108094	0.417220072847402	10
Vertebrata	ACOX3/TADA2B	Simakov2022BCnS_genefamily_5361|Simakov2022BCnS_genefamily_7505	Homosapiens-9606-GCF000001405.40	hg38	NOTCH3	0.0746284614562172	2.254191023444527	1
Vertebrata	ACOX3/TADA2B	Simakov2022BCnS_genefamily_5361|Simakov2022BCnS_genefamily_7505	Homosapiens-9606-GCF000001405.40	hg38	ONECUT1	0.2131401689297551	1.342669388694022	2
Vertebrata	ACOX3/TADA2B	Simakov2022BCnS_genefamily_5361|Simakov2022BCnS_genefamily_7505	Homosapiens-9606-GCF000001405.40	hg38	MTF2	0.2174168715920025	1.3254135152096358	3
Vertebrata	ACOX3/TADA2B	Simakov2022BCnS_genefamily_5361|Simakov2022BCnS_genefamily_7505	Homosapiens-9606-GCF000001405.40	hg38	CBFA2T3	0.2282690045974553	1.283106109968763	4
Vertebrata	ACOX3/TADA2B	Simakov2022BCnS_genefamily_5361|Simakov2022BCnS_genefamily_7505	Homosapiens-9606-GCF000001405.40	hg38	MECOM	0.3191489361702128	0.9920131977600724	5
Vertebrata	ACOX3/TADA2B	Simakov2022BCnS_genefamily_5361|Simakov2022BCnS_genefamily_7505	Homosapiens-9606-GCF000001405.40	hg38	KDM6B	0.3471078798246552	0.9190710542732987	6
Vertebrata	ACOX3/TADA2B	Simakov2022BCnS_genefamily_5361|Simakov2022BCnS_genefamily_7505	Homosapiens-9606-GCF000001405.40	hg38	RBBP4	0.3525606757190206	0.9055322602540425	7
Vertebrata	ACOX3/TADA2B	Simakov2022BCnS_genefamily_5361|Simakov2022BCnS_genefamily_7505	Homosapiens-9606-GCF000001405.40	hg38	LMO2	0.3705762856837378	0.862244751935052	8
Vertebrata	ACOX3/TADA2B	Simakov2022BCnS_genefamily_5361|Simakov2022BCnS_genefamily_7505	Homosapiens-9606-GCF000001405.40	hg38	HSF1	0.4448839944402865	0.7035064371049538	9
Vertebrata	ACOX3/TADA2B	Simakov2022BCnS_genefamily_5361|Simakov2022BCnS_genefamily_7505	Homosapiens-9606-GCF000001405.40	hg38	GATA1	0.4449374532235646	0.7034020707529138	10
Arthropoda	BPTF/RNF40	Simakov2022BCnS_genefamily_6525|Simakov2022BCnS_genefamily_8065	Drosophilamelanogaster-7227-GCF000001215.4	dm6	Rbf	0.1610272147298716	1.586201437896686	1
Arthropoda	BPTF/RNF40	Simakov2022BCnS_genefamily_6525|Simakov2022BCnS_genefamily_8065	Drosophilamelanogaster-7227-GCF000001215.4	dm6	Cdk9	0.2410562868448679	1.2357630749171844	2
Arthropoda	BPTF/RNF40	Simakov2022BCnS_genefamily_6525|Simakov2022BCnS_genefamily_8065	Drosophilamelanogaster-7227-GCF000001215.4	dm6	Taf1	0.2925785350884277	1.0675150777788862	3
Arthropoda	BPTF/RNF40	Simakov2022BCnS_genefamily_6525|Simakov2022BCnS_genefamily_8065	Drosophilamelanogaster-7227-GCF000001215.4	dm6	Ibf2	0.3171283210853589	0.9975299433071236	4
Arthropoda	BPTF/RNF40	Simakov2022BCnS_genefamily_6525|Simakov2022BCnS_genefamily_8065	Drosophilamelanogaster-7227-GCF000001215.4	dm6	CG8478	0.3245578615844303	0.9774157334638901	5
Arthropoda	BPTF/RNF40	Simakov2022BCnS_genefamily_6525|Simakov2022BCnS_genefamily_8065	Drosophilamelanogaster-7227-GCF000001215.4	dm6	CycG	0.3256884438342889	0.9743953018327227	6
Arthropoda	BPTF/RNF40	Simakov2022BCnS_genefamily_6525|Simakov2022BCnS_genefamily_8065	Drosophilamelanogaster-7227-GCF000001215.4	dm6	row	0.3604134700799483	0.8863979721669011	7
Arthropoda	BPTF/RNF40	Simakov2022BCnS_genefamily_6525|Simakov2022BCnS_genefamily_8065	Drosophilamelanogaster-7227-GCF000001215.4	dm6	so	0.3621093434547363	0.882320538002089	8
Arthropoda	BPTF/RNF40	Simakov2022BCnS_genefamily_6525|Simakov2022BCnS_genefamily_8065	Drosophilamelanogaster-7227-GCF000001215.4	dm6	MRG15	0.3719615602035048	0.8590038785915353	9
Arthropoda	BPTF/RNF40	Simakov2022BCnS_genefamily_6525|Simakov2022BCnS_genefamily_8065	Drosophilamelanogaster-7227-GCF000001215.4	dm6	Br140	0.3834288944520714	0.8326303252828526	10
