nodename	pair_label	pair_key	species_key	build	ucsc_chrom	n_tfs_assayed	n_at_anchor1	n_at_anchor2	n_shared	expected	z	p_indep	q_indep
Arthropoda	MIX23/KPNA6	Simakov2022BCnS_genefamily_3226|Simakov2022BCnS_genefamily_4977	Drosophilamelanogaster-7227-GCF000001215.4	dm6	chr3L	550	360	477	356	166.54781303106094	18.37842489552406	0.0	0.0
Arthropoda	BRAF/PBX1	Simakov2022BCnS_genefamily_2752|Simakov2022BCnS_genefamily_9294	Drosophilamelanogaster-7227-GCF000001215.4	dm6	chrX	550	497	411	389	166.54781303106094	21.579697107027897	0.0	0.0
Arthropoda	WDR59/DNAH7	Simakov2022BCnS_genefamily_12561|Simakov2022BCnS_genefamily_3762	Drosophilamelanogaster-7227-GCF000001215.4	dm6	chr2L	550	479	490	457	166.54781303106094	28.176258027702467	0.0	0.0
Arthropoda	SF3B1/CDR2	Simakov2022BCnS_genefamily_10682|Simakov2022BCnS_genefamily_2543	Drosophilamelanogaster-7227-GCF000001215.4	dm6	chr2L	550	483	503	472	166.54781303106094	29.63138176020421	0.0	0.0
Arthropoda	BPTF/RNF40	Simakov2022BCnS_genefamily_6525|Simakov2022BCnS_genefamily_8065	Drosophilamelanogaster-7227-GCF000001215.4	dm6	chr3L	550	442	460	376	166.54781303106094	20.31858987219305	0.0	0.0
Vertebrata	SLC25A26/TMF1	Simakov2022BCnS_genefamily_10268|Simakov2022BCnS_genefamily_12984	Homosapiens-9606-GCF000001405.40	hg38	chr3	1209	516	469	393	100.29838564591259	33.06017375710642	0.0	0.0
Vertebrata	MSH6/MSH2	Simakov2022BCnS_genefamily_3029|Simakov2022BCnS_genefamily_7145	Homosapiens-9606-GCF000001405.40	hg38	chr2	1209	611	547	472	100.29838564591259	41.98309593700226	0.0	0.0
Vertebrata	NOP2/EMG1	Simakov2022BCnS_genefamily_3270|Simakov2022BCnS_genefamily_6227	Homosapiens-9606-GCF000001405.40	hg38	chr12	1209	594	668	538	100.29838564591259	49.43768915058614	0.0	0.0
Vertebrata	MRPS11/SNRPA1	Simakov2022BCnS_genefamily_12080|Simakov2022BCnS_genefamily_5571	Homosapiens-9606-GCF000001405.40	hg38	chr15	1209	584	638	508	100.29838564591259	46.049237689866196	0.0	0.0
Vertebrata	SNUPN/MPI	Simakov2022BCnS_genefamily_3638|Simakov2022BCnS_genefamily_8898	Homosapiens-9606-GCF000001405.40	hg38	chr15	1209	72	588	61	100.29838564591259	-4.438689074860937	0.9999954745772646	1.0
Arthropoda	CDK13/HPD	Simakov2022BCnS_genefamily_11602|Simakov2022BCnS_genefamily_4874	Drosophilamelanogaster-7227-GCF000001215.4	dm6	chr3L	550	470	122	105	166.54781303106094	-5.970645561671792	0.9999999988184168	1.0
Vertebrata	MAP3K20/HAT1	Simakov2022BCnS_genefamily_1836|Simakov2022BCnS_genefamily_3560	Homosapiens-9606-GCF000001405.40	hg38	chr2	1209	160	94	39	100.29838564591259	-6.923553479388894	0.9999999999977978	1.0
Vertebrata	ACOX3/TADA2B	Simakov2022BCnS_genefamily_5361|Simakov2022BCnS_genefamily_7505	Homosapiens-9606-GCF000001405.40	hg38	chr4	1209	39	478	32	100.29838564591259	-7.714192153556881	0.9999999999999939	1.0
Vertebrata	ATP6V1D/EIF2S1	Simakov2022BCnS_genefamily_1312|Simakov2022BCnS_genefamily_3869	Homosapiens-9606-GCF000001405.40	hg38	chr14	1209	596	14	11	100.29838564591259	-10.08610817606084	1.0	1.0
Vertebrata	FBXO11/MSH6	Simakov2022BCnS_genefamily_2021|Simakov2022BCnS_genefamily_3029	Homosapiens-9606-GCF000001405.40	hg38	chr2	1209	7	611	6	100.29838564591259	-10.65085008618083	1.0	1.0
Vertebrata	XP_005248394.1/CAPSL	Simakov2022BCnS_genefamily_364|Simakov2022BCnS_genefamily_6526	Homosapiens-9606-GCF000001405.40	hg38	chr5	1209	50	65	15	100.29838564591259	-9.634314647964848	1.0	1.0
