tf	K_t	p_t
Pc	10772	0.8699022853912622
su-Hw	10569	0.8535088427683114
fs-1-h	10268	0.8292013243963499
abd-A	9978	0.8057821206492772
Trl	9744	0.7868852459016393
Med	9726	0.7854316401518211
ph	9693	0.7827666962771541
Acf	9608	0.7759024469030122
zld	9583	0.7738835500282646
lola	9508	0.7678268594040216
Su-var-205	9495	0.7667770330291529
EcR	9434	0.7618509246547687
psq	9294	0.7505451021561819
pho	9286	0.7498990551562627
Dfd	9251	0.747072599531616
Pdp1	9208	0.74360009690705
E-z	9201	0.7430348057821207
msl-2	9181	0.7414196882823225
Clamp	9159	0.7396430590325446
ZIPIC	9145	0.738512476782686
twi	9101	0.73495921828313
ash1	9093	0.7343131712832108
mod-mdg4	9090	0.7340709036582411
h	9038	0.729871598158766
Abd-B	9027	0.7289832835338771
pzg	9001	0.7268836307841395
lab	8969	0.7242994427844626
sd	8950	0.7227650811596543
E-spl-m-beta-HLH	8893	0.7181619962852297
usp	8861	0.7155778082855527
mirr	8797	0.7104094322861988
CTCF	8720	0.7041912299119761
bcd	8696	0.7022530889122184
Cp190	8665	0.6997496567875313
Blimp-1	8661	0.6994266332875717
Lpt	8656	0.6990228539126221
CG1603	8569	0.6919970927885004
gcm	8555	0.6908665105386417
insv	8538	0.6894936606638133
Hr51	8512	0.6873940079140758
bsh	8510	0.687232496164096
CG13894	8484	0.6851328434143584
CG12071	8484	0.6851328434143584
Smox	8447	0.6821448760397318
Su-H	8438	0.6814180731648227
AGO2	8434	0.6810950496648631
M1BP	8430	0.6807720261649035
CG12769	8415	0.6795606880400549
Sox102F	8400	0.6783493499152063
Hmr	8390	0.6775417911653073
NfI	8384	0.6770572559153678
foxo	8361	0.6751998707906001
Deaf1	8336	0.6731809739158524
Jarid2	8330	0.672696438665913
CoRest	8322	0.6720503916659937
Psc	8315	0.6714851005410644
CG45071	8304	0.6705967859161754
ss	8291	0.6695469595413066
Myc	8290	0.6694662036663167
Rel	8275	0.6682548655414682
Eip93F	8271	0.6679318420415086
scrt	8270	0.6678510861665186
CG3919	8261	0.6671242832916094
pb	8246	0.6659129451667609
shn	8246	0.6659129451667609
unpg	8222	0.6639748041670032
zen	8192	0.661552127917306
CrebB	8172	0.6599370104175079
salr	8163	0.6592102075425987
Antp	8150	0.6581603811677299
sug	8148	0.6579988694177501
CG18599	8145	0.6577566017927804
gem	8143	0.6575950900428006
dpn	8133	0.6567875312929016
CG11504	8128	0.6563837519179521
CG13204	8122	0.6558992166680127
caup	8096	0.6537995639182751
CG2678	8092	0.6534765404183154
grau	8087	0.6530727610433659
BEAF-32	8074	0.6520229346684971
CG15269	8052	0.6502463054187192
fkh	8018	0.6475006056690624
Mad	7998	0.6458854881692643
CG7987	7990	0.6452394411693451
PHDP	7977	0.6441896147944763
trr	7976	0.6441088589194864
Eip74EF	7968	0.6434628119195671
cg	7965	0.6432205442945974
eve	7959	0.642736009044658
CG15514	7958	0.6426552531696681
OdsH	7953	0.6422514737947186
Nf-YC	7949	0.641928450294759
CG13296	7934	0.6407171121699103
Hr78	7933	0.6406363562949204
oc	7932	0.6405556004199305
CG1233	7922	0.6397480416700315
br	7887	0.6369215860453848
gro	7886	0.636840830170395
wek	7883	0.6365985625454251
exex	7867	0.6353064685455867
CG7839	7865	0.6351449567956069
CG10543	7862	0.6349026891706372
dmrt99B	7862	0.6349026891706372
grh	7853	0.634175886295728
rgr	7846	0.6336105951707987
CG6813	7841	0.6332068157958491
dsx	7830	0.6323185011709602
cic	7830	0.6323185011709602
B-H2	7816	0.6311879189211015
Nf-YB	7815	0.6311071630461116
Orc2	7793	0.6293305337963336
vri	7788	0.6289267544213841
D	7772	0.6276346604215457
lilli	7772	0.6276346604215457
D19A	7771	0.6275539045465558
net	7766	0.6271501251716063
woc	7761	0.6267463457966567
CG12219	7758	0.626504078171687
CG2712	7753	0.6261002987967375
Max	7750	0.6258580311717677
Coop	7749	0.6257772752967778
Fer1	7745	0.6254542517968182
cyc	7745	0.6254542517968182
CG8159	7738	0.6248889606718889
CG17568	7714	0.6229508196721312
nerfin-1	7703	0.6220625050472421
Meics	7691	0.6210934345473633
Dref	7674	0.6197205846725349
HmgZ	7673	0.619639828797545
CG34376	7671	0.6194783170475652
CG12391	7670	0.6193975611725753
MTF-1	7661	0.6186707582976662
gsb-n	7659	0.6185092465476864
CG31365	7654	0.6181054671727368
CG17359	7653	0.6180247112977469
Sin3A	7653	0.6180247112977469
ADD1	7652	0.617943955422757
sqz	7649	0.6177016877977873
nom	7638	0.6168133731728983
achi	7637	0.6167326172979084
CG17385	7633	0.6164095937979488
Ubx	7626	0.6158443026730195
CG8924	7618	0.6151982556731003
HmgD	7611	0.6146329645481708
CG14710	7602	0.6139061616732617
phol	7592	0.6130986029233627
E-spl-m8-HLH	7585	0.6125333117984333
nmo	7581	0.6122102882984737
CG18262	7574	0.6116449971735444
Eip78C	7573	0.6115642412985545
cwo	7570	0.6113219736735848
Pif1A	7570	0.6113219736735848
CG3281	7568	0.611160461923605
ATbp	7562	0.6106759266736655
CG2120	7559	0.6104336590486958
CG6254	7558	0.6103529031737059
Xbp1	7557	0.6102721472987159
lms	7555	0.6101106355487361
HHEX	7551	0.6097876120487765
esn	7544	0.6092223209238472
Zif	7543	0.6091415650488573
fd64A	7539	0.6088185415488977
schlank	7535	0.6084955180489381
CG34367	7524	0.6076072034240491
salm	7523	0.6075264475490592
run	7522	0.6074456916740693
E-bx	7515	0.6068804005491399
CG16779	7513	0.6067188887991601
Eip75B	7509	0.6063958652992005
pros	7508	0.6063151094242106
CG10431	7507	0.6062343535492207
tap	7504	0.605992085924251
CG8301	7503	0.6059113300492611
sage	7499	0.6055883065493015
Ets96B	7496	0.6053460389243317
Met	7488	0.6046999919244125
gl	7485	0.6044577242994428
Fer3	7477	0.6038116772995236
odd	7461	0.602519583299685
CG6276	7454	0.6019542921747557
Sp1	7449	0.6015505127998062
stwl	7446	0.6013082451748365
CG15710	7440	0.6008237099248971
CG10669	7439	0.6007429540499072
grn	7437	0.6005814422999273
Pif1B	7431	0.6000969070499879
BtbVII	7429	0.5999353953000081
Pfk	7422	0.5993701041750787
ey	7422	0.5993701041750787
Sox14	7416	0.5988855689251393
SREBP	7412	0.5985625454251797
CG8388	7412	0.5985625454251797
CBP	7405	0.5979972543002503
CG7368	7399	0.5975127190503109
CG15601	7388	0.596624404425422
zf30C	7386	0.5964628926754422
mof	7385	0.5963821368004523
chif	7381	0.5960591133004927
pdm3	7375	0.5955745780505531
CG32006	7365	0.5947670193006541
CG6765	7363	0.5946055075506743
nau	7362	0.5945247516756844
CG4707	7354	0.5938787046757652
CG17829	7347	0.5933134135508358
kay	7347	0.5933134135508358
Vsx1	7341	0.5928288783008964
Su-var-3-7	7334	0.592263587175967
CG10209	7334	0.592263587175967
CG33213	7333	0.5921828313009772
CG18011	7328	0.5917790519260276
CG4424	7323	0.5913752725510781
CG14655	7323	0.5913752725510781
topi	7319	0.5910522490511184
CG2116	7312	0.5904869579261891
CG10147	7308	0.5901639344262295
Snoo	7296	0.5891948639263507
CG3163	7294	0.5890333521763709
vtd	7293	0.588952596301381
Oli	7293	0.588952596301381
Hey	7290	0.5887103286764112
yki	7285	0.5883065493014616
fru	7277	0.5876605023015424
CG7101	7271	0.587175967051603
Vsx2	7266	0.5867721876766535
tin	7264	0.5866106759266737
noc	7263	0.5865299200516838
CG10979	7261	0.586368408301704
brk	7260	0.586287652426714
Asciz	7255	0.5858838730517645
Dp	7251	0.5855608495518049
Hr4	7234	0.5841879996769765
CG12659	7232	0.5840264879269967
CG6808	7230	0.5838649761770168
REPTOR-BP	7224	0.5833804409270774
Rabex-5	7223	0.5832996850520875
lbe	7205	0.5818460793022693
CG3407	7202	0.5816038116772996
CG17806	7191	0.5807154970524105
Kah	7183	0.5800694500524913
CG12299	7178	0.5796656706775418
CG5180	7176	0.579504158927562
HDAC4	7171	0.5791003795526124
acj6	7167	0.5787773560526528
CG17801	7167	0.5787773560526528
CG3032	7160	0.5782120649277235
kni	7152	0.5775660179278043
bab1	7141	0.5766777033029152
CG44002	7131	0.5758701445530162
trem	7121	0.5750625858031172
CG3995	7113	0.574416538803198
Elys	7110	0.5741742711782282
her	7110	0.5741742711782282
Myb	7102	0.573528224178309
crp	7100	0.5733667124283292
ewg	7099	0.5732859565533392
FoxP	7096	0.5730436889283695
CG14711	7093	0.5728014213033998
CG8281	7092	0.5727206654284099
Stat92E	7085	0.5721553743034806
CG33017	7075	0.5713478155535815
TfIIB	7074	0.5712670596785916
lz	7064	0.5704595009286926
BuGZ	7064	0.5704595009286926
CG8089	7057	0.5698942098037633
Dek	7036	0.5681983364289752
D1	7034	0.5680368246789954
CG9727	7020	0.5669062424291367
trx	7013	0.5663409513042074
pad	7012	0.5662601954292175
spab	7011	0.5661794395542276
CG1529	7009	0.5660179278042478
tj	6999	0.5652103690543487
Lhr	6998	0.5651296131793588
ZnT49B	6995	0.5648873455543891
CrebA	6983	0.5639182750545102
Hr39	6969	0.5627876928046516
l-3-neo38	6964	0.5623839134297021
jumu	6960	0.5620608899297423
CG10631	6953	0.561495598804813
CG12768	6944	0.5607687959299039
CG15011	6943	0.560688040054914
Hsp83	6942	0.5606072841799241
bigmax	6935	0.5600419930549948
nej	6934	0.5599612371800049
Ets97D	6931	0.5597189695550351
CG4328	6915	0.5584268755551967
CG8944	6901	0.5572962933053379
Hsf	6898	0.5570540256803682
HDAC1	6879	0.5555196640555601
ftz-f1	6877	0.5553581523055803
Mnt	6875	0.5551966405556005
CG6683	6862	0.5541468141807316
CG30403	6861	0.5540660583057417
Hnf4	6860	0.5539853024307518
CG13775	6857	0.5537430348057821
MESR4	6855	0.5535815230558023
CG9948	6846	0.5528547201808932
Plzf	6836	0.5520471614309941
CG10274	6825	0.5511588468061052
hng1	6821	0.5508358233061456
Hmx	6818	0.5505935556811759
CG33557	6808	0.5497859969312767
ind	6799	0.5490591940563676
CG9876	6799	0.5490591940563676
CG11723	6798	0.5489784381813777
Bdp1	6798	0.5489784381813777
CG2875	6792	0.5484939029314383
mam	6790	0.5483323911814585
CG7556	6782	0.5476863441815392
Sox100B	6782	0.5476863441815392
CG1647	6778	0.5473633206815796
dac	6775	0.5471210530566099
az2	6771	0.5467980295566502
sens	6765	0.5463134943067108
CG30020	6763	0.546151982556731
YL-1	6758	0.5457482031817815
CG17186	6750	0.5451021561818622
ems	6736	0.5439715739320036
dl	6735	0.5438908180570137
CG31627	6732	0.543648550432044
side	6729	0.5434062828070743
Ssrp	6729	0.5434062828070743
tHMG1	6720	0.542679479932165
dmrt11E	6694	0.5405798271824275
corto	6690	0.5402568036824679
CG12155	6688	0.5400952919324881
CG9609	6682	0.5396107566825487
CG43347	6676	0.5391262214326092
CG11617	6666	0.5383186626827101
Mlf	6665	0.5382379068077202
TfIIIC	6664	0.5381571509327303
sc	6652	0.5371880804328515
CHES-1-like	6647	0.536784301057902
E-spl-m3-HLH	6629	0.5353306953080836
l-3-mbt	6626	0.5350884276831139
CG2202	6618	0.5344423806831947
REPTOR	6611	0.5338770895582654
Dlip3	6608	0.5336348219332957
tll	6602	0.5331502866833562
Hand	6589	0.5321004603084875
svp	6584	0.531696680933538
E-spl-m5-HLH	6580	0.5313736574335783
CG16863	6574	0.5308891221836388
HLH54F	6541	0.528224178308972
Hr96	6531	0.5274166195590729
Crg-1	6517	0.5262860373092142
hkb	6514	0.5260437696842445
Rsf1	6509	0.525639990309295
D19B	6502	0.5250746991843657
CG18764	6496	0.5245901639344263
CG4617	6492	0.5242671404344666
Su-var-3-9	6491	0.5241863845594767
eyg	6491	0.5241863845594767
Jasper	6480	0.5232980699345877
org-1	6471	0.5225712670596786
CG17802	6466	0.5221674876847291
Mabi	6460	0.5216829524347897
CG9705	6457	0.5214406848098199
CG12104	6447	0.5206331260599208
Clk	6439	0.5199870790600016
fd3F	6435	0.519664055560042
Ets21C	6433	0.5195025438100622
NC2-beta	6425	0.5188564968101429
CG15696	6423	0.5186949850601631
Mes4	6403	0.5170798675603651
Camta	6401	0.5169183558103853
CG32264	6392	0.516191552935476
CG8319	6391	0.5161107970604861
Dad	6386	0.5157070176855366
repo	6376	0.5148994589356376
Su-Tpl	6375	0.5148187030606477
Fer2	6364	0.5139303884357587
hng2	6353	0.5130420738108697
CG7271	6296	0.5084389889364451
chn	6291	0.5080352095614956
msl-1	6285	0.5075506743115562
CG4854	6276	0.506823871436647
Hr83	6260	0.5055317774368085
ouib	6255	0.505127998061859
en	6243	0.5041589275619801
CG7786	6236	0.5035936364370508
ovo	6234	0.503432124687071
CG5245	6232	0.5032706129370912
Jra	6219	0.5022207865622224
Tbp	6214	0.5018170071872728
hth	6210	0.5014939836873132
Elba3	6188	0.49971735443753534
DnaJ-1	6182	0.4992328191875959
fd102C	6167	0.4980214810627473
p53	6162	0.4976177016877978
Chrac-16	6157	0.4972139223128483
pita	6151	0.4967293870629088
toe	6150	0.4966486311879189
NK7-1	6149	0.496567875312929
cnc	6130	0.4950335136881208
ERR	6116	0.49390293143826214
Hr3	6100	0.49261083743842365
CG11398	6082	0.49115723168860537
JIL-1	6081	0.49107647581361547
E-spl-m7-HLH	6052	0.4887345554389082
CG1620	6052	0.4887345554389082
ac	6047	0.48833077606395864
Dif	6038	0.4876039731890495
gfzf	6022	0.48631187918921104
opa	6005	0.4849390293143826
Cap-H2	5997	0.4842929823144634
bab2	5978	0.4827586206896552
fd59A	5957	0.48106274731486715
Su-var-2-10	5930	0.4788823386901397
zfh2	5929	0.4788015828151498
dmrt93B	5924	0.4783978034402003
not	5896	0.4761366389404829
CG18476	5896	0.4761366389404829
tup	5891	0.4757328595655334
Klf15	5884	0.47516756844060404
CG10654	5880	0.47484454494064443
Six4	5874	0.474360009690705
pnt	5835	0.4712105305660987
Sgf11	5828	0.47064523944116937
Elba2	5824	0.4703222159412097
CG4820	5817	0.4697569248162804
CG7745	5811	0.46927238956634093
Nup98-96	5800	0.468384074941452
CG12744	5791	0.46765727206654284
Kr	5779	0.46668820156666396
pum	5770	0.46596139869175485
mio	5770	0.46596139869175485
maf-S	5767	0.4657191310667851
CG1602	5754	0.46466930469191636
disco-r	5740	0.4635387224420577
Atf3	5720	0.46192360494225954
Ets65A	5714	0.4614390696923201
tai	5710	0.4611160461923605
Atf-2	5703	0.46055075506743115
CG10565	5673	0.458128078817734
CG5204	5661	0.4571590083178551
CG12942	5633	0.45489784381813775
sv	5629	0.45457482031817814
slp2	5620	0.453848017443269
msl-3	5609	0.45295970281838005
btn	5592	0.45158685294355166
E-Pc	5586	0.4511023176936122
dsf	5579	0.4505370265686829
CG4282	5534	0.44690301219413714
Chro	5518	0.44561091819429866
jing	5514	0.445287894694339
fu2	5512	0.4451263829443592
Su-z-12	5506	0.4446418476944198
cad	5505	0.4445610918194299
fd96Cb	5492	0.4435112654445611
CG3838	5491	0.4434305095695712
Su-var-2-HP2	5485	0.44294597431963173
CG1792	5470	0.44173463619478315
CG12236	5448	0.43995800694500525
upSET	5407	0.4366470160704191
CG3065	5345	0.431640151821045
Sce	5343	0.4314786400710652
Neu2	5322	0.42978276669627713
crc	5294	0.4275216021965598
TFAM	5218	0.42138415569732696
tio	5182	0.4184769441976904
exd	5180	0.4183154324477106
Scr	5177	0.4180731648227409
da	5160	0.4167003149479125
CG13123	5143	0.41532746507308405
tx	5121	0.41355083582330615
Ada2b	5106	0.41233949769845757
Set1	5055	0.40822094807397236
Sox15	5053	0.40805943632399255
CG4318	5048	0.40765565694904304
wds	5032	0.40636356294920456
Ibf1	5004	0.4041023984494872
slou	5003	0.4040216425744973
CG16815	4949	0.3996608253250424
CG30431	4903	0.39594605507550673
gcm2	4896	0.3953807639505774
dre4	4797	0.38738593232657675
Elba1	4776	0.38569005895178876
CG10462	4773	0.385447791326819
CG6654	4748	0.3834288944520714
Br140	4748	0.3834288944520714
ab	4745	0.3831866268271017
emc	4740	0.38278284745215213
GATAd	4640	0.3747072599531616
MRG15	4606	0.3719615602035048
CG11902	4486	0.36227085520471614
so	4484	0.36210934345473633
row	4463	0.36041347007994834
trh	4430	0.3577485262052814
Crtc	4421	0.3570217233303723
luna	4334	0.3499959622062505
CG14965	4318	0.348703868206412
ttk	4244	0.342727933457159
jim	4120	0.3327142049584107
CycG	4033	0.32568844383428897
CG8478	4019	0.3245578615844303
shep	4007	0.3235887910845514
E-var-3-9	3977	0.32116611483485424
cato	3950	0.3189857062101268
Ibf2	3927	0.31712832108535893
Usf	3914	0.3160784947104902
sima	3891	0.31422110958572236
Hr38	3796	0.30654930146168136
Trf2	3704	0.29911976096261
Taf1	3623	0.2925785350884277
Scm	3496	0.28232253896470966
cbt	3272	0.2642332229669708
N	3252	0.26261810546717274
smt3	3233	0.26108374384236455
Cdk9	2985	0.24105628684486796
rhi	2963	0.23927965759509004
velo	2933	0.23685698134539288
CG31388	2885	0.23298069934587742
pan	2825	0.2281353468464831
rib	2749	0.22199790034725025
Spps	2675	0.21602196559799725
Lsd-1	2518	0.20334329322458208
esg	2431	0.1963175321004603
CG15073	2403	0.19405636760074296
lov	2147	0.17338286360332714
aop	2123	0.1714447226035694
Rbf	1994	0.1610272147298716
HIPP1	1893	0.15287087135589114
Etl1	1774	0.14326092223209239
gt	1763	0.1423726076072034
hb	1710	0.13809254623273842
ato	1666	0.13453928773318258
prd	1658	0.13389324073326334
Gug	1658	0.13389324073326334
Ice1	1521	0.12282968585964629
w	1357	0.10958572236130179
glu	1186	0.09577646773802795
mago	1140	0.09206169748849229
Dl	1100	0.08883146248889606
brm	971	0.07841395461519826
msl-3-tap	881	0.07114592586610675
Gal	865	0.06985383186626827
wg	792	0.06395865299200516
barr	759	0.06129370911733829
dwg	738	0.05959783574255027
Dsp1	686	0.055398530243075186
mle	527	0.04255834611968021
Mrtf	332	0.026810950496648632
Zaf1	300	0.024226762496971654
Cdk12	196	0.01582815149802148
kmg	159	0.012840184123394978
kn	94	0.007591052249051118
lmd	32	0.0025841879996769766
BigH1	27	0.002180408624727449
Dp1	24	0.0019381409997577324
